dataset,filename,path,width,height,status
TBX11K,s2629.png,data/raw/TBX11K/imgs/sick/s2629.png,512,512,OK
TBX11K,s3537.png,data/raw/TBX11K/imgs/sick/s3537.png,512,512,OK
TBX11K,s1320.png,data/raw/TBX11K/imgs/sick/s1320.png,512,512,OK
TBX11K,s1446.png,data/raw/TBX11K/imgs/sick/s1446.png,512,512,OK
TBX11K,s0758.png,data/raw/TBX11K/imgs/sick/s0758.png,512,512,OK
TBX11K,s3251.png,data/raw/TBX11K/imgs/sick/s3251.png,512,512,OK
TBX11K,s1452.png,data/raw/TBX11K/imgs/sick/s1452.png,512,512,OK
TBX11K,s3523.png,data/raw/TBX11K/imgs/sick/s3523.png,512,512,OK
TBX11K,s0002.png,data/raw/TBX11K/imgs/sick/s0002.png,512,512,OK
TBX11K,s4264.png,data/raw/TBX11K/imgs/sick/s4264.png,512,512,OK
TBX11K,s2173.png,data/raw/TBX11K/imgs/sick/s2173.png,512,512,OK
TBX11K,s0764.png,data/raw/TBX11K/imgs/sick/s0764.png,512,512,OK
TBX11K,s0770.png,data/raw/TBX11K/imgs/sick/s0770.png,512,512,OK
TBX11K,s4516.png,data/raw/TBX11K/imgs/sick/s4516.png,512,512,OK
TBX11K,s2167.png,data/raw/TBX11K/imgs/sick/s2167.png,512,512,OK
TBX11K,s2601.png,data/raw/TBX11K/imgs/sick/s2601.png,512,512,OK
TBX11K,s4270.png,data/raw/TBX11K/imgs/sick/s4270.png,512,512,OK
TBX11K,s0016.png,data/raw/TBX11K/imgs/sick/s0016.png,512,512,OK
TBX11K,s2832.png,data/raw/TBX11K/imgs/sick/s2832.png,512,512,OK
TBX11K,s3292.png,data/raw/TBX11K/imgs/sick/s3292.png,512,512,OK
TBX11K,s1485.png,data/raw/TBX11K/imgs/sick/s1485.png,512,512,OK
TBX11K,s0943.png,data/raw/TBX11K/imgs/sick/s0943.png,512,512,OK
TBX11K,s1491.png,data/raw/TBX11K/imgs/sick/s1491.png,512,512,OK
TBX11K,s0957.png,data/raw/TBX11K/imgs/sick/s0957.png,512,512,OK
TBX11K,s2198.png,data/raw/TBX11K/imgs/sick/s2198.png,512,512,OK
TBX11K,s3286.png,data/raw/TBX11K/imgs/sick/s3286.png,512,512,OK
TBX11K,s2826.png,data/raw/TBX11K/imgs/sick/s2826.png,512,512,OK
TBX11K,s3053.png,data/raw/TBX11K/imgs/sick/s3053.png,512,512,OK
TBX11K,s1122.png,data/raw/TBX11K/imgs/sick/s1122.png,512,512,OK
TBX11K,s3721.png,data/raw/TBX11K/imgs/sick/s3721.png,512,512,OK
TBX11K,s0228.png,data/raw/TBX11K/imgs/sick/s0228.png,512,512,OK
TBX11K,s1888.png,data/raw/TBX11K/imgs/sick/s1888.png,512,512,OK
TBX11K,s1650.png,data/raw/TBX11K/imgs/sick/s1650.png,512,512,OK
TBX11K,s2359.png,data/raw/TBX11K/imgs/sick/s2359.png,512,512,OK
TBX11K,s4728.png,data/raw/TBX11K/imgs/sick/s4728.png,512,512,OK
TBX11K,s3047.png,data/raw/TBX11K/imgs/sick/s3047.png,512,512,OK
TBX11K,s0566.png,data/raw/TBX11K/imgs/sick/s0566.png,512,512,OK
TBX11K,s1678.png,data/raw/TBX11K/imgs/sick/s1678.png,512,512,OK
TBX11K,s2371.png,data/raw/TBX11K/imgs/sick/s2371.png,512,512,OK
TBX11K,s4066.png,data/raw/TBX11K/imgs/sick/s4066.png,512,512,OK
TBX11K,s2417.png,data/raw/TBX11K/imgs/sick/s2417.png,512,512,OK
TBX11K,s0200.png,data/raw/TBX11K/imgs/sick/s0200.png,512,512,OK
TBX11K,s0214.png,data/raw/TBX11K/imgs/sick/s0214.png,512,512,OK
TBX11K,s4072.png,data/raw/TBX11K/imgs/sick/s4072.png,512,512,OK
TBX11K,s2403.png,data/raw/TBX11K/imgs/sick/s2403.png,512,512,OK
TBX11K,s4714.png,data/raw/TBX11K/imgs/sick/s4714.png,512,512,OK
TBX11K,s0572.png,data/raw/TBX11K/imgs/sick/s0572.png,512,512,OK
TBX11K,s1687.png,data/raw/TBX11K/imgs/sick/s1687.png,512,512,OK
TBX11K,s0599.png,data/raw/TBX11K/imgs/sick/s0599.png,512,512,OK
TBX11K,s3090.png,data/raw/TBX11K/imgs/sick/s3090.png,512,512,OK
TBX11K,s4927.png,data/raw/TBX11K/imgs/sick/s4927.png,512,512,OK
TBX11K,s4099.png,data/raw/TBX11K/imgs/sick/s4099.png,512,512,OK
TBX11K,s4933.png,data/raw/TBX11K/imgs/sick/s4933.png,512,512,OK
TBX11K,s1693.png,data/raw/TBX11K/imgs/sick/s1693.png,512,512,OK
TBX11K,s1863.png,data/raw/TBX11K/imgs/sick/s1863.png,512,512,OK
TBX11K,s3912.png,data/raw/TBX11K/imgs/sick/s3912.png,512,512,OK
TBX11K,s1877.png,data/raw/TBX11K/imgs/sick/s1877.png,512,512,OK
TBX11K,s3127.png,data/raw/TBX11K/imgs/sick/s3127.png,512,512,OK
TBX11K,s4648.png,data/raw/TBX11K/imgs/sick/s4648.png,512,512,OK
TBX11K,s2239.png,data/raw/TBX11K/imgs/sick/s2239.png,512,512,OK
TBX11K,s4890.png,data/raw/TBX11K/imgs/sick/s4890.png,512,512,OK
TBX11K,s1730.png,data/raw/TBX11K/imgs/sick/s1730.png,512,512,OK
TBX11K,s1056.png,data/raw/TBX11K/imgs/sick/s1056.png,512,512,OK
TBX11K,s3899.png,data/raw/TBX11K/imgs/sick/s3899.png,512,512,OK
TBX11K,s3641.png,data/raw/TBX11K/imgs/sick/s3641.png,512,512,OK
TBX11K,s3655.png,data/raw/TBX11K/imgs/sick/s3655.png,512,512,OK
TBX11K,s1042.png,data/raw/TBX11K/imgs/sick/s1042.png,512,512,OK
TBX11K,s1724.png,data/raw/TBX11K/imgs/sick/s1724.png,512,512,OK
TBX11K,s3133.png,data/raw/TBX11K/imgs/sick/s3133.png,512,512,OK
TBX11K,s4884.png,data/raw/TBX11K/imgs/sick/s4884.png,512,512,OK
TBX11K,s0412.png,data/raw/TBX11K/imgs/sick/s0412.png,512,512,OK
TBX11K,s2205.png,data/raw/TBX11K/imgs/sick/s2205.png,512,512,OK
TBX11K,s2563.png,data/raw/TBX11K/imgs/sick/s2563.png,512,512,OK
TBX11K,s4112.png,data/raw/TBX11K/imgs/sick/s4112.png,512,512,OK
TBX11K,s0360.png,data/raw/TBX11K/imgs/sick/s0360.png,512,512,OK
TBX11K,s2577.png,data/raw/TBX11K/imgs/sick/s2577.png,512,512,OK
TBX11K,s4106.png,data/raw/TBX11K/imgs/sick/s4106.png,512,512,OK
TBX11K,s3669.png,data/raw/TBX11K/imgs/sick/s3669.png,512,512,OK
TBX11K,s4660.png,data/raw/TBX11K/imgs/sick/s4660.png,512,512,OK
TBX11K,s2211.png,data/raw/TBX11K/imgs/sick/s2211.png,512,512,OK
TBX11K,s0406.png,data/raw/TBX11K/imgs/sick/s0406.png,512,512,OK
TBX11K,s4853.png,data/raw/TBX11K/imgs/sick/s4853.png,512,512,OK
TBX11K,s3682.png,data/raw/TBX11K/imgs/sick/s3682.png,512,512,OK
TBX11K,s1095.png,data/raw/TBX11K/imgs/sick/s1095.png,512,512,OK
TBX11K,s2588.png,data/raw/TBX11K/imgs/sick/s2588.png,512,512,OK
TBX11K,s4847.png,data/raw/TBX11K/imgs/sick/s4847.png,512,512,OK
TBX11K,s1917.png,data/raw/TBX11K/imgs/sick/s1917.png,512,512,OK
TBX11K,s3872.png,data/raw/TBX11K/imgs/sick/s3872.png,512,512,OK
TBX11K,s1903.png,data/raw/TBX11K/imgs/sick/s1903.png,512,512,OK
TBX11K,s3443.png,data/raw/TBX11K/imgs/sick/s3443.png,512,512,OK
TBX11K,s1254.png,data/raw/TBX11K/imgs/sick/s1254.png,512,512,OK
TBX11K,s1532.png,data/raw/TBX11K/imgs/sick/s1532.png,512,512,OK
TBX11K,s3325.png,data/raw/TBX11K/imgs/sick/s3325.png,512,512,OK
TBX11K,s3331.png,data/raw/TBX11K/imgs/sick/s3331.png,512,512,OK
TBX11K,s1526.png,data/raw/TBX11K/imgs/sick/s1526.png,512,512,OK
TBX11K,s4338.png,data/raw/TBX11K/imgs/sick/s4338.png,512,512,OK
TBX11K,s2991.png,data/raw/TBX11K/imgs/sick/s2991.png,512,512,OK
TBX11K,s2749.png,data/raw/TBX11K/imgs/sick/s2749.png,512,512,OK
TBX11K,s1268.png,data/raw/TBX11K/imgs/sick/s1268.png,512,512,OK
TBX11K,s2761.png,data/raw/TBX11K/imgs/sick/s2761.png,512,512,OK
TBX11K,s2007.png,data/raw/TBX11K/imgs/sick/s2007.png,512,512,OK
TBX11K,s4476.png,data/raw/TBX11K/imgs/sick/s4476.png,512,512,OK
TBX11K,s3319.png,data/raw/TBX11K/imgs/sick/s3319.png,512,512,OK
TBX11K,s0604.png,data/raw/TBX11K/imgs/sick/s0604.png,512,512,OK
TBX11K,s2013.png,data/raw/TBX11K/imgs/sick/s2013.png,512,512,OK
TBX11K,s4462.png,data/raw/TBX11K/imgs/sick/s4462.png,512,512,OK
TBX11K,s2775.png,data/raw/TBX11K/imgs/sick/s2775.png,512,512,OK
TBX11K,s0162.png,data/raw/TBX11K/imgs/sick/s0162.png,512,512,OK
TBX11K,s0189.png,data/raw/TBX11K/imgs/sick/s0189.png,512,512,OK
TBX11K,s1297.png,data/raw/TBX11K/imgs/sick/s1297.png,512,512,OK
TBX11K,s3480.png,data/raw/TBX11K/imgs/sick/s3480.png,512,512,OK
TBX11K,s2946.png,data/raw/TBX11K/imgs/sick/s2946.png,512,512,OK
TBX11K,s4489.png,data/raw/TBX11K/imgs/sick/s4489.png,512,512,OK
TBX11K,s0837.png,data/raw/TBX11K/imgs/sick/s0837.png,512,512,OK
TBX11K,s3494.png,data/raw/TBX11K/imgs/sick/s3494.png,512,512,OK
TBX11K,s2952.png,data/raw/TBX11K/imgs/sick/s2952.png,512,512,OK
TBX11K,s1283.png,data/raw/TBX11K/imgs/sick/s1283.png,512,512,OK
TBX11K,s0822.png,data/raw/TBX11K/imgs/sick/s0822.png,512,512,OK
TBX11K,s1282.png,data/raw/TBX11K/imgs/sick/s1282.png,512,512,OK
TBX11K,s2953.png,data/raw/TBX11K/imgs/sick/s2953.png,512,512,OK
TBX11K,s3495.png,data/raw/TBX11K/imgs/sick/s3495.png,512,512,OK
TBX11K,s2947.png,data/raw/TBX11K/imgs/sick/s2947.png,512,512,OK
TBX11K,s3481.png,data/raw/TBX11K/imgs/sick/s3481.png,512,512,OK
TBX11K,s1296.png,data/raw/TBX11K/imgs/sick/s1296.png,512,512,OK
TBX11K,s0836.png,data/raw/TBX11K/imgs/sick/s0836.png,512,512,OK
TBX11K,s4488.png,data/raw/TBX11K/imgs/sick/s4488.png,512,512,OK
TBX11K,s4463.png,data/raw/TBX11K/imgs/sick/s4463.png,512,512,OK
TBX11K,s2012.png,data/raw/TBX11K/imgs/sick/s2012.png,512,512,OK
TBX11K,s0605.png,data/raw/TBX11K/imgs/sick/s0605.png,512,512,OK
TBX11K,s0163.png,data/raw/TBX11K/imgs/sick/s0163.png,512,512,OK
TBX11K,s2774.png,data/raw/TBX11K/imgs/sick/s2774.png,512,512,OK
TBX11K,s2760.png,data/raw/TBX11K/imgs/sick/s2760.png,512,512,OK
TBX11K,s4311.png,data/raw/TBX11K/imgs/sick/s4311.png,512,512,OK
TBX11K,s0177.png,data/raw/TBX11K/imgs/sick/s0177.png,512,512,OK
TBX11K,s0611.png,data/raw/TBX11K/imgs/sick/s0611.png,512,512,OK
TBX11K,s3318.png,data/raw/TBX11K/imgs/sick/s3318.png,512,512,OK
TBX11K,s2006.png,data/raw/TBX11K/imgs/sick/s2006.png,512,512,OK
TBX11K,s1527.png,data/raw/TBX11K/imgs/sick/s1527.png,512,512,OK
TBX11K,s0639.png,data/raw/TBX11K/imgs/sick/s0639.png,512,512,OK
TBX11K,s3330.png,data/raw/TBX11K/imgs/sick/s3330.png,512,512,OK
TBX11K,s3456.png,data/raw/TBX11K/imgs/sick/s3456.png,512,512,OK
TBX11K,s1241.png,data/raw/TBX11K/imgs/sick/s1241.png,512,512,OK
TBX11K,s1255.png,data/raw/TBX11K/imgs/sick/s1255.png,512,512,OK
TBX11K,s3442.png,data/raw/TBX11K/imgs/sick/s3442.png,512,512,OK
TBX11K,s3324.png,data/raw/TBX11K/imgs/sick/s3324.png,512,512,OK
TBX11K,s1533.png,data/raw/TBX11K/imgs/sick/s1533.png,512,512,OK
TBX11K,s3873.png,data/raw/TBX11K/imgs/sick/s3873.png,512,512,OK
TBX11K,s1916.png,data/raw/TBX11K/imgs/sick/s1916.png,512,512,OK
TBX11K,s3867.png,data/raw/TBX11K/imgs/sick/s3867.png,512,512,OK
TBX11K,s2589.png,data/raw/TBX11K/imgs/sick/s2589.png,512,512,OK
TBX11K,s1080.png,data/raw/TBX11K/imgs/sick/s1080.png,512,512,OK
TBX11K,s4852.png,data/raw/TBX11K/imgs/sick/s4852.png,512,512,OK
TBX11K,s3683.png,data/raw/TBX11K/imgs/sick/s3683.png,512,512,OK
TBX11K,s3668.png,data/raw/TBX11K/imgs/sick/s3668.png,512,512,OK
TBX11K,s2576.png,data/raw/TBX11K/imgs/sick/s2576.png,512,512,OK
TBX11K,s0361.png,data/raw/TBX11K/imgs/sick/s0361.png,512,512,OK
TBX11K,s0407.png,data/raw/TBX11K/imgs/sick/s0407.png,512,512,OK
TBX11K,s1719.png,data/raw/TBX11K/imgs/sick/s1719.png,512,512,OK
TBX11K,s2210.png,data/raw/TBX11K/imgs/sick/s2210.png,512,512,OK
TBX11K,s4661.png,data/raw/TBX11K/imgs/sick/s4661.png,512,512,OK
TBX11K,s2204.png,data/raw/TBX11K/imgs/sick/s2204.png,512,512,OK
TBX11K,s4675.png,data/raw/TBX11K/imgs/sick/s4675.png,512,512,OK
TBX11K,s0413.png,data/raw/TBX11K/imgs/sick/s0413.png,512,512,OK
TBX11K,s0375.png,data/raw/TBX11K/imgs/sick/s0375.png,512,512,OK
TBX11K,s4113.png,data/raw/TBX11K/imgs/sick/s4113.png,512,512,OK
TBX11K,s2562.png,data/raw/TBX11K/imgs/sick/s2562.png,512,512,OK
TBX11K,s1043.png,data/raw/TBX11K/imgs/sick/s1043.png,512,512,OK
TBX11K,s4885.png,data/raw/TBX11K/imgs/sick/s4885.png,512,512,OK
TBX11K,s1725.png,data/raw/TBX11K/imgs/sick/s1725.png,512,512,OK
TBX11K,s1731.png,data/raw/TBX11K/imgs/sick/s1731.png,512,512,OK
TBX11K,s2238.png,data/raw/TBX11K/imgs/sick/s2238.png,512,512,OK
TBX11K,s4649.png,data/raw/TBX11K/imgs/sick/s4649.png,512,512,OK
TBX11K,s3126.png,data/raw/TBX11K/imgs/sick/s3126.png,512,512,OK
TBX11K,s3898.png,data/raw/TBX11K/imgs/sick/s3898.png,512,512,OK
TBX11K,s1057.png,data/raw/TBX11K/imgs/sick/s1057.png,512,512,OK
TBX11K,s1862.png,data/raw/TBX11K/imgs/sick/s1862.png,512,512,OK
TBX11K,s3913.png,data/raw/TBX11K/imgs/sick/s3913.png,512,512,OK
TBX11K,s1692.png,data/raw/TBX11K/imgs/sick/s1692.png,512,512,OK
TBX11K,s4932.png,data/raw/TBX11K/imgs/sick/s4932.png,512,512,OK
TBX11K,s3085.png,data/raw/TBX11K/imgs/sick/s3085.png,512,512,OK
TBX11K,s4926.png,data/raw/TBX11K/imgs/sick/s4926.png,512,512,OK
TBX11K,s0598.png,data/raw/TBX11K/imgs/sick/s0598.png,512,512,OK
TBX11K,s2402.png,data/raw/TBX11K/imgs/sick/s2402.png,512,512,OK
TBX11K,s4073.png,data/raw/TBX11K/imgs/sick/s4073.png,512,512,OK
TBX11K,s0215.png,data/raw/TBX11K/imgs/sick/s0215.png,512,512,OK
TBX11K,s0573.png,data/raw/TBX11K/imgs/sick/s0573.png,512,512,OK
TBX11K,s4715.png,data/raw/TBX11K/imgs/sick/s4715.png,512,512,OK
TBX11K,s2364.png,data/raw/TBX11K/imgs/sick/s2364.png,512,512,OK
TBX11K,s4701.png,data/raw/TBX11K/imgs/sick/s4701.png,512,512,OK
TBX11K,s2370.png,data/raw/TBX11K/imgs/sick/s2370.png,512,512,OK
TBX11K,s1679.png,data/raw/TBX11K/imgs/sick/s1679.png,512,512,OK
TBX11K,s0567.png,data/raw/TBX11K/imgs/sick/s0567.png,512,512,OK
TBX11K,s0201.png,data/raw/TBX11K/imgs/sick/s0201.png,512,512,OK
TBX11K,s2416.png,data/raw/TBX11K/imgs/sick/s2416.png,512,512,OK
TBX11K,s4067.png,data/raw/TBX11K/imgs/sick/s4067.png,512,512,OK
TBX11K,s3046.png,data/raw/TBX11K/imgs/sick/s3046.png,512,512,OK
TBX11K,s4729.png,data/raw/TBX11K/imgs/sick/s4729.png,512,512,OK
TBX11K,s2358.png,data/raw/TBX11K/imgs/sick/s2358.png,512,512,OK
TBX11K,s1645.png,data/raw/TBX11K/imgs/sick/s1645.png,512,512,OK
TBX11K,s3052.png,data/raw/TBX11K/imgs/sick/s3052.png,512,512,OK
TBX11K,s3734.png,data/raw/TBX11K/imgs/sick/s3734.png,512,512,OK
TBX11K,s3287.png,data/raw/TBX11K/imgs/sick/s3287.png,512,512,OK
TBX11K,s1490.png,data/raw/TBX11K/imgs/sick/s1490.png,512,512,OK
TBX11K,s2827.png,data/raw/TBX11K/imgs/sick/s2827.png,512,512,OK
TBX11K,s2833.png,data/raw/TBX11K/imgs/sick/s2833.png,512,512,OK
TBX11K,s0942.png,data/raw/TBX11K/imgs/sick/s0942.png,512,512,OK
TBX11K,s1484.png,data/raw/TBX11K/imgs/sick/s1484.png,512,512,OK
TBX11K,s3293.png,data/raw/TBX11K/imgs/sick/s3293.png,512,512,OK
TBX11K,s2166.png,data/raw/TBX11K/imgs/sick/s2166.png,512,512,OK
TBX11K,s3278.png,data/raw/TBX11K/imgs/sick/s3278.png,512,512,OK
TBX11K,s0771.png,data/raw/TBX11K/imgs/sick/s0771.png,512,512,OK
TBX11K,s1309.png,data/raw/TBX11K/imgs/sick/s1309.png,512,512,OK
TBX11K,s0017.png,data/raw/TBX11K/imgs/sick/s0017.png,512,512,OK
TBX11K,s4271.png,data/raw/TBX11K/imgs/sick/s4271.png,512,512,OK
TBX11K,s2600.png,data/raw/TBX11K/imgs/sick/s2600.png,512,512,OK
TBX11K,s4265.png,data/raw/TBX11K/imgs/sick/s4265.png,512,512,OK
TBX11K,s0003.png,data/raw/TBX11K/imgs/sick/s0003.png,512,512,OK
TBX11K,s0765.png,data/raw/TBX11K/imgs/sick/s0765.png,512,512,OK
TBX11K,s4503.png,data/raw/TBX11K/imgs/sick/s4503.png,512,512,OK
TBX11K,s0995.png,data/raw/TBX11K/imgs/sick/s0995.png,512,512,OK
TBX11K,s1453.png,data/raw/TBX11K/imgs/sick/s1453.png,512,512,OK
TBX11K,s3244.png,data/raw/TBX11K/imgs/sick/s3244.png,512,512,OK
TBX11K,s3522.png,data/raw/TBX11K/imgs/sick/s3522.png,512,512,OK
TBX11K,s1335.png,data/raw/TBX11K/imgs/sick/s1335.png,512,512,OK
TBX11K,s3536.png,data/raw/TBX11K/imgs/sick/s3536.png,512,512,OK
TBX11K,s4259.png,data/raw/TBX11K/imgs/sick/s4259.png,512,512,OK
TBX11K,s2628.png,data/raw/TBX11K/imgs/sick/s2628.png,512,512,OK
TBX11K,s3250.png,data/raw/TBX11K/imgs/sick/s3250.png,512,512,OK
TBX11K,s0759.png,data/raw/TBX11K/imgs/sick/s0759.png,512,512,OK
TBX11K,s0981.png,data/raw/TBX11K/imgs/sick/s0981.png,512,512,OK
TBX11K,s1447.png,data/raw/TBX11K/imgs/sick/s1447.png,512,512,OK
TBX11K,s0029.png,data/raw/TBX11K/imgs/sick/s0029.png,512,512,OK
TBX11K,s1337.png,data/raw/TBX11K/imgs/sick/s1337.png,512,512,OK
TBX11K,s3520.png,data/raw/TBX11K/imgs/sick/s3520.png,512,512,OK
TBX11K,s3246.png,data/raw/TBX11K/imgs/sick/s3246.png,512,512,OK
TBX11K,s4529.png,data/raw/TBX11K/imgs/sick/s4529.png,512,512,OK
TBX11K,s2158.png,data/raw/TBX11K/imgs/sick/s2158.png,512,512,OK
TBX11K,s1451.png,data/raw/TBX11K/imgs/sick/s1451.png,512,512,OK
TBX11K,s1445.png,data/raw/TBX11K/imgs/sick/s1445.png,512,512,OK
TBX11K,s0983.png,data/raw/TBX11K/imgs/sick/s0983.png,512,512,OK
TBX11K,s3252.png,data/raw/TBX11K/imgs/sick/s3252.png,512,512,OK
TBX11K,s3534.png,data/raw/TBX11K/imgs/sick/s3534.png,512,512,OK
TBX11K,s1323.png,data/raw/TBX11K/imgs/sick/s1323.png,512,512,OK
TBX11K,s2602.png,data/raw/TBX11K/imgs/sick/s2602.png,512,512,OK
TBX11K,s4273.png,data/raw/TBX11K/imgs/sick/s4273.png,512,512,OK
TBX11K,s0015.png,data/raw/TBX11K/imgs/sick/s0015.png,512,512,OK
TBX11K,s0773.png,data/raw/TBX11K/imgs/sick/s0773.png,512,512,OK
TBX11K,s4515.png,data/raw/TBX11K/imgs/sick/s4515.png,512,512,OK
TBX11K,s2164.png,data/raw/TBX11K/imgs/sick/s2164.png,512,512,OK
TBX11K,s2170.png,data/raw/TBX11K/imgs/sick/s2170.png,512,512,OK
TBX11K,s0767.png,data/raw/TBX11K/imgs/sick/s0767.png,512,512,OK
TBX11K,s0001.png,data/raw/TBX11K/imgs/sick/s0001.png,512,512,OK
TBX11K,s2616.png,data/raw/TBX11K/imgs/sick/s2616.png,512,512,OK
TBX11K,s4267.png,data/raw/TBX11K/imgs/sick/s4267.png,512,512,OK
TBX11K,s3508.png,data/raw/TBX11K/imgs/sick/s3508.png,512,512,OK
TBX11K,s2825.png,data/raw/TBX11K/imgs/sick/s2825.png,512,512,OK
TBX11K,s1492.png,data/raw/TBX11K/imgs/sick/s1492.png,512,512,OK
TBX11K,s3285.png,data/raw/TBX11K/imgs/sick/s3285.png,512,512,OK
TBX11K,s3291.png,data/raw/TBX11K/imgs/sick/s3291.png,512,512,OK
TBX11K,s0798.png,data/raw/TBX11K/imgs/sick/s0798.png,512,512,OK
TBX11K,s1486.png,data/raw/TBX11K/imgs/sick/s1486.png,512,512,OK
TBX11K,s0940.png,data/raw/TBX11K/imgs/sick/s0940.png,512,512,OK
TBX11K,s2831.png,data/raw/TBX11K/imgs/sick/s2831.png,512,512,OK
TBX11K,s2819.png,data/raw/TBX11K/imgs/sick/s2819.png,512,512,OK
TBX11K,s0968.png,data/raw/TBX11K/imgs/sick/s0968.png,512,512,OK
TBX11K,s1653.png,data/raw/TBX11K/imgs/sick/s1653.png,512,512,OK
TBX11K,s1135.png,data/raw/TBX11K/imgs/sick/s1135.png,512,512,OK
TBX11K,s1121.png,data/raw/TBX11K/imgs/sick/s1121.png,512,512,OK
TBX11K,s3736.png,data/raw/TBX11K/imgs/sick/s3736.png,512,512,OK
TBX11K,s2428.png,data/raw/TBX11K/imgs/sick/s2428.png,512,512,OK
TBX11K,s3050.png,data/raw/TBX11K/imgs/sick/s3050.png,512,512,OK
TBX11K,s0559.png,data/raw/TBX11K/imgs/sick/s0559.png,512,512,OK
TBX11K,s1647.png,data/raw/TBX11K/imgs/sick/s1647.png,512,512,OK
TBX11K,s3078.png,data/raw/TBX11K/imgs/sick/s3078.png,512,512,OK
TBX11K,s1109.png,data/raw/TBX11K/imgs/sick/s1109.png,512,512,OK
TBX11K,s0217.png,data/raw/TBX11K/imgs/sick/s0217.png,512,512,OK
TBX11K,s4071.png,data/raw/TBX11K/imgs/sick/s4071.png,512,512,OK
TBX11K,s2400.png,data/raw/TBX11K/imgs/sick/s2400.png,512,512,OK
TBX11K,s4065.png,data/raw/TBX11K/imgs/sick/s4065.png,512,512,OK
TBX11K,s0203.png,data/raw/TBX11K/imgs/sick/s0203.png,512,512,OK
TBX11K,s0565.png,data/raw/TBX11K/imgs/sick/s0565.png,512,512,OK
TBX11K,s2372.png,data/raw/TBX11K/imgs/sick/s2372.png,512,512,OK
TBX11K,s3087.png,data/raw/TBX11K/imgs/sick/s3087.png,512,512,OK
TBX11K,s2399.png,data/raw/TBX11K/imgs/sick/s2399.png,512,512,OK
TBX11K,s1848.png,data/raw/TBX11K/imgs/sick/s1848.png,512,512,OK
TBX11K,s3939.png,data/raw/TBX11K/imgs/sick/s3939.png,512,512,OK
TBX11K,s3093.png,data/raw/TBX11K/imgs/sick/s3093.png,512,512,OK
TBX11K,s1874.png,data/raw/TBX11K/imgs/sick/s1874.png,512,512,OK
TBX11K,s3911.png,data/raw/TBX11K/imgs/sick/s3911.png,512,512,OK
TBX11K,s1727.png,data/raw/TBX11K/imgs/sick/s1727.png,512,512,OK
TBX11K,s0439.png,data/raw/TBX11K/imgs/sick/s0439.png,512,512,OK
TBX11K,s3130.png,data/raw/TBX11K/imgs/sick/s3130.png,512,512,OK
TBX11K,s4887.png,data/raw/TBX11K/imgs/sick/s4887.png,512,512,OK
TBX11K,s2548.png,data/raw/TBX11K/imgs/sick/s2548.png,512,512,OK
TBX11K,s4139.png,data/raw/TBX11K/imgs/sick/s4139.png,512,512,OK
TBX11K,s3656.png,data/raw/TBX11K/imgs/sick/s3656.png,512,512,OK
TBX11K,s3642.png,data/raw/TBX11K/imgs/sick/s3642.png,512,512,OK
TBX11K,s4663.png,data/raw/TBX11K/imgs/sick/s4663.png,512,512,OK
TBX11K,s2212.png,data/raw/TBX11K/imgs/sick/s2212.png,512,512,OK
TBX11K,s0405.png,data/raw/TBX11K/imgs/sick/s0405.png,512,512,OK
TBX11K,s0363.png,data/raw/TBX11K/imgs/sick/s0363.png,512,512,OK
TBX11K,s4105.png,data/raw/TBX11K/imgs/sick/s4105.png,512,512,OK
TBX11K,s2560.png,data/raw/TBX11K/imgs/sick/s2560.png,512,512,OK
TBX11K,s4111.png,data/raw/TBX11K/imgs/sick/s4111.png,512,512,OK
TBX11K,s1069.png,data/raw/TBX11K/imgs/sick/s1069.png,512,512,OK
TBX11K,s0411.png,data/raw/TBX11K/imgs/sick/s0411.png,512,512,OK
TBX11K,s3118.png,data/raw/TBX11K/imgs/sick/s3118.png,512,512,OK
TBX11K,s2206.png,data/raw/TBX11K/imgs/sick/s2206.png,512,512,OK
TBX11K,s4844.png,data/raw/TBX11K/imgs/sick/s4844.png,512,512,OK
TBX11K,s1082.png,data/raw/TBX11K/imgs/sick/s1082.png,512,512,OK
TBX11K,s3681.png,data/raw/TBX11K/imgs/sick/s3681.png,512,512,OK
TBX11K,s3859.png,data/raw/TBX11K/imgs/sick/s3859.png,512,512,OK
TBX11K,s1096.png,data/raw/TBX11K/imgs/sick/s1096.png,512,512,OK
TBX11K,s1928.png,data/raw/TBX11K/imgs/sick/s1928.png,512,512,OK
TBX11K,s4850.png,data/raw/TBX11K/imgs/sick/s4850.png,512,512,OK
TBX11K,s4688.png,data/raw/TBX11K/imgs/sick/s4688.png,512,512,OK
TBX11K,s1900.png,data/raw/TBX11K/imgs/sick/s1900.png,512,512,OK
TBX11K,s4878.png,data/raw/TBX11K/imgs/sick/s4878.png,512,512,OK
TBX11K,s3871.png,data/raw/TBX11K/imgs/sick/s3871.png,512,512,OK
TBX11K,s3865.png,data/raw/TBX11K/imgs/sick/s3865.png,512,512,OK
TBX11K,s1243.png,data/raw/TBX11K/imgs/sick/s1243.png,512,512,OK
TBX11K,s3454.png,data/raw/TBX11K/imgs/sick/s3454.png,512,512,OK
TBX11K,s2992.png,data/raw/TBX11K/imgs/sick/s2992.png,512,512,OK
TBX11K,s3332.png,data/raw/TBX11K/imgs/sick/s3332.png,512,512,OK
TBX11K,s1525.png,data/raw/TBX11K/imgs/sick/s1525.png,512,512,OK
TBX11K,s1531.png,data/raw/TBX11K/imgs/sick/s1531.png,512,512,OK
TBX11K,s2038.png,data/raw/TBX11K/imgs/sick/s2038.png,512,512,OK
TBX11K,s4449.png,data/raw/TBX11K/imgs/sick/s4449.png,512,512,OK
TBX11K,s3440.png,data/raw/TBX11K/imgs/sick/s3440.png,512,512,OK
TBX11K,s1257.png,data/raw/TBX11K/imgs/sick/s1257.png,512,512,OK
TBX11K,s0149.png,data/raw/TBX11K/imgs/sick/s0149.png,512,512,OK
TBX11K,s3468.png,data/raw/TBX11K/imgs/sick/s3468.png,512,512,OK
TBX11K,s4307.png,data/raw/TBX11K/imgs/sick/s4307.png,512,512,OK
TBX11K,s2776.png,data/raw/TBX11K/imgs/sick/s2776.png,512,512,OK
TBX11K,s0161.png,data/raw/TBX11K/imgs/sick/s0161.png,512,512,OK
TBX11K,s1519.png,data/raw/TBX11K/imgs/sick/s1519.png,512,512,OK
TBX11K,s4461.png,data/raw/TBX11K/imgs/sick/s4461.png,512,512,OK
TBX11K,s2004.png,data/raw/TBX11K/imgs/sick/s2004.png,512,512,OK
TBX11K,s4475.png,data/raw/TBX11K/imgs/sick/s4475.png,512,512,OK
TBX11K,s0175.png,data/raw/TBX11K/imgs/sick/s0175.png,512,512,OK
TBX11K,s4313.png,data/raw/TBX11K/imgs/sick/s4313.png,512,512,OK
TBX11K,s2762.png,data/raw/TBX11K/imgs/sick/s2762.png,512,512,OK
TBX11K,s3497.png,data/raw/TBX11K/imgs/sick/s3497.png,512,512,OK
TBX11K,s2951.png,data/raw/TBX11K/imgs/sick/s2951.png,512,512,OK
TBX11K,s0820.png,data/raw/TBX11K/imgs/sick/s0820.png,512,512,OK
TBX11K,s0834.png,data/raw/TBX11K/imgs/sick/s0834.png,512,512,OK
TBX11K,s1294.png,data/raw/TBX11K/imgs/sick/s1294.png,512,512,OK
TBX11K,s3483.png,data/raw/TBX11K/imgs/sick/s3483.png,512,512,OK
TBX11K,s2945.png,data/raw/TBX11K/imgs/sick/s2945.png,512,512,OK
TBX11K,s0808.png,data/raw/TBX11K/imgs/sick/s0808.png,512,512,OK
TBX11K,s2979.png,data/raw/TBX11K/imgs/sick/s2979.png,512,512,OK
TBX11K,s0809.png,data/raw/TBX11K/imgs/sick/s0809.png,512,512,OK
TBX11K,s2978.png,data/raw/TBX11K/imgs/sick/s2978.png,512,512,OK
TBX11K,s0835.png,data/raw/TBX11K/imgs/sick/s0835.png,512,512,OK
TBX11K,s3482.png,data/raw/TBX11K/imgs/sick/s3482.png,512,512,OK
TBX11K,s1295.png,data/raw/TBX11K/imgs/sick/s1295.png,512,512,OK
TBX11K,s1281.png,data/raw/TBX11K/imgs/sick/s1281.png,512,512,OK
TBX11K,s2950.png,data/raw/TBX11K/imgs/sick/s2950.png,512,512,OK
TBX11K,s2788.png,data/raw/TBX11K/imgs/sick/s2788.png,512,512,OK
TBX11K,s0821.png,data/raw/TBX11K/imgs/sick/s0821.png,512,512,OK
TBX11K,s0612.png,data/raw/TBX11K/imgs/sick/s0612.png,512,512,OK
TBX11K,s4474.png,data/raw/TBX11K/imgs/sick/s4474.png,512,512,OK
TBX11K,s2005.png,data/raw/TBX11K/imgs/sick/s2005.png,512,512,OK
TBX11K,s4312.png,data/raw/TBX11K/imgs/sick/s4312.png,512,512,OK
TBX11K,s0160.png,data/raw/TBX11K/imgs/sick/s0160.png,512,512,OK
TBX11K,s2777.png,data/raw/TBX11K/imgs/sick/s2777.png,512,512,OK
TBX11K,s4306.png,data/raw/TBX11K/imgs/sick/s4306.png,512,512,OK
TBX11K,s2011.png,data/raw/TBX11K/imgs/sick/s2011.png,512,512,OK
TBX11K,s0606.png,data/raw/TBX11K/imgs/sick/s0606.png,512,512,OK
TBX11K,s4448.png,data/raw/TBX11K/imgs/sick/s4448.png,512,512,OK
TBX11K,s2039.png,data/raw/TBX11K/imgs/sick/s2039.png,512,512,OK
TBX11K,s0148.png,data/raw/TBX11K/imgs/sick/s0148.png,512,512,OK
TBX11K,s2987.png,data/raw/TBX11K/imgs/sick/s2987.png,512,512,OK
TBX11K,s2993.png,data/raw/TBX11K/imgs/sick/s2993.png,512,512,OK
TBX11K,s1242.png,data/raw/TBX11K/imgs/sick/s1242.png,512,512,OK
TBX11K,s1524.png,data/raw/TBX11K/imgs/sick/s1524.png,512,512,OK
TBX11K,s3333.png,data/raw/TBX11K/imgs/sick/s3333.png,512,512,OK
TBX11K,s3864.png,data/raw/TBX11K/imgs/sick/s3864.png,512,512,OK
TBX11K,s1915.png,data/raw/TBX11K/imgs/sick/s1915.png,512,512,OK
TBX11K,s4879.png,data/raw/TBX11K/imgs/sick/s4879.png,512,512,OK
TBX11K,s1901.png,data/raw/TBX11K/imgs/sick/s1901.png,512,512,OK
TBX11K,s3870.png,data/raw/TBX11K/imgs/sick/s3870.png,512,512,OK
TBX11K,s1097.png,data/raw/TBX11K/imgs/sick/s1097.png,512,512,OK
TBX11K,s3858.png,data/raw/TBX11K/imgs/sick/s3858.png,512,512,OK
TBX11K,s4689.png,data/raw/TBX11K/imgs/sick/s4689.png,512,512,OK
TBX11K,s4851.png,data/raw/TBX11K/imgs/sick/s4851.png,512,512,OK
TBX11K,s1929.png,data/raw/TBX11K/imgs/sick/s1929.png,512,512,OK
TBX11K,s4845.png,data/raw/TBX11K/imgs/sick/s4845.png,512,512,OK
TBX11K,s3694.png,data/raw/TBX11K/imgs/sick/s3694.png,512,512,OK
TBX11K,s1083.png,data/raw/TBX11K/imgs/sick/s1083.png,512,512,OK
TBX11K,s1068.png,data/raw/TBX11K/imgs/sick/s1068.png,512,512,OK
TBX11K,s0376.png,data/raw/TBX11K/imgs/sick/s0376.png,512,512,OK
TBX11K,s4110.png,data/raw/TBX11K/imgs/sick/s4110.png,512,512,OK
TBX11K,s2561.png,data/raw/TBX11K/imgs/sick/s2561.png,512,512,OK
TBX11K,s2207.png,data/raw/TBX11K/imgs/sick/s2207.png,512,512,OK
TBX11K,s4676.png,data/raw/TBX11K/imgs/sick/s4676.png,512,512,OK
TBX11K,s0410.png,data/raw/TBX11K/imgs/sick/s0410.png,512,512,OK
TBX11K,s0404.png,data/raw/TBX11K/imgs/sick/s0404.png,512,512,OK
TBX11K,s2213.png,data/raw/TBX11K/imgs/sick/s2213.png,512,512,OK
TBX11K,s4104.png,data/raw/TBX11K/imgs/sick/s4104.png,512,512,OK
TBX11K,s2575.png,data/raw/TBX11K/imgs/sick/s2575.png,512,512,OK
TBX11K,s0362.png,data/raw/TBX11K/imgs/sick/s0362.png,512,512,OK
TBX11K,s3643.png,data/raw/TBX11K/imgs/sick/s3643.png,512,512,OK
TBX11K,s1054.png,data/raw/TBX11K/imgs/sick/s1054.png,512,512,OK
TBX11K,s1732.png,data/raw/TBX11K/imgs/sick/s1732.png,512,512,OK
TBX11K,s4892.png,data/raw/TBX11K/imgs/sick/s4892.png,512,512,OK
TBX11K,s3125.png,data/raw/TBX11K/imgs/sick/s3125.png,512,512,OK
TBX11K,s4886.png,data/raw/TBX11K/imgs/sick/s4886.png,512,512,OK
TBX11K,s0438.png,data/raw/TBX11K/imgs/sick/s0438.png,512,512,OK
TBX11K,s1726.png,data/raw/TBX11K/imgs/sick/s1726.png,512,512,OK
TBX11K,s1040.png,data/raw/TBX11K/imgs/sick/s1040.png,512,512,OK
TBX11K,s3657.png,data/raw/TBX11K/imgs/sick/s3657.png,512,512,OK
TBX11K,s4138.png,data/raw/TBX11K/imgs/sick/s4138.png,512,512,OK
TBX11K,s3910.png,data/raw/TBX11K/imgs/sick/s3910.png,512,512,OK
TBX11K,s1861.png,data/raw/TBX11K/imgs/sick/s1861.png,512,512,OK
TBX11K,s4919.png,data/raw/TBX11K/imgs/sick/s4919.png,512,512,OK
TBX11K,s1875.png,data/raw/TBX11K/imgs/sick/s1875.png,512,512,OK
TBX11K,s4925.png,data/raw/TBX11K/imgs/sick/s4925.png,512,512,OK
TBX11K,s1849.png,data/raw/TBX11K/imgs/sick/s1849.png,512,512,OK
TBX11K,s1691.png,data/raw/TBX11K/imgs/sick/s1691.png,512,512,OK
TBX11K,s2398.png,data/raw/TBX11K/imgs/sick/s2398.png,512,512,OK
TBX11K,s4931.png,data/raw/TBX11K/imgs/sick/s4931.png,512,512,OK
TBX11K,s3086.png,data/raw/TBX11K/imgs/sick/s3086.png,512,512,OK
TBX11K,s0202.png,data/raw/TBX11K/imgs/sick/s0202.png,512,512,OK
TBX11K,s2415.png,data/raw/TBX11K/imgs/sick/s2415.png,512,512,OK
TBX11K,s4064.png,data/raw/TBX11K/imgs/sick/s4064.png,512,512,OK
TBX11K,s4702.png,data/raw/TBX11K/imgs/sick/s4702.png,512,512,OK
TBX11K,s2373.png,data/raw/TBX11K/imgs/sick/s2373.png,512,512,OK
TBX11K,s0564.png,data/raw/TBX11K/imgs/sick/s0564.png,512,512,OK
TBX11K,s0570.png,data/raw/TBX11K/imgs/sick/s0570.png,512,512,OK
TBX11K,s3079.png,data/raw/TBX11K/imgs/sick/s3079.png,512,512,OK
TBX11K,s4716.png,data/raw/TBX11K/imgs/sick/s4716.png,512,512,OK
TBX11K,s2367.png,data/raw/TBX11K/imgs/sick/s2367.png,512,512,OK
TBX11K,s2401.png,data/raw/TBX11K/imgs/sick/s2401.png,512,512,OK
TBX11K,s4070.png,data/raw/TBX11K/imgs/sick/s4070.png,512,512,OK
TBX11K,s0216.png,data/raw/TBX11K/imgs/sick/s0216.png,512,512,OK
TBX11K,s1108.png,data/raw/TBX11K/imgs/sick/s1108.png,512,512,OK
TBX11K,s4058.png,data/raw/TBX11K/imgs/sick/s4058.png,512,512,OK
TBX11K,s3737.png,data/raw/TBX11K/imgs/sick/s3737.png,512,512,OK
TBX11K,s1120.png,data/raw/TBX11K/imgs/sick/s1120.png,512,512,OK
TBX11K,s1646.png,data/raw/TBX11K/imgs/sick/s1646.png,512,512,OK
TBX11K,s3051.png,data/raw/TBX11K/imgs/sick/s3051.png,512,512,OK
TBX11K,s3045.png,data/raw/TBX11K/imgs/sick/s3045.png,512,512,OK
TBX11K,s1652.png,data/raw/TBX11K/imgs/sick/s1652.png,512,512,OK
TBX11K,s1134.png,data/raw/TBX11K/imgs/sick/s1134.png,512,512,OK
TBX11K,s3723.png,data/raw/TBX11K/imgs/sick/s3723.png,512,512,OK
TBX11K,s2818.png,data/raw/TBX11K/imgs/sick/s2818.png,512,512,OK
TBX11K,s0969.png,data/raw/TBX11K/imgs/sick/s0969.png,512,512,OK
TBX11K,s0799.png,data/raw/TBX11K/imgs/sick/s0799.png,512,512,OK
TBX11K,s4299.png,data/raw/TBX11K/imgs/sick/s4299.png,512,512,OK
TBX11K,s2830.png,data/raw/TBX11K/imgs/sick/s2830.png,512,512,OK
TBX11K,s0766.png,data/raw/TBX11K/imgs/sick/s0766.png,512,512,OK
TBX11K,s1478.png,data/raw/TBX11K/imgs/sick/s1478.png,512,512,OK
TBX11K,s2171.png,data/raw/TBX11K/imgs/sick/s2171.png,512,512,OK
TBX11K,s4500.png,data/raw/TBX11K/imgs/sick/s4500.png,512,512,OK
TBX11K,s3509.png,data/raw/TBX11K/imgs/sick/s3509.png,512,512,OK
TBX11K,s2617.png,data/raw/TBX11K/imgs/sick/s2617.png,512,512,OK
TBX11K,s4272.png,data/raw/TBX11K/imgs/sick/s4272.png,512,512,OK
TBX11K,s2603.png,data/raw/TBX11K/imgs/sick/s2603.png,512,512,OK
TBX11K,s4514.png,data/raw/TBX11K/imgs/sick/s4514.png,512,512,OK
TBX11K,s0772.png,data/raw/TBX11K/imgs/sick/s0772.png,512,512,OK
TBX11K,s3253.png,data/raw/TBX11K/imgs/sick/s3253.png,512,512,OK
TBX11K,s0982.png,data/raw/TBX11K/imgs/sick/s0982.png,512,512,OK
TBX11K,s1444.png,data/raw/TBX11K/imgs/sick/s1444.png,512,512,OK
TBX11K,s1322.png,data/raw/TBX11K/imgs/sick/s1322.png,512,512,OK
TBX11K,s3535.png,data/raw/TBX11K/imgs/sick/s3535.png,512,512,OK
TBX11K,s3521.png,data/raw/TBX11K/imgs/sick/s3521.png,512,512,OK
TBX11K,s1336.png,data/raw/TBX11K/imgs/sick/s1336.png,512,512,OK
TBX11K,s0028.png,data/raw/TBX11K/imgs/sick/s0028.png,512,512,OK
TBX11K,s0996.png,data/raw/TBX11K/imgs/sick/s0996.png,512,512,OK
TBX11K,s1450.png,data/raw/TBX11K/imgs/sick/s1450.png,512,512,OK
TBX11K,s2159.png,data/raw/TBX11K/imgs/sick/s2159.png,512,512,OK
TBX11K,s4528.png,data/raw/TBX11K/imgs/sick/s4528.png,512,512,OK
TBX11K,s3247.png,data/raw/TBX11K/imgs/sick/s3247.png,512,512,OK
TBX11K,s2161.png,data/raw/TBX11K/imgs/sick/s2161.png,512,512,OK
TBX11K,s2607.png,data/raw/TBX11K/imgs/sick/s2607.png,512,512,OK
TBX11K,s3519.png,data/raw/TBX11K/imgs/sick/s3519.png,512,512,OK
TBX11K,s4276.png,data/raw/TBX11K/imgs/sick/s4276.png,512,512,OK
TBX11K,s0010.png,data/raw/TBX11K/imgs/sick/s0010.png,512,512,OK
TBX11K,s0004.png,data/raw/TBX11K/imgs/sick/s0004.png,512,512,OK
TBX11K,s2613.png,data/raw/TBX11K/imgs/sick/s2613.png,512,512,OK
TBX11K,s4262.png,data/raw/TBX11K/imgs/sick/s4262.png,512,512,OK
TBX11K,s4504.png,data/raw/TBX11K/imgs/sick/s4504.png,512,512,OK
TBX11K,s2175.png,data/raw/TBX11K/imgs/sick/s2175.png,512,512,OK
TBX11K,s0762.png,data/raw/TBX11K/imgs/sick/s0762.png,512,512,OK
TBX11K,s3243.png,data/raw/TBX11K/imgs/sick/s3243.png,512,512,OK
TBX11K,s1454.png,data/raw/TBX11K/imgs/sick/s1454.png,512,512,OK
TBX11K,s1332.png,data/raw/TBX11K/imgs/sick/s1332.png,512,512,OK
TBX11K,s3525.png,data/raw/TBX11K/imgs/sick/s3525.png,512,512,OK
TBX11K,s1326.png,data/raw/TBX11K/imgs/sick/s1326.png,512,512,OK
TBX11K,s0986.png,data/raw/TBX11K/imgs/sick/s0986.png,512,512,OK
TBX11K,s1440.png,data/raw/TBX11K/imgs/sick/s1440.png,512,512,OK
TBX11K,s4538.png,data/raw/TBX11K/imgs/sick/s4538.png,512,512,OK
TBX11K,s3257.png,data/raw/TBX11K/imgs/sick/s3257.png,512,512,OK
TBX11K,s2149.png,data/raw/TBX11K/imgs/sick/s2149.png,512,512,OK
TBX11K,s2808.png,data/raw/TBX11K/imgs/sick/s2808.png,512,512,OK
TBX11K,s0979.png,data/raw/TBX11K/imgs/sick/s0979.png,512,512,OK
TBX11K,s0789.png,data/raw/TBX11K/imgs/sick/s0789.png,512,512,OK
TBX11K,s0951.png,data/raw/TBX11K/imgs/sick/s0951.png,512,512,OK
TBX11K,s1497.png,data/raw/TBX11K/imgs/sick/s1497.png,512,512,OK
TBX11K,s3280.png,data/raw/TBX11K/imgs/sick/s3280.png,512,512,OK
TBX11K,s2820.png,data/raw/TBX11K/imgs/sick/s2820.png,512,512,OK
TBX11K,s4289.png,data/raw/TBX11K/imgs/sick/s4289.png,512,512,OK
TBX11K,s2834.png,data/raw/TBX11K/imgs/sick/s2834.png,512,512,OK
TBX11K,s3294.png,data/raw/TBX11K/imgs/sick/s3294.png,512,512,OK
TBX11K,s1483.png,data/raw/TBX11K/imgs/sick/s1483.png,512,512,OK
TBX11K,s0212.png,data/raw/TBX11K/imgs/sick/s0212.png,512,512,OK
TBX11K,s4074.png,data/raw/TBX11K/imgs/sick/s4074.png,512,512,OK
TBX11K,s2405.png,data/raw/TBX11K/imgs/sick/s2405.png,512,512,OK
TBX11K,s2363.png,data/raw/TBX11K/imgs/sick/s2363.png,512,512,OK
TBX11K,s4712.png,data/raw/TBX11K/imgs/sick/s4712.png,512,512,OK
TBX11K,s0574.png,data/raw/TBX11K/imgs/sick/s0574.png,512,512,OK
TBX11K,s0560.png,data/raw/TBX11K/imgs/sick/s0560.png,512,512,OK
TBX11K,s2377.png,data/raw/TBX11K/imgs/sick/s2377.png,512,512,OK
TBX11K,s4706.png,data/raw/TBX11K/imgs/sick/s4706.png,512,512,OK
TBX11K,s4060.png,data/raw/TBX11K/imgs/sick/s4060.png,512,512,OK
TBX11K,s2411.png,data/raw/TBX11K/imgs/sick/s2411.png,512,512,OK
TBX11K,s1118.png,data/raw/TBX11K/imgs/sick/s1118.png,512,512,OK
TBX11K,s0206.png,data/raw/TBX11K/imgs/sick/s0206.png,512,512,OK
TBX11K,s3727.png,data/raw/TBX11K/imgs/sick/s3727.png,512,512,OK
TBX11K,s2439.png,data/raw/TBX11K/imgs/sick/s2439.png,512,512,OK
TBX11K,s0548.png,data/raw/TBX11K/imgs/sick/s0548.png,512,512,OK
TBX11K,s1656.png,data/raw/TBX11K/imgs/sick/s1656.png,512,512,OK
TBX11K,s3041.png,data/raw/TBX11K/imgs/sick/s3041.png,512,512,OK
TBX11K,s3055.png,data/raw/TBX11K/imgs/sick/s3055.png,512,512,OK
TBX11K,s1642.png,data/raw/TBX11K/imgs/sick/s1642.png,512,512,OK
TBX11K,s1124.png,data/raw/TBX11K/imgs/sick/s1124.png,512,512,OK
TBX11K,s3733.png,data/raw/TBX11K/imgs/sick/s3733.png,512,512,OK
TBX11K,s3900.png,data/raw/TBX11K/imgs/sick/s3900.png,512,512,OK
TBX11K,s4909.png,data/raw/TBX11K/imgs/sick/s4909.png,512,512,OK
TBX11K,s1865.png,data/raw/TBX11K/imgs/sick/s1865.png,512,512,OK
TBX11K,s3914.png,data/raw/TBX11K/imgs/sick/s3914.png,512,512,OK
TBX11K,s3082.png,data/raw/TBX11K/imgs/sick/s3082.png,512,512,OK
TBX11K,s1695.png,data/raw/TBX11K/imgs/sick/s1695.png,512,512,OK
TBX11K,s1681.png,data/raw/TBX11K/imgs/sick/s1681.png,512,512,OK
TBX11K,s1859.png,data/raw/TBX11K/imgs/sick/s1859.png,512,512,OK
TBX11K,s3096.png,data/raw/TBX11K/imgs/sick/s3096.png,512,512,OK
TBX11K,s4921.png,data/raw/TBX11K/imgs/sick/s4921.png,512,512,OK
TBX11K,s3928.png,data/raw/TBX11K/imgs/sick/s3928.png,512,512,OK
TBX11K,s1078.png,data/raw/TBX11K/imgs/sick/s1078.png,512,512,OK
TBX11K,s2571.png,data/raw/TBX11K/imgs/sick/s2571.png,512,512,OK
TBX11K,s4100.png,data/raw/TBX11K/imgs/sick/s4100.png,512,512,OK
TBX11K,s2217.png,data/raw/TBX11K/imgs/sick/s2217.png,512,512,OK
TBX11K,s4672.png,data/raw/TBX11K/imgs/sick/s4672.png,512,512,OK
TBX11K,s4114.png,data/raw/TBX11K/imgs/sick/s4114.png,512,512,OK
TBX11K,s0372.png,data/raw/TBX11K/imgs/sick/s0372.png,512,512,OK
TBX11K,s3653.png,data/raw/TBX11K/imgs/sick/s3653.png,512,512,OK
TBX11K,s1722.png,data/raw/TBX11K/imgs/sick/s1722.png,512,512,OK
TBX11K,s4882.png,data/raw/TBX11K/imgs/sick/s4882.png,512,512,OK
TBX11K,s3121.png,data/raw/TBX11K/imgs/sick/s3121.png,512,512,OK
TBX11K,s4896.png,data/raw/TBX11K/imgs/sick/s4896.png,512,512,OK
TBX11K,s1736.png,data/raw/TBX11K/imgs/sick/s1736.png,512,512,OK
TBX11K,s0428.png,data/raw/TBX11K/imgs/sick/s0428.png,512,512,OK
TBX11K,s3647.png,data/raw/TBX11K/imgs/sick/s3647.png,512,512,OK
TBX11K,s4128.png,data/raw/TBX11K/imgs/sick/s4128.png,512,512,OK
TBX11K,s3874.png,data/raw/TBX11K/imgs/sick/s3874.png,512,512,OK
TBX11K,s4869.png,data/raw/TBX11K/imgs/sick/s4869.png,512,512,OK
TBX11K,s1911.png,data/raw/TBX11K/imgs/sick/s1911.png,512,512,OK
TBX11K,s3860.png,data/raw/TBX11K/imgs/sick/s3860.png,512,512,OK
TBX11K,s1087.png,data/raw/TBX11K/imgs/sick/s1087.png,512,512,OK
TBX11K,s0399.png,data/raw/TBX11K/imgs/sick/s0399.png,512,512,OK
TBX11K,s3690.png,data/raw/TBX11K/imgs/sick/s3690.png,512,512,OK
TBX11K,s3848.png,data/raw/TBX11K/imgs/sick/s3848.png,512,512,OK
TBX11K,s4841.png,data/raw/TBX11K/imgs/sick/s4841.png,512,512,OK
TBX11K,s1939.png,data/raw/TBX11K/imgs/sick/s1939.png,512,512,OK
TBX11K,s3684.png,data/raw/TBX11K/imgs/sick/s3684.png,512,512,OK
TBX11K,s0602.png,data/raw/TBX11K/imgs/sick/s0602.png,512,512,OK
TBX11K,s4302.png,data/raw/TBX11K/imgs/sick/s4302.png,512,512,OK
TBX11K,s2773.png,data/raw/TBX11K/imgs/sick/s2773.png,512,512,OK
TBX11K,s0164.png,data/raw/TBX11K/imgs/sick/s0164.png,512,512,OK
TBX11K,s0170.png,data/raw/TBX11K/imgs/sick/s0170.png,512,512,OK
TBX11K,s4316.png,data/raw/TBX11K/imgs/sick/s4316.png,512,512,OK
TBX11K,s3479.png,data/raw/TBX11K/imgs/sick/s3479.png,512,512,OK
TBX11K,s2767.png,data/raw/TBX11K/imgs/sick/s2767.png,512,512,OK
TBX11K,s2001.png,data/raw/TBX11K/imgs/sick/s2001.png,512,512,OK
TBX11K,s4470.png,data/raw/TBX11K/imgs/sick/s4470.png,512,512,OK
TBX11K,s0616.png,data/raw/TBX11K/imgs/sick/s0616.png,512,512,OK
TBX11K,s1508.png,data/raw/TBX11K/imgs/sick/s1508.png,512,512,OK
TBX11K,s2029.png,data/raw/TBX11K/imgs/sick/s2029.png,512,512,OK
TBX11K,s3337.png,data/raw/TBX11K/imgs/sick/s3337.png,512,512,OK
TBX11K,s4458.png,data/raw/TBX11K/imgs/sick/s4458.png,512,512,OK
TBX11K,s1246.png,data/raw/TBX11K/imgs/sick/s1246.png,512,512,OK
TBX11K,s2997.png,data/raw/TBX11K/imgs/sick/s2997.png,512,512,OK
TBX11K,s3451.png,data/raw/TBX11K/imgs/sick/s3451.png,512,512,OK
TBX11K,s2983.png,data/raw/TBX11K/imgs/sick/s2983.png,512,512,OK
TBX11K,s3445.png,data/raw/TBX11K/imgs/sick/s3445.png,512,512,OK
TBX11K,s1252.png,data/raw/TBX11K/imgs/sick/s1252.png,512,512,OK
TBX11K,s1534.png,data/raw/TBX11K/imgs/sick/s1534.png,512,512,OK
TBX11K,s3323.png,data/raw/TBX11K/imgs/sick/s3323.png,512,512,OK
TBX11K,s0819.png,data/raw/TBX11K/imgs/sick/s0819.png,512,512,OK
TBX11K,s0825.png,data/raw/TBX11K/imgs/sick/s0825.png,512,512,OK
TBX11K,s2954.png,data/raw/TBX11K/imgs/sick/s2954.png,512,512,OK
TBX11K,s1285.png,data/raw/TBX11K/imgs/sick/s1285.png,512,512,OK
TBX11K,s1291.png,data/raw/TBX11K/imgs/sick/s1291.png,512,512,OK
TBX11K,s2798.png,data/raw/TBX11K/imgs/sick/s2798.png,512,512,OK
TBX11K,s2940.png,data/raw/TBX11K/imgs/sick/s2940.png,512,512,OK
TBX11K,s3486.png,data/raw/TBX11K/imgs/sick/s3486.png,512,512,OK
TBX11K,s0831.png,data/raw/TBX11K/imgs/sick/s0831.png,512,512,OK
TBX11K,s3487.png,data/raw/TBX11K/imgs/sick/s3487.png,512,512,OK
TBX11K,s2941.png,data/raw/TBX11K/imgs/sick/s2941.png,512,512,OK
TBX11K,s1290.png,data/raw/TBX11K/imgs/sick/s1290.png,512,512,OK
TBX11K,s0830.png,data/raw/TBX11K/imgs/sick/s0830.png,512,512,OK
TBX11K,s0824.png,data/raw/TBX11K/imgs/sick/s0824.png,512,512,OK
TBX11K,s3493.png,data/raw/TBX11K/imgs/sick/s3493.png,512,512,OK
TBX11K,s0818.png,data/raw/TBX11K/imgs/sick/s0818.png,512,512,OK
TBX11K,s1253.png,data/raw/TBX11K/imgs/sick/s1253.png,512,512,OK
TBX11K,s3322.png,data/raw/TBX11K/imgs/sick/s3322.png,512,512,OK
TBX11K,s3450.png,data/raw/TBX11K/imgs/sick/s3450.png,512,512,OK
TBX11K,s2996.png,data/raw/TBX11K/imgs/sick/s2996.png,512,512,OK
TBX11K,s0159.png,data/raw/TBX11K/imgs/sick/s0159.png,512,512,OK
TBX11K,s1247.png,data/raw/TBX11K/imgs/sick/s1247.png,512,512,OK
TBX11K,s2766.png,data/raw/TBX11K/imgs/sick/s2766.png,512,512,OK
TBX11K,s3478.png,data/raw/TBX11K/imgs/sick/s3478.png,512,512,OK
TBX11K,s4317.png,data/raw/TBX11K/imgs/sick/s4317.png,512,512,OK
TBX11K,s1509.png,data/raw/TBX11K/imgs/sick/s1509.png,512,512,OK
TBX11K,s0617.png,data/raw/TBX11K/imgs/sick/s0617.png,512,512,OK
TBX11K,s4471.png,data/raw/TBX11K/imgs/sick/s4471.png,512,512,OK
TBX11K,s2000.png,data/raw/TBX11K/imgs/sick/s2000.png,512,512,OK
TBX11K,s4465.png,data/raw/TBX11K/imgs/sick/s4465.png,512,512,OK
TBX11K,s2014.png,data/raw/TBX11K/imgs/sick/s2014.png,512,512,OK
TBX11K,s0603.png,data/raw/TBX11K/imgs/sick/s0603.png,512,512,OK
TBX11K,s0165.png,data/raw/TBX11K/imgs/sick/s0165.png,512,512,OK
TBX11K,s2772.png,data/raw/TBX11K/imgs/sick/s2772.png,512,512,OK
TBX11K,s4854.png,data/raw/TBX11K/imgs/sick/s4854.png,512,512,OK
TBX11K,s1092.png,data/raw/TBX11K/imgs/sick/s1092.png,512,512,OK
TBX11K,s3685.png,data/raw/TBX11K/imgs/sick/s3685.png,512,512,OK
TBX11K,s3691.png,data/raw/TBX11K/imgs/sick/s3691.png,512,512,OK
TBX11K,s0398.png,data/raw/TBX11K/imgs/sick/s0398.png,512,512,OK
TBX11K,s1938.png,data/raw/TBX11K/imgs/sick/s1938.png,512,512,OK
TBX11K,s4698.png,data/raw/TBX11K/imgs/sick/s4698.png,512,512,OK
TBX11K,s4840.png,data/raw/TBX11K/imgs/sick/s4840.png,512,512,OK
TBX11K,s1910.png,data/raw/TBX11K/imgs/sick/s1910.png,512,512,OK
TBX11K,s4868.png,data/raw/TBX11K/imgs/sick/s4868.png,512,512,OK
TBX11K,s3861.png,data/raw/TBX11K/imgs/sick/s3861.png,512,512,OK
TBX11K,s3875.png,data/raw/TBX11K/imgs/sick/s3875.png,512,512,OK
TBX11K,s0429.png,data/raw/TBX11K/imgs/sick/s0429.png,512,512,OK
TBX11K,s1737.png,data/raw/TBX11K/imgs/sick/s1737.png,512,512,OK
TBX11K,s4897.png,data/raw/TBX11K/imgs/sick/s4897.png,512,512,OK
TBX11K,s3120.png,data/raw/TBX11K/imgs/sick/s3120.png,512,512,OK
TBX11K,s3646.png,data/raw/TBX11K/imgs/sick/s3646.png,512,512,OK
TBX11K,s2558.png,data/raw/TBX11K/imgs/sick/s2558.png,512,512,OK
TBX11K,s1051.png,data/raw/TBX11K/imgs/sick/s1051.png,512,512,OK
TBX11K,s1045.png,data/raw/TBX11K/imgs/sick/s1045.png,512,512,OK
TBX11K,s3652.png,data/raw/TBX11K/imgs/sick/s3652.png,512,512,OK
TBX11K,s3134.png,data/raw/TBX11K/imgs/sick/s3134.png,512,512,OK
TBX11K,s1723.png,data/raw/TBX11K/imgs/sick/s1723.png,512,512,OK
TBX11K,s2202.png,data/raw/TBX11K/imgs/sick/s2202.png,512,512,OK
TBX11K,s4673.png,data/raw/TBX11K/imgs/sick/s4673.png,512,512,OK
TBX11K,s0415.png,data/raw/TBX11K/imgs/sick/s0415.png,512,512,OK
TBX11K,s0373.png,data/raw/TBX11K/imgs/sick/s0373.png,512,512,OK
TBX11K,s4115.png,data/raw/TBX11K/imgs/sick/s4115.png,512,512,OK
TBX11K,s2564.png,data/raw/TBX11K/imgs/sick/s2564.png,512,512,OK
TBX11K,s1079.png,data/raw/TBX11K/imgs/sick/s1079.png,512,512,OK
TBX11K,s0367.png,data/raw/TBX11K/imgs/sick/s0367.png,512,512,OK
TBX11K,s0401.png,data/raw/TBX11K/imgs/sick/s0401.png,512,512,OK
TBX11K,s2216.png,data/raw/TBX11K/imgs/sick/s2216.png,512,512,OK
TBX11K,s4667.png,data/raw/TBX11K/imgs/sick/s4667.png,512,512,OK
TBX11K,s2389.png,data/raw/TBX11K/imgs/sick/s2389.png,512,512,OK
TBX11K,s4920.png,data/raw/TBX11K/imgs/sick/s4920.png,512,512,OK
TBX11K,s3097.png,data/raw/TBX11K/imgs/sick/s3097.png,512,512,OK
TBX11K,s1858.png,data/raw/TBX11K/imgs/sick/s1858.png,512,512,OK
TBX11K,s1680.png,data/raw/TBX11K/imgs/sick/s1680.png,512,512,OK
TBX11K,s3929.png,data/raw/TBX11K/imgs/sick/s3929.png,512,512,OK
TBX11K,s1694.png,data/raw/TBX11K/imgs/sick/s1694.png,512,512,OK
TBX11K,s4934.png,data/raw/TBX11K/imgs/sick/s4934.png,512,512,OK
TBX11K,s3083.png,data/raw/TBX11K/imgs/sick/s3083.png,512,512,OK
TBX11K,s1864.png,data/raw/TBX11K/imgs/sick/s1864.png,512,512,OK
TBX11K,s3915.png,data/raw/TBX11K/imgs/sick/s3915.png,512,512,OK
TBX11K,s4908.png,data/raw/TBX11K/imgs/sick/s4908.png,512,512,OK
TBX11K,s1870.png,data/raw/TBX11K/imgs/sick/s1870.png,512,512,OK
TBX11K,s1643.png,data/raw/TBX11K/imgs/sick/s1643.png,512,512,OK
TBX11K,s3054.png,data/raw/TBX11K/imgs/sick/s3054.png,512,512,OK
TBX11K,s3732.png,data/raw/TBX11K/imgs/sick/s3732.png,512,512,OK
TBX11K,s1125.png,data/raw/TBX11K/imgs/sick/s1125.png,512,512,OK
TBX11K,s3726.png,data/raw/TBX11K/imgs/sick/s3726.png,512,512,OK
TBX11K,s4049.png,data/raw/TBX11K/imgs/sick/s4049.png,512,512,OK
TBX11K,s1657.png,data/raw/TBX11K/imgs/sick/s1657.png,512,512,OK
TBX11K,s4707.png,data/raw/TBX11K/imgs/sick/s4707.png,512,512,OK
TBX11K,s0561.png,data/raw/TBX11K/imgs/sick/s0561.png,512,512,OK
TBX11K,s1119.png,data/raw/TBX11K/imgs/sick/s1119.png,512,512,OK
TBX11K,s2410.png,data/raw/TBX11K/imgs/sick/s2410.png,512,512,OK
TBX11K,s2404.png,data/raw/TBX11K/imgs/sick/s2404.png,512,512,OK
TBX11K,s4075.png,data/raw/TBX11K/imgs/sick/s4075.png,512,512,OK
TBX11K,s0213.png,data/raw/TBX11K/imgs/sick/s0213.png,512,512,OK
TBX11K,s4713.png,data/raw/TBX11K/imgs/sick/s4713.png,512,512,OK
TBX11K,s2362.png,data/raw/TBX11K/imgs/sick/s2362.png,512,512,OK
TBX11K,s1482.png,data/raw/TBX11K/imgs/sick/s1482.png,512,512,OK
TBX11K,s0944.png,data/raw/TBX11K/imgs/sick/s0944.png,512,512,OK
TBX11K,s3295.png,data/raw/TBX11K/imgs/sick/s3295.png,512,512,OK
TBX11K,s3281.png,data/raw/TBX11K/imgs/sick/s3281.png,512,512,OK
TBX11K,s1496.png,data/raw/TBX11K/imgs/sick/s1496.png,512,512,OK
TBX11K,s0950.png,data/raw/TBX11K/imgs/sick/s0950.png,512,512,OK
TBX11K,s0788.png,data/raw/TBX11K/imgs/sick/s0788.png,512,512,OK
TBX11K,s4288.png,data/raw/TBX11K/imgs/sick/s4288.png,512,512,OK
TBX11K,s2809.png,data/raw/TBX11K/imgs/sick/s2809.png,512,512,OK
TBX11K,s0978.png,data/raw/TBX11K/imgs/sick/s0978.png,512,512,OK
TBX11K,s1327.png,data/raw/TBX11K/imgs/sick/s1327.png,512,512,OK
TBX11K,s3530.png,data/raw/TBX11K/imgs/sick/s3530.png,512,512,OK
TBX11K,s3256.png,data/raw/TBX11K/imgs/sick/s3256.png,512,512,OK
TBX11K,s4539.png,data/raw/TBX11K/imgs/sick/s4539.png,512,512,OK
TBX11K,s1441.png,data/raw/TBX11K/imgs/sick/s1441.png,512,512,OK
TBX11K,s0987.png,data/raw/TBX11K/imgs/sick/s0987.png,512,512,OK
TBX11K,s3242.png,data/raw/TBX11K/imgs/sick/s3242.png,512,512,OK
TBX11K,s3524.png,data/raw/TBX11K/imgs/sick/s3524.png,512,512,OK
TBX11K,s4263.png,data/raw/TBX11K/imgs/sick/s4263.png,512,512,OK
TBX11K,s2612.png,data/raw/TBX11K/imgs/sick/s2612.png,512,512,OK
TBX11K,s0005.png,data/raw/TBX11K/imgs/sick/s0005.png,512,512,OK
TBX11K,s0763.png,data/raw/TBX11K/imgs/sick/s0763.png,512,512,OK
TBX11K,s4505.png,data/raw/TBX11K/imgs/sick/s4505.png,512,512,OK
TBX11K,s1469.png,data/raw/TBX11K/imgs/sick/s1469.png,512,512,OK
TBX11K,s0011.png,data/raw/TBX11K/imgs/sick/s0011.png,512,512,OK
TBX11K,s4277.png,data/raw/TBX11K/imgs/sick/s4277.png,512,512,OK
TBX11K,s3518.png,data/raw/TBX11K/imgs/sick/s3518.png,512,512,OK
TBX11K,s3268.png,data/raw/TBX11K/imgs/sick/s3268.png,512,512,OK
TBX11K,s0761.png,data/raw/TBX11K/imgs/sick/s0761.png,512,512,OK
TBX11K,s2610.png,data/raw/TBX11K/imgs/sick/s2610.png,512,512,OK
TBX11K,s4275.png,data/raw/TBX11K/imgs/sick/s4275.png,512,512,OK
TBX11K,s0013.png,data/raw/TBX11K/imgs/sick/s0013.png,512,512,OK
TBX11K,s0775.png,data/raw/TBX11K/imgs/sick/s0775.png,512,512,OK
TBX11K,s0985.png,data/raw/TBX11K/imgs/sick/s0985.png,512,512,OK
TBX11K,s1443.png,data/raw/TBX11K/imgs/sick/s1443.png,512,512,OK
TBX11K,s3254.png,data/raw/TBX11K/imgs/sick/s3254.png,512,512,OK
TBX11K,s3532.png,data/raw/TBX11K/imgs/sick/s3532.png,512,512,OK
TBX11K,s2638.png,data/raw/TBX11K/imgs/sick/s2638.png,512,512,OK
TBX11K,s3526.png,data/raw/TBX11K/imgs/sick/s3526.png,512,512,OK
TBX11K,s4249.png,data/raw/TBX11K/imgs/sick/s4249.png,512,512,OK
TBX11K,s3240.png,data/raw/TBX11K/imgs/sick/s3240.png,512,512,OK
TBX11K,s0991.png,data/raw/TBX11K/imgs/sick/s0991.png,512,512,OK
TBX11K,s1457.png,data/raw/TBX11K/imgs/sick/s1457.png,512,512,OK
TBX11K,s0749.png,data/raw/TBX11K/imgs/sick/s0749.png,512,512,OK
TBX11K,s2189.png,data/raw/TBX11K/imgs/sick/s2189.png,512,512,OK
TBX11K,s0952.png,data/raw/TBX11K/imgs/sick/s0952.png,512,512,OK
TBX11K,s1494.png,data/raw/TBX11K/imgs/sick/s1494.png,512,512,OK
TBX11K,s3283.png,data/raw/TBX11K/imgs/sick/s3283.png,512,512,OK
TBX11K,s2412.png,data/raw/TBX11K/imgs/sick/s2412.png,512,512,OK
TBX11K,s0563.png,data/raw/TBX11K/imgs/sick/s0563.png,512,512,OK
TBX11K,s2374.png,data/raw/TBX11K/imgs/sick/s2374.png,512,512,OK
TBX11K,s4705.png,data/raw/TBX11K/imgs/sick/s4705.png,512,512,OK
TBX11K,s2360.png,data/raw/TBX11K/imgs/sick/s2360.png,512,512,OK
TBX11K,s4711.png,data/raw/TBX11K/imgs/sick/s4711.png,512,512,OK
TBX11K,s0577.png,data/raw/TBX11K/imgs/sick/s0577.png,512,512,OK
TBX11K,s4077.png,data/raw/TBX11K/imgs/sick/s4077.png,512,512,OK
TBX11K,s3718.png,data/raw/TBX11K/imgs/sick/s3718.png,512,512,OK
TBX11K,s0239.png,data/raw/TBX11K/imgs/sick/s0239.png,512,512,OK
TBX11K,s3730.png,data/raw/TBX11K/imgs/sick/s3730.png,512,512,OK
TBX11K,s2348.png,data/raw/TBX11K/imgs/sick/s2348.png,512,512,OK
TBX11K,s3056.png,data/raw/TBX11K/imgs/sick/s3056.png,512,512,OK
TBX11K,s4739.png,data/raw/TBX11K/imgs/sick/s4739.png,512,512,OK
TBX11K,s1899.png,data/raw/TBX11K/imgs/sick/s1899.png,512,512,OK
TBX11K,s1641.png,data/raw/TBX11K/imgs/sick/s1641.png,512,512,OK
TBX11K,s3042.png,data/raw/TBX11K/imgs/sick/s3042.png,512,512,OK
TBX11K,s1133.png,data/raw/TBX11K/imgs/sick/s1133.png,512,512,OK
TBX11K,s1866.png,data/raw/TBX11K/imgs/sick/s1866.png,512,512,OK
TBX11K,s1872.png,data/raw/TBX11K/imgs/sick/s1872.png,512,512,OK
TBX11K,s3903.png,data/raw/TBX11K/imgs/sick/s3903.png,512,512,OK
TBX11K,s1682.png,data/raw/TBX11K/imgs/sick/s1682.png,512,512,OK
TBX11K,s3095.png,data/raw/TBX11K/imgs/sick/s3095.png,512,512,OK
TBX11K,s4922.png,data/raw/TBX11K/imgs/sick/s4922.png,512,512,OK
TBX11K,s4936.png,data/raw/TBX11K/imgs/sick/s4936.png,512,512,OK
TBX11K,s1696.png,data/raw/TBX11K/imgs/sick/s1696.png,512,512,OK
TBX11K,s4088.png,data/raw/TBX11K/imgs/sick/s4088.png,512,512,OK
TBX11K,s2566.png,data/raw/TBX11K/imgs/sick/s2566.png,512,512,OK
TBX11K,s3678.png,data/raw/TBX11K/imgs/sick/s3678.png,512,512,OK
TBX11K,s4117.png,data/raw/TBX11K/imgs/sick/s4117.png,512,512,OK
TBX11K,s1709.png,data/raw/TBX11K/imgs/sick/s1709.png,512,512,OK
TBX11K,s0417.png,data/raw/TBX11K/imgs/sick/s0417.png,512,512,OK
TBX11K,s4671.png,data/raw/TBX11K/imgs/sick/s4671.png,512,512,OK
TBX11K,s2200.png,data/raw/TBX11K/imgs/sick/s2200.png,512,512,OK
TBX11K,s4665.png,data/raw/TBX11K/imgs/sick/s4665.png,512,512,OK
TBX11K,s2214.png,data/raw/TBX11K/imgs/sick/s2214.png,512,512,OK
TBX11K,s0403.png,data/raw/TBX11K/imgs/sick/s0403.png,512,512,OK
TBX11K,s2572.png,data/raw/TBX11K/imgs/sick/s2572.png,512,512,OK
TBX11K,s4103.png,data/raw/TBX11K/imgs/sick/s4103.png,512,512,OK
TBX11K,s1053.png,data/raw/TBX11K/imgs/sick/s1053.png,512,512,OK
TBX11K,s3644.png,data/raw/TBX11K/imgs/sick/s3644.png,512,512,OK
TBX11K,s3122.png,data/raw/TBX11K/imgs/sick/s3122.png,512,512,OK
TBX11K,s1735.png,data/raw/TBX11K/imgs/sick/s1735.png,512,512,OK
TBX11K,s1721.png,data/raw/TBX11K/imgs/sick/s1721.png,512,512,OK
TBX11K,s4659.png,data/raw/TBX11K/imgs/sick/s4659.png,512,512,OK
TBX11K,s3136.png,data/raw/TBX11K/imgs/sick/s3136.png,512,512,OK
TBX11K,s2228.png,data/raw/TBX11K/imgs/sick/s2228.png,512,512,OK
TBX11K,s3888.png,data/raw/TBX11K/imgs/sick/s3888.png,512,512,OK
TBX11K,s3650.png,data/raw/TBX11K/imgs/sick/s3650.png,512,512,OK
TBX11K,s0359.png,data/raw/TBX11K/imgs/sick/s0359.png,512,512,OK
TBX11K,s3863.png,data/raw/TBX11K/imgs/sick/s3863.png,512,512,OK
TBX11K,s1912.png,data/raw/TBX11K/imgs/sick/s1912.png,512,512,OK
TBX11K,s3877.png,data/raw/TBX11K/imgs/sick/s3877.png,512,512,OK
TBX11K,s3687.png,data/raw/TBX11K/imgs/sick/s3687.png,512,512,OK
TBX11K,s1090.png,data/raw/TBX11K/imgs/sick/s1090.png,512,512,OK
TBX11K,s4856.png,data/raw/TBX11K/imgs/sick/s4856.png,512,512,OK
TBX11K,s1084.png,data/raw/TBX11K/imgs/sick/s1084.png,512,512,OK
TBX11K,s3693.png,data/raw/TBX11K/imgs/sick/s3693.png,512,512,OK
TBX11K,s2002.png,data/raw/TBX11K/imgs/sick/s2002.png,512,512,OK
TBX11K,s4473.png,data/raw/TBX11K/imgs/sick/s4473.png,512,512,OK
TBX11K,s0173.png,data/raw/TBX11K/imgs/sick/s0173.png,512,512,OK
TBX11K,s4315.png,data/raw/TBX11K/imgs/sick/s4315.png,512,512,OK
TBX11K,s2770.png,data/raw/TBX11K/imgs/sick/s2770.png,512,512,OK
TBX11K,s0167.png,data/raw/TBX11K/imgs/sick/s0167.png,512,512,OK
TBX11K,s2016.png,data/raw/TBX11K/imgs/sick/s2016.png,512,512,OK
TBX11K,s3308.png,data/raw/TBX11K/imgs/sick/s3308.png,512,512,OK
TBX11K,s4467.png,data/raw/TBX11K/imgs/sick/s4467.png,512,512,OK
TBX11K,s0629.png,data/raw/TBX11K/imgs/sick/s0629.png,512,512,OK
TBX11K,s1537.png,data/raw/TBX11K/imgs/sick/s1537.png,512,512,OK
TBX11K,s2980.png,data/raw/TBX11K/imgs/sick/s2980.png,512,512,OK
TBX11K,s3446.png,data/raw/TBX11K/imgs/sick/s3446.png,512,512,OK
TBX11K,s2758.png,data/raw/TBX11K/imgs/sick/s2758.png,512,512,OK
TBX11K,s1251.png,data/raw/TBX11K/imgs/sick/s1251.png,512,512,OK
TBX11K,s1245.png,data/raw/TBX11K/imgs/sick/s1245.png,512,512,OK
TBX11K,s2994.png,data/raw/TBX11K/imgs/sick/s2994.png,512,512,OK
TBX11K,s3452.png,data/raw/TBX11K/imgs/sick/s3452.png,512,512,OK
TBX11K,s3334.png,data/raw/TBX11K/imgs/sick/s3334.png,512,512,OK
TBX11K,s1523.png,data/raw/TBX11K/imgs/sick/s1523.png,512,512,OK
TBX11K,s0832.png,data/raw/TBX11K/imgs/sick/s0832.png,512,512,OK
TBX11K,s3485.png,data/raw/TBX11K/imgs/sick/s3485.png,512,512,OK
TBX11K,s3491.png,data/raw/TBX11K/imgs/sick/s3491.png,512,512,OK
TBX11K,s0198.png,data/raw/TBX11K/imgs/sick/s0198.png,512,512,OK
TBX11K,s1286.png,data/raw/TBX11K/imgs/sick/s1286.png,512,512,OK
TBX11K,s0826.png,data/raw/TBX11K/imgs/sick/s0826.png,512,512,OK
TBX11K,s4498.png,data/raw/TBX11K/imgs/sick/s4498.png,512,512,OK
TBX11K,s1287.png,data/raw/TBX11K/imgs/sick/s1287.png,512,512,OK
TBX11K,s0199.png,data/raw/TBX11K/imgs/sick/s0199.png,512,512,OK
TBX11K,s3490.png,data/raw/TBX11K/imgs/sick/s3490.png,512,512,OK
TBX11K,s2956.png,data/raw/TBX11K/imgs/sick/s2956.png,512,512,OK
TBX11K,s0827.png,data/raw/TBX11K/imgs/sick/s0827.png,512,512,OK
TBX11K,s3484.png,data/raw/TBX11K/imgs/sick/s3484.png,512,512,OK
TBX11K,s2942.png,data/raw/TBX11K/imgs/sick/s2942.png,512,512,OK
TBX11K,s1293.png,data/raw/TBX11K/imgs/sick/s1293.png,512,512,OK
TBX11K,s3453.png,data/raw/TBX11K/imgs/sick/s3453.png,512,512,OK
TBX11K,s1244.png,data/raw/TBX11K/imgs/sick/s1244.png,512,512,OK
TBX11K,s1522.png,data/raw/TBX11K/imgs/sick/s1522.png,512,512,OK
TBX11K,s3335.png,data/raw/TBX11K/imgs/sick/s3335.png,512,512,OK
TBX11K,s3321.png,data/raw/TBX11K/imgs/sick/s3321.png,512,512,OK
TBX11K,s1536.png,data/raw/TBX11K/imgs/sick/s1536.png,512,512,OK
TBX11K,s0628.png,data/raw/TBX11K/imgs/sick/s0628.png,512,512,OK
TBX11K,s1250.png,data/raw/TBX11K/imgs/sick/s1250.png,512,512,OK
TBX11K,s2759.png,data/raw/TBX11K/imgs/sick/s2759.png,512,512,OK
TBX11K,s3447.png,data/raw/TBX11K/imgs/sick/s3447.png,512,512,OK
TBX11K,s2981.png,data/raw/TBX11K/imgs/sick/s2981.png,512,512,OK
TBX11K,s4328.png,data/raw/TBX11K/imgs/sick/s4328.png,512,512,OK
TBX11K,s0166.png,data/raw/TBX11K/imgs/sick/s0166.png,512,512,OK
TBX11K,s1278.png,data/raw/TBX11K/imgs/sick/s1278.png,512,512,OK
TBX11K,s2771.png,data/raw/TBX11K/imgs/sick/s2771.png,512,512,OK
TBX11K,s4300.png,data/raw/TBX11K/imgs/sick/s4300.png,512,512,OK
TBX11K,s4466.png,data/raw/TBX11K/imgs/sick/s4466.png,512,512,OK
TBX11K,s3309.png,data/raw/TBX11K/imgs/sick/s3309.png,512,512,OK
TBX11K,s2017.png,data/raw/TBX11K/imgs/sick/s2017.png,512,512,OK
TBX11K,s0600.png,data/raw/TBX11K/imgs/sick/s0600.png,512,512,OK
TBX11K,s0614.png,data/raw/TBX11K/imgs/sick/s0614.png,512,512,OK
TBX11K,s4472.png,data/raw/TBX11K/imgs/sick/s4472.png,512,512,OK
TBX11K,s2765.png,data/raw/TBX11K/imgs/sick/s2765.png,512,512,OK
TBX11K,s4314.png,data/raw/TBX11K/imgs/sick/s4314.png,512,512,OK
TBX11K,s0172.png,data/raw/TBX11K/imgs/sick/s0172.png,512,512,OK
TBX11K,s4843.png,data/raw/TBX11K/imgs/sick/s4843.png,512,512,OK
TBX11K,s1085.png,data/raw/TBX11K/imgs/sick/s1085.png,512,512,OK
TBX11K,s1091.png,data/raw/TBX11K/imgs/sick/s1091.png,512,512,OK
TBX11K,s3686.png,data/raw/TBX11K/imgs/sick/s3686.png,512,512,OK
TBX11K,s4857.png,data/raw/TBX11K/imgs/sick/s4857.png,512,512,OK
TBX11K,s3862.png,data/raw/TBX11K/imgs/sick/s3862.png,512,512,OK
TBX11K,s1913.png,data/raw/TBX11K/imgs/sick/s1913.png,512,512,OK
TBX11K,s4880.png,data/raw/TBX11K/imgs/sick/s4880.png,512,512,OK
TBX11K,s2229.png,data/raw/TBX11K/imgs/sick/s2229.png,512,512,OK
TBX11K,s3137.png,data/raw/TBX11K/imgs/sick/s3137.png,512,512,OK
TBX11K,s1720.png,data/raw/TBX11K/imgs/sick/s1720.png,512,512,OK
TBX11K,s1046.png,data/raw/TBX11K/imgs/sick/s1046.png,512,512,OK
TBX11K,s0358.png,data/raw/TBX11K/imgs/sick/s0358.png,512,512,OK
TBX11K,s3651.png,data/raw/TBX11K/imgs/sick/s3651.png,512,512,OK
TBX11K,s3889.png,data/raw/TBX11K/imgs/sick/s3889.png,512,512,OK
TBX11K,s3645.png,data/raw/TBX11K/imgs/sick/s3645.png,512,512,OK
TBX11K,s1052.png,data/raw/TBX11K/imgs/sick/s1052.png,512,512,OK
TBX11K,s3123.png,data/raw/TBX11K/imgs/sick/s3123.png,512,512,OK
TBX11K,s4664.png,data/raw/TBX11K/imgs/sick/s4664.png,512,512,OK
TBX11K,s2573.png,data/raw/TBX11K/imgs/sick/s2573.png,512,512,OK
TBX11K,s0364.png,data/raw/TBX11K/imgs/sick/s0364.png,512,512,OK
TBX11K,s0370.png,data/raw/TBX11K/imgs/sick/s0370.png,512,512,OK
TBX11K,s4116.png,data/raw/TBX11K/imgs/sick/s4116.png,512,512,OK
TBX11K,s3679.png,data/raw/TBX11K/imgs/sick/s3679.png,512,512,OK
TBX11K,s2567.png,data/raw/TBX11K/imgs/sick/s2567.png,512,512,OK
TBX11K,s4670.png,data/raw/TBX11K/imgs/sick/s4670.png,512,512,OK
TBX11K,s0416.png,data/raw/TBX11K/imgs/sick/s0416.png,512,512,OK
TBX11K,s1708.png,data/raw/TBX11K/imgs/sick/s1708.png,512,512,OK
TBX11K,s0589.png,data/raw/TBX11K/imgs/sick/s0589.png,512,512,OK
TBX11K,s1697.png,data/raw/TBX11K/imgs/sick/s1697.png,512,512,OK
TBX11K,s4937.png,data/raw/TBX11K/imgs/sick/s4937.png,512,512,OK
TBX11K,s3080.png,data/raw/TBX11K/imgs/sick/s3080.png,512,512,OK
TBX11K,s4089.png,data/raw/TBX11K/imgs/sick/s4089.png,512,512,OK
TBX11K,s4923.png,data/raw/TBX11K/imgs/sick/s4923.png,512,512,OK
TBX11K,s3094.png,data/raw/TBX11K/imgs/sick/s3094.png,512,512,OK
TBX11K,s1683.png,data/raw/TBX11K/imgs/sick/s1683.png,512,512,OK
TBX11K,s1873.png,data/raw/TBX11K/imgs/sick/s1873.png,512,512,OK
TBX11K,s3902.png,data/raw/TBX11K/imgs/sick/s3902.png,512,512,OK
TBX11K,s3916.png,data/raw/TBX11K/imgs/sick/s3916.png,512,512,OK
TBX11K,s1867.png,data/raw/TBX11K/imgs/sick/s1867.png,512,512,OK
TBX11K,s3043.png,data/raw/TBX11K/imgs/sick/s3043.png,512,512,OK
TBX11K,s1654.png,data/raw/TBX11K/imgs/sick/s1654.png,512,512,OK
TBX11K,s1132.png,data/raw/TBX11K/imgs/sick/s1132.png,512,512,OK
TBX11K,s3725.png,data/raw/TBX11K/imgs/sick/s3725.png,512,512,OK
TBX11K,s3731.png,data/raw/TBX11K/imgs/sick/s3731.png,512,512,OK
TBX11K,s0238.png,data/raw/TBX11K/imgs/sick/s0238.png,512,512,OK
TBX11K,s1126.png,data/raw/TBX11K/imgs/sick/s1126.png,512,512,OK
TBX11K,s1640.png,data/raw/TBX11K/imgs/sick/s1640.png,512,512,OK
TBX11K,s1898.png,data/raw/TBX11K/imgs/sick/s1898.png,512,512,OK
TBX11K,s4738.png,data/raw/TBX11K/imgs/sick/s4738.png,512,512,OK
TBX11K,s3057.png,data/raw/TBX11K/imgs/sick/s3057.png,512,512,OK
TBX11K,s2349.png,data/raw/TBX11K/imgs/sick/s2349.png,512,512,OK
TBX11K,s1668.png,data/raw/TBX11K/imgs/sick/s1668.png,512,512,OK
TBX11K,s4710.png,data/raw/TBX11K/imgs/sick/s4710.png,512,512,OK
TBX11K,s2407.png,data/raw/TBX11K/imgs/sick/s2407.png,512,512,OK
TBX11K,s0210.png,data/raw/TBX11K/imgs/sick/s0210.png,512,512,OK
TBX11K,s0204.png,data/raw/TBX11K/imgs/sick/s0204.png,512,512,OK
TBX11K,s2413.png,data/raw/TBX11K/imgs/sick/s2413.png,512,512,OK
TBX11K,s4062.png,data/raw/TBX11K/imgs/sick/s4062.png,512,512,OK
TBX11K,s4704.png,data/raw/TBX11K/imgs/sick/s4704.png,512,512,OK
TBX11K,s2375.png,data/raw/TBX11K/imgs/sick/s2375.png,512,512,OK
TBX11K,s3282.png,data/raw/TBX11K/imgs/sick/s3282.png,512,512,OK
TBX11K,s1495.png,data/raw/TBX11K/imgs/sick/s1495.png,512,512,OK
TBX11K,s0953.png,data/raw/TBX11K/imgs/sick/s0953.png,512,512,OK
TBX11K,s1481.png,data/raw/TBX11K/imgs/sick/s1481.png,512,512,OK
TBX11K,s3296.png,data/raw/TBX11K/imgs/sick/s3296.png,512,512,OK
TBX11K,s2188.png,data/raw/TBX11K/imgs/sick/s2188.png,512,512,OK
TBX11K,s4248.png,data/raw/TBX11K/imgs/sick/s4248.png,512,512,OK
TBX11K,s3527.png,data/raw/TBX11K/imgs/sick/s3527.png,512,512,OK
TBX11K,s2639.png,data/raw/TBX11K/imgs/sick/s2639.png,512,512,OK
TBX11K,s1330.png,data/raw/TBX11K/imgs/sick/s1330.png,512,512,OK
TBX11K,s1456.png,data/raw/TBX11K/imgs/sick/s1456.png,512,512,OK
TBX11K,s0990.png,data/raw/TBX11K/imgs/sick/s0990.png,512,512,OK
TBX11K,s3241.png,data/raw/TBX11K/imgs/sick/s3241.png,512,512,OK
TBX11K,s3255.png,data/raw/TBX11K/imgs/sick/s3255.png,512,512,OK
TBX11K,s1442.png,data/raw/TBX11K/imgs/sick/s1442.png,512,512,OK
TBX11K,s3533.png,data/raw/TBX11K/imgs/sick/s3533.png,512,512,OK
TBX11K,s0012.png,data/raw/TBX11K/imgs/sick/s0012.png,512,512,OK
TBX11K,s4274.png,data/raw/TBX11K/imgs/sick/s4274.png,512,512,OK
TBX11K,s2605.png,data/raw/TBX11K/imgs/sick/s2605.png,512,512,OK
TBX11K,s2163.png,data/raw/TBX11K/imgs/sick/s2163.png,512,512,OK
TBX11K,s0774.png,data/raw/TBX11K/imgs/sick/s0774.png,512,512,OK
TBX11K,s2177.png,data/raw/TBX11K/imgs/sick/s2177.png,512,512,OK
TBX11K,s3269.png,data/raw/TBX11K/imgs/sick/s3269.png,512,512,OK
TBX11K,s4506.png,data/raw/TBX11K/imgs/sick/s4506.png,512,512,OK
TBX11K,s4260.png,data/raw/TBX11K/imgs/sick/s4260.png,512,512,OK
TBX11K,s2611.png,data/raw/TBX11K/imgs/sick/s2611.png,512,512,OK
TBX11K,s1318.png,data/raw/TBX11K/imgs/sick/s1318.png,512,512,OK
TBX11K,s0006.png,data/raw/TBX11K/imgs/sick/s0006.png,512,512,OK
TBX11K,s3232.png,data/raw/TBX11K/imgs/sick/s3232.png,512,512,OK
TBX11K,s1425.png,data/raw/TBX11K/imgs/sick/s1425.png,512,512,OK
TBX11K,s1343.png,data/raw/TBX11K/imgs/sick/s1343.png,512,512,OK
TBX11K,s3554.png,data/raw/TBX11K/imgs/sick/s3554.png,512,512,OK
TBX11K,s2886.png,data/raw/TBX11K/imgs/sick/s2886.png,512,512,OK
TBX11K,s3540.png,data/raw/TBX11K/imgs/sick/s3540.png,512,512,OK
TBX11K,s0049.png,data/raw/TBX11K/imgs/sick/s0049.png,512,512,OK
TBX11K,s1357.png,data/raw/TBX11K/imgs/sick/s1357.png,512,512,OK
TBX11K,s1431.png,data/raw/TBX11K/imgs/sick/s1431.png,512,512,OK
TBX11K,s2138.png,data/raw/TBX11K/imgs/sick/s2138.png,512,512,OK
TBX11K,s0707.png,data/raw/TBX11K/imgs/sick/s0707.png,512,512,OK
TBX11K,s4561.png,data/raw/TBX11K/imgs/sick/s4561.png,512,512,OK
TBX11K,s2110.png,data/raw/TBX11K/imgs/sick/s2110.png,512,512,OK
TBX11K,s4207.png,data/raw/TBX11K/imgs/sick/s4207.png,512,512,OK
TBX11K,s0061.png,data/raw/TBX11K/imgs/sick/s0061.png,512,512,OK
TBX11K,s2662.png,data/raw/TBX11K/imgs/sick/s2662.png,512,512,OK
TBX11K,s4213.png,data/raw/TBX11K/imgs/sick/s4213.png,512,512,OK
TBX11K,s4575.png,data/raw/TBX11K/imgs/sick/s4575.png,512,512,OK
TBX11K,s2104.png,data/raw/TBX11K/imgs/sick/s2104.png,512,512,OK
TBX11K,s0920.png,data/raw/TBX11K/imgs/sick/s0920.png,512,512,OK
TBX11K,s3597.png,data/raw/TBX11K/imgs/sick/s3597.png,512,512,OK
TBX11K,s1380.png,data/raw/TBX11K/imgs/sick/s1380.png,512,512,OK
TBX11K,s1394.png,data/raw/TBX11K/imgs/sick/s1394.png,512,512,OK
TBX11K,s2845.png,data/raw/TBX11K/imgs/sick/s2845.png,512,512,OK
TBX11K,s0934.png,data/raw/TBX11K/imgs/sick/s0934.png,512,512,OK
TBX11K,s2879.png,data/raw/TBX11K/imgs/sick/s2879.png,512,512,OK
TBX11K,s0908.png,data/raw/TBX11K/imgs/sick/s0908.png,512,512,OK
TBX11K,s3756.png,data/raw/TBX11K/imgs/sick/s3756.png,512,512,OK
TBX11K,s4039.png,data/raw/TBX11K/imgs/sick/s4039.png,512,512,OK
TBX11K,s2448.png,data/raw/TBX11K/imgs/sick/s2448.png,512,512,OK
TBX11K,s1141.png,data/raw/TBX11K/imgs/sick/s1141.png,512,512,OK
TBX11K,s0539.png,data/raw/TBX11K/imgs/sick/s0539.png,512,512,OK
TBX11K,s1627.png,data/raw/TBX11K/imgs/sick/s1627.png,512,512,OK
TBX11K,s4987.png,data/raw/TBX11K/imgs/sick/s4987.png,512,512,OK
TBX11K,s4993.png,data/raw/TBX11K/imgs/sick/s4993.png,512,512,OK
TBX11K,s3024.png,data/raw/TBX11K/imgs/sick/s3024.png,512,512,OK
TBX11K,s1633.png,data/raw/TBX11K/imgs/sick/s1633.png,512,512,OK
TBX11K,s1155.png,data/raw/TBX11K/imgs/sick/s1155.png,512,512,OK
TBX11K,s0263.png,data/raw/TBX11K/imgs/sick/s0263.png,512,512,OK
TBX11K,s4005.png,data/raw/TBX11K/imgs/sick/s4005.png,512,512,OK
TBX11K,s2312.png,data/raw/TBX11K/imgs/sick/s2312.png,512,512,OK
TBX11K,s4763.png,data/raw/TBX11K/imgs/sick/s4763.png,512,512,OK
TBX11K,s2306.png,data/raw/TBX11K/imgs/sick/s2306.png,512,512,OK
TBX11K,s4777.png,data/raw/TBX11K/imgs/sick/s4777.png,512,512,OK
TBX11K,s3018.png,data/raw/TBX11K/imgs/sick/s3018.png,512,512,OK
TBX11K,s1169.png,data/raw/TBX11K/imgs/sick/s1169.png,512,512,OK
TBX11K,s1182.png,data/raw/TBX11K/imgs/sick/s1182.png,512,512,OK
TBX11K,s1828.png,data/raw/TBX11K/imgs/sick/s1828.png,512,512,OK
TBX11K,s4788.png,data/raw/TBX11K/imgs/sick/s4788.png,512,512,OK
TBX11K,s4950.png,data/raw/TBX11K/imgs/sick/s4950.png,512,512,OK
TBX11K,s3959.png,data/raw/TBX11K/imgs/sick/s3959.png,512,512,OK
TBX11K,s3781.png,data/raw/TBX11K/imgs/sick/s3781.png,512,512,OK
TBX11K,s0288.png,data/raw/TBX11K/imgs/sick/s0288.png,512,512,OK
TBX11K,s1196.png,data/raw/TBX11K/imgs/sick/s1196.png,512,512,OK
TBX11K,s1800.png,data/raw/TBX11K/imgs/sick/s1800.png,512,512,OK
TBX11K,s1814.png,data/raw/TBX11K/imgs/sick/s1814.png,512,512,OK
TBX11K,s3965.png,data/raw/TBX11K/imgs/sick/s3965.png,512,512,OK
TBX11K,s3622.png,data/raw/TBX11K/imgs/sick/s3622.png,512,512,OK
TBX11K,s1035.png,data/raw/TBX11K/imgs/sick/s1035.png,512,512,OK
TBX11K,s1753.png,data/raw/TBX11K/imgs/sick/s1753.png,512,512,OK
TBX11K,s3144.png,data/raw/TBX11K/imgs/sick/s3144.png,512,512,OK
TBX11K,s3150.png,data/raw/TBX11K/imgs/sick/s3150.png,512,512,OK
TBX11K,s1747.png,data/raw/TBX11K/imgs/sick/s1747.png,512,512,OK
TBX11K,s1021.png,data/raw/TBX11K/imgs/sick/s1021.png,512,512,OK
TBX11K,s2528.png,data/raw/TBX11K/imgs/sick/s2528.png,512,512,OK
TBX11K,s4159.png,data/raw/TBX11K/imgs/sick/s4159.png,512,512,OK
TBX11K,s0317.png,data/raw/TBX11K/imgs/sick/s0317.png,512,512,OK
TBX11K,s1009.png,data/raw/TBX11K/imgs/sick/s1009.png,512,512,OK
TBX11K,s2500.png,data/raw/TBX11K/imgs/sick/s2500.png,512,512,OK
TBX11K,s3178.png,data/raw/TBX11K/imgs/sick/s3178.png,512,512,OK
TBX11K,s4617.png,data/raw/TBX11K/imgs/sick/s4617.png,512,512,OK
TBX11K,s2266.png,data/raw/TBX11K/imgs/sick/s2266.png,512,512,OK
TBX11K,s0471.png,data/raw/TBX11K/imgs/sick/s0471.png,512,512,OK
TBX11K,s0465.png,data/raw/TBX11K/imgs/sick/s0465.png,512,512,OK
TBX11K,s4165.png,data/raw/TBX11K/imgs/sick/s4165.png,512,512,OK
TBX11K,s3839.png,data/raw/TBX11K/imgs/sick/s3839.png,512,512,OK
TBX11K,s4830.png,data/raw/TBX11K/imgs/sick/s4830.png,512,512,OK
TBX11K,s2299.png,data/raw/TBX11K/imgs/sick/s2299.png,512,512,OK
TBX11K,s3187.png,data/raw/TBX11K/imgs/sick/s3187.png,512,512,OK
TBX11K,s1948.png,data/raw/TBX11K/imgs/sick/s1948.png,512,512,OK
TBX11K,s1790.png,data/raw/TBX11K/imgs/sick/s1790.png,512,512,OK
TBX11K,s4824.png,data/raw/TBX11K/imgs/sick/s4824.png,512,512,OK
TBX11K,s3193.png,data/raw/TBX11K/imgs/sick/s3193.png,512,512,OK
TBX11K,s3805.png,data/raw/TBX11K/imgs/sick/s3805.png,512,512,OK
TBX11K,s4818.png,data/raw/TBX11K/imgs/sick/s4818.png,512,512,OK
TBX11K,s1960.png,data/raw/TBX11K/imgs/sick/s1960.png,512,512,OK
TBX11K,s3811.png,data/raw/TBX11K/imgs/sick/s3811.png,512,512,OK
TBX11K,s2058.png,data/raw/TBX11K/imgs/sick/s2058.png,512,512,OK
TBX11K,s3346.png,data/raw/TBX11K/imgs/sick/s3346.png,512,512,OK
TBX11K,s0129.png,data/raw/TBX11K/imgs/sick/s0129.png,512,512,OK
TBX11K,s3420.png,data/raw/TBX11K/imgs/sick/s3420.png,512,512,OK
TBX11K,s1223.png,data/raw/TBX11K/imgs/sick/s1223.png,512,512,OK
TBX11K,s0883.png,data/raw/TBX11K/imgs/sick/s0883.png,512,512,OK
TBX11K,s3352.png,data/raw/TBX11K/imgs/sick/s3352.png,512,512,OK
TBX11K,s0673.png,data/raw/TBX11K/imgs/sick/s0673.png,512,512,OK
TBX11K,s2064.png,data/raw/TBX11K/imgs/sick/s2064.png,512,512,OK
TBX11K,s4415.png,data/raw/TBX11K/imgs/sick/s4415.png,512,512,OK
TBX11K,s2702.png,data/raw/TBX11K/imgs/sick/s2702.png,512,512,OK
TBX11K,s0115.png,data/raw/TBX11K/imgs/sick/s0115.png,512,512,OK
TBX11K,s0101.png,data/raw/TBX11K/imgs/sick/s0101.png,512,512,OK
TBX11K,s3408.png,data/raw/TBX11K/imgs/sick/s3408.png,512,512,OK
TBX11K,s2716.png,data/raw/TBX11K/imgs/sick/s2716.png,512,512,OK
TBX11K,s2070.png,data/raw/TBX11K/imgs/sick/s2070.png,512,512,OK
TBX11K,s4401.png,data/raw/TBX11K/imgs/sick/s4401.png,512,512,OK
TBX11K,s0667.png,data/raw/TBX11K/imgs/sick/s0667.png,512,512,OK
TBX11K,s0854.png,data/raw/TBX11K/imgs/sick/s0854.png,512,512,OK
TBX11K,s1592.png,data/raw/TBX11K/imgs/sick/s1592.png,512,512,OK
TBX11K,s3385.png,data/raw/TBX11K/imgs/sick/s3385.png,512,512,OK
TBX11K,s2931.png,data/raw/TBX11K/imgs/sick/s2931.png,512,512,OK
TBX11K,s0840.png,data/raw/TBX11K/imgs/sick/s0840.png,512,512,OK
TBX11K,s1586.png,data/raw/TBX11K/imgs/sick/s1586.png,512,512,OK
TBX11K,s0698.png,data/raw/TBX11K/imgs/sick/s0698.png,512,512,OK
TBX11K,s0868.png,data/raw/TBX11K/imgs/sick/s0868.png,512,512,OK
TBX11K,s2919.png,data/raw/TBX11K/imgs/sick/s2919.png,512,512,OK
TBX11K,s0869.png,data/raw/TBX11K/imgs/sick/s0869.png,512,512,OK
TBX11K,s2918.png,data/raw/TBX11K/imgs/sick/s2918.png,512,512,OK
TBX11K,s4399.png,data/raw/TBX11K/imgs/sick/s4399.png,512,512,OK
TBX11K,s2930.png,data/raw/TBX11K/imgs/sick/s2930.png,512,512,OK
TBX11K,s0699.png,data/raw/TBX11K/imgs/sick/s0699.png,512,512,OK
TBX11K,s1587.png,data/raw/TBX11K/imgs/sick/s1587.png,512,512,OK
TBX11K,s3390.png,data/raw/TBX11K/imgs/sick/s3390.png,512,512,OK
TBX11K,s3384.png,data/raw/TBX11K/imgs/sick/s3384.png,512,512,OK
TBX11K,s0855.png,data/raw/TBX11K/imgs/sick/s0855.png,512,512,OK
TBX11K,s2924.png,data/raw/TBX11K/imgs/sick/s2924.png,512,512,OK
TBX11K,s2717.png,data/raw/TBX11K/imgs/sick/s2717.png,512,512,OK
TBX11K,s4366.png,data/raw/TBX11K/imgs/sick/s4366.png,512,512,OK
TBX11K,s3409.png,data/raw/TBX11K/imgs/sick/s3409.png,512,512,OK
TBX11K,s0100.png,data/raw/TBX11K/imgs/sick/s0100.png,512,512,OK
TBX11K,s1578.png,data/raw/TBX11K/imgs/sick/s1578.png,512,512,OK
TBX11K,s4400.png,data/raw/TBX11K/imgs/sick/s4400.png,512,512,OK
TBX11K,s4414.png,data/raw/TBX11K/imgs/sick/s4414.png,512,512,OK
TBX11K,s0672.png,data/raw/TBX11K/imgs/sick/s0672.png,512,512,OK
TBX11K,s0114.png,data/raw/TBX11K/imgs/sick/s0114.png,512,512,OK
TBX11K,s1222.png,data/raw/TBX11K/imgs/sick/s1222.png,512,512,OK
TBX11K,s3435.png,data/raw/TBX11K/imgs/sick/s3435.png,512,512,OK
TBX11K,s3353.png,data/raw/TBX11K/imgs/sick/s3353.png,512,512,OK
TBX11K,s0882.png,data/raw/TBX11K/imgs/sick/s0882.png,512,512,OK
TBX11K,s1550.png,data/raw/TBX11K/imgs/sick/s1550.png,512,512,OK
TBX11K,s4428.png,data/raw/TBX11K/imgs/sick/s4428.png,512,512,OK
TBX11K,s2059.png,data/raw/TBX11K/imgs/sick/s2059.png,512,512,OK
TBX11K,s3421.png,data/raw/TBX11K/imgs/sick/s3421.png,512,512,OK
TBX11K,s0128.png,data/raw/TBX11K/imgs/sick/s0128.png,512,512,OK
TBX11K,s1961.png,data/raw/TBX11K/imgs/sick/s1961.png,512,512,OK
TBX11K,s4819.png,data/raw/TBX11K/imgs/sick/s4819.png,512,512,OK
TBX11K,s3810.png,data/raw/TBX11K/imgs/sick/s3810.png,512,512,OK
TBX11K,s3804.png,data/raw/TBX11K/imgs/sick/s3804.png,512,512,OK
TBX11K,s1975.png,data/raw/TBX11K/imgs/sick/s1975.png,512,512,OK
TBX11K,s4825.png,data/raw/TBX11K/imgs/sick/s4825.png,512,512,OK
TBX11K,s1785.png,data/raw/TBX11K/imgs/sick/s1785.png,512,512,OK
TBX11K,s3838.png,data/raw/TBX11K/imgs/sick/s3838.png,512,512,OK
TBX11K,s1791.png,data/raw/TBX11K/imgs/sick/s1791.png,512,512,OK
TBX11K,s3186.png,data/raw/TBX11K/imgs/sick/s3186.png,512,512,OK
TBX11K,s2298.png,data/raw/TBX11K/imgs/sick/s2298.png,512,512,OK
TBX11K,s4831.png,data/raw/TBX11K/imgs/sick/s4831.png,512,512,OK
TBX11K,s2273.png,data/raw/TBX11K/imgs/sick/s2273.png,512,512,OK
TBX11K,s4602.png,data/raw/TBX11K/imgs/sick/s4602.png,512,512,OK
TBX11K,s0464.png,data/raw/TBX11K/imgs/sick/s0464.png,512,512,OK
TBX11K,s0302.png,data/raw/TBX11K/imgs/sick/s0302.png,512,512,OK
TBX11K,s4164.png,data/raw/TBX11K/imgs/sick/s4164.png,512,512,OK
TBX11K,s2515.png,data/raw/TBX11K/imgs/sick/s2515.png,512,512,OK
TBX11K,s2501.png,data/raw/TBX11K/imgs/sick/s2501.png,512,512,OK
TBX11K,s0316.png,data/raw/TBX11K/imgs/sick/s0316.png,512,512,OK
TBX11K,s0470.png,data/raw/TBX11K/imgs/sick/s0470.png,512,512,OK
TBX11K,s2267.png,data/raw/TBX11K/imgs/sick/s2267.png,512,512,OK
TBX11K,s4616.png,data/raw/TBX11K/imgs/sick/s4616.png,512,512,OK
TBX11K,s3179.png,data/raw/TBX11K/imgs/sick/s3179.png,512,512,OK
TBX11K,s1746.png,data/raw/TBX11K/imgs/sick/s1746.png,512,512,OK
TBX11K,s3151.png,data/raw/TBX11K/imgs/sick/s3151.png,512,512,OK
TBX11K,s4158.png,data/raw/TBX11K/imgs/sick/s4158.png,512,512,OK
TBX11K,s2529.png,data/raw/TBX11K/imgs/sick/s2529.png,512,512,OK
TBX11K,s1034.png,data/raw/TBX11K/imgs/sick/s1034.png,512,512,OK
TBX11K,s1752.png,data/raw/TBX11K/imgs/sick/s1752.png,512,512,OK
TBX11K,s1815.png,data/raw/TBX11K/imgs/sick/s1815.png,512,512,OK
TBX11K,s3964.png,data/raw/TBX11K/imgs/sick/s3964.png,512,512,OK
TBX11K,s3970.png,data/raw/TBX11K/imgs/sick/s3970.png,512,512,OK
TBX11K,s4789.png,data/raw/TBX11K/imgs/sick/s4789.png,512,512,OK
TBX11K,s1829.png,data/raw/TBX11K/imgs/sick/s1829.png,512,512,OK
TBX11K,s1197.png,data/raw/TBX11K/imgs/sick/s1197.png,512,512,OK
TBX11K,s0289.png,data/raw/TBX11K/imgs/sick/s0289.png,512,512,OK
TBX11K,s3780.png,data/raw/TBX11K/imgs/sick/s3780.png,512,512,OK
TBX11K,s3958.png,data/raw/TBX11K/imgs/sick/s3958.png,512,512,OK
TBX11K,s3794.png,data/raw/TBX11K/imgs/sick/s3794.png,512,512,OK
TBX11K,s4945.png,data/raw/TBX11K/imgs/sick/s4945.png,512,512,OK
TBX11K,s3019.png,data/raw/TBX11K/imgs/sick/s3019.png,512,512,OK
TBX11K,s4776.png,data/raw/TBX11K/imgs/sick/s4776.png,512,512,OK
TBX11K,s2307.png,data/raw/TBX11K/imgs/sick/s2307.png,512,512,OK
TBX11K,s0510.png,data/raw/TBX11K/imgs/sick/s0510.png,512,512,OK
TBX11K,s0276.png,data/raw/TBX11K/imgs/sick/s0276.png,512,512,OK
TBX11K,s1168.png,data/raw/TBX11K/imgs/sick/s1168.png,512,512,OK
TBX11K,s2461.png,data/raw/TBX11K/imgs/sick/s2461.png,512,512,OK
TBX11K,s4010.png,data/raw/TBX11K/imgs/sick/s4010.png,512,512,OK
TBX11K,s2475.png,data/raw/TBX11K/imgs/sick/s2475.png,512,512,OK
TBX11K,s4004.png,data/raw/TBX11K/imgs/sick/s4004.png,512,512,OK
TBX11K,s0504.png,data/raw/TBX11K/imgs/sick/s0504.png,512,512,OK
TBX11K,s3025.png,data/raw/TBX11K/imgs/sick/s3025.png,512,512,OK
TBX11K,s4992.png,data/raw/TBX11K/imgs/sick/s4992.png,512,512,OK
TBX11K,s3743.png,data/raw/TBX11K/imgs/sick/s3743.png,512,512,OK
TBX11K,s1154.png,data/raw/TBX11K/imgs/sick/s1154.png,512,512,OK
TBX11K,s1140.png,data/raw/TBX11K/imgs/sick/s1140.png,512,512,OK
TBX11K,s2449.png,data/raw/TBX11K/imgs/sick/s2449.png,512,512,OK
TBX11K,s4038.png,data/raw/TBX11K/imgs/sick/s4038.png,512,512,OK
TBX11K,s3757.png,data/raw/TBX11K/imgs/sick/s3757.png,512,512,OK
TBX11K,s3031.png,data/raw/TBX11K/imgs/sick/s3031.png,512,512,OK
TBX11K,s1626.png,data/raw/TBX11K/imgs/sick/s1626.png,512,512,OK
TBX11K,s0538.png,data/raw/TBX11K/imgs/sick/s0538.png,512,512,OK
TBX11K,s2878.png,data/raw/TBX11K/imgs/sick/s2878.png,512,512,OK
TBX11K,s0909.png,data/raw/TBX11K/imgs/sick/s0909.png,512,512,OK
TBX11K,s3582.png,data/raw/TBX11K/imgs/sick/s3582.png,512,512,OK
TBX11K,s2844.png,data/raw/TBX11K/imgs/sick/s2844.png,512,512,OK
TBX11K,s1395.png,data/raw/TBX11K/imgs/sick/s1395.png,512,512,OK
TBX11K,s0935.png,data/raw/TBX11K/imgs/sick/s0935.png,512,512,OK
TBX11K,s1381.png,data/raw/TBX11K/imgs/sick/s1381.png,512,512,OK
TBX11K,s4212.png,data/raw/TBX11K/imgs/sick/s4212.png,512,512,OK
TBX11K,s2663.png,data/raw/TBX11K/imgs/sick/s2663.png,512,512,OK
TBX11K,s0074.png,data/raw/TBX11K/imgs/sick/s0074.png,512,512,OK
TBX11K,s0712.png,data/raw/TBX11K/imgs/sick/s0712.png,512,512,OK
TBX11K,s4574.png,data/raw/TBX11K/imgs/sick/s4574.png,512,512,OK
TBX11K,s2111.png,data/raw/TBX11K/imgs/sick/s2111.png,512,512,OK
TBX11K,s4560.png,data/raw/TBX11K/imgs/sick/s4560.png,512,512,OK
TBX11K,s0060.png,data/raw/TBX11K/imgs/sick/s0060.png,512,512,OK
TBX11K,s3569.png,data/raw/TBX11K/imgs/sick/s3569.png,512,512,OK
TBX11K,s4206.png,data/raw/TBX11K/imgs/sick/s4206.png,512,512,OK
TBX11K,s3541.png,data/raw/TBX11K/imgs/sick/s3541.png,512,512,OK
TBX11K,s2887.png,data/raw/TBX11K/imgs/sick/s2887.png,512,512,OK
TBX11K,s2139.png,data/raw/TBX11K/imgs/sick/s2139.png,512,512,OK
TBX11K,s4548.png,data/raw/TBX11K/imgs/sick/s4548.png,512,512,OK
TBX11K,s3227.png,data/raw/TBX11K/imgs/sick/s3227.png,512,512,OK
TBX11K,s1430.png,data/raw/TBX11K/imgs/sick/s1430.png,512,512,OK
TBX11K,s1424.png,data/raw/TBX11K/imgs/sick/s1424.png,512,512,OK
TBX11K,s3555.png,data/raw/TBX11K/imgs/sick/s3555.png,512,512,OK
TBX11K,s1432.png,data/raw/TBX11K/imgs/sick/s1432.png,512,512,OK
TBX11K,s3225.png,data/raw/TBX11K/imgs/sick/s3225.png,512,512,OK
TBX11K,s2885.png,data/raw/TBX11K/imgs/sick/s2885.png,512,512,OK
TBX11K,s1354.png,data/raw/TBX11K/imgs/sick/s1354.png,512,512,OK
TBX11K,s1340.png,data/raw/TBX11K/imgs/sick/s1340.png,512,512,OK
TBX11K,s2649.png,data/raw/TBX11K/imgs/sick/s2649.png,512,512,OK
TBX11K,s4238.png,data/raw/TBX11K/imgs/sick/s4238.png,512,512,OK
TBX11K,s2891.png,data/raw/TBX11K/imgs/sick/s2891.png,512,512,OK
TBX11K,s3557.png,data/raw/TBX11K/imgs/sick/s3557.png,512,512,OK
TBX11K,s1426.png,data/raw/TBX11K/imgs/sick/s1426.png,512,512,OK
TBX11K,s0738.png,data/raw/TBX11K/imgs/sick/s0738.png,512,512,OK
TBX11K,s4576.png,data/raw/TBX11K/imgs/sick/s4576.png,512,512,OK
TBX11K,s0710.png,data/raw/TBX11K/imgs/sick/s0710.png,512,512,OK
TBX11K,s1368.png,data/raw/TBX11K/imgs/sick/s1368.png,512,512,OK
TBX11K,s2661.png,data/raw/TBX11K/imgs/sick/s2661.png,512,512,OK
TBX11K,s2675.png,data/raw/TBX11K/imgs/sick/s2675.png,512,512,OK
TBX11K,s4204.png,data/raw/TBX11K/imgs/sick/s4204.png,512,512,OK
TBX11K,s0062.png,data/raw/TBX11K/imgs/sick/s0062.png,512,512,OK
TBX11K,s0704.png,data/raw/TBX11K/imgs/sick/s0704.png,512,512,OK
TBX11K,s4562.png,data/raw/TBX11K/imgs/sick/s4562.png,512,512,OK
TBX11K,s4589.png,data/raw/TBX11K/imgs/sick/s4589.png,512,512,OK
TBX11K,s0937.png,data/raw/TBX11K/imgs/sick/s0937.png,512,512,OK
TBX11K,s0089.png,data/raw/TBX11K/imgs/sick/s0089.png,512,512,OK
TBX11K,s2846.png,data/raw/TBX11K/imgs/sick/s2846.png,512,512,OK
TBX11K,s3580.png,data/raw/TBX11K/imgs/sick/s3580.png,512,512,OK
TBX11K,s3594.png,data/raw/TBX11K/imgs/sick/s3594.png,512,512,OK
TBX11K,s1383.png,data/raw/TBX11K/imgs/sick/s1383.png,512,512,OK
TBX11K,s0923.png,data/raw/TBX11K/imgs/sick/s0923.png,512,512,OK
TBX11K,s0248.png,data/raw/TBX11K/imgs/sick/s0248.png,512,512,OK
TBX11K,s3741.png,data/raw/TBX11K/imgs/sick/s3741.png,512,512,OK
TBX11K,s2339.png,data/raw/TBX11K/imgs/sick/s2339.png,512,512,OK
TBX11K,s4990.png,data/raw/TBX11K/imgs/sick/s4990.png,512,512,OK
TBX11K,s4748.png,data/raw/TBX11K/imgs/sick/s4748.png,512,512,OK
TBX11K,s3027.png,data/raw/TBX11K/imgs/sick/s3027.png,512,512,OK
TBX11K,s1630.png,data/raw/TBX11K/imgs/sick/s1630.png,512,512,OK
TBX11K,s1624.png,data/raw/TBX11K/imgs/sick/s1624.png,512,512,OK
TBX11K,s4012.png,data/raw/TBX11K/imgs/sick/s4012.png,512,512,OK
TBX11K,s2463.png,data/raw/TBX11K/imgs/sick/s2463.png,512,512,OK
TBX11K,s0274.png,data/raw/TBX11K/imgs/sick/s0274.png,512,512,OK
TBX11K,s2305.png,data/raw/TBX11K/imgs/sick/s2305.png,512,512,OK
TBX11K,s4774.png,data/raw/TBX11K/imgs/sick/s4774.png,512,512,OK
TBX11K,s2311.png,data/raw/TBX11K/imgs/sick/s2311.png,512,512,OK
TBX11K,s4760.png,data/raw/TBX11K/imgs/sick/s4760.png,512,512,OK
TBX11K,s1618.png,data/raw/TBX11K/imgs/sick/s1618.png,512,512,OK
TBX11K,s2477.png,data/raw/TBX11K/imgs/sick/s2477.png,512,512,OK
TBX11K,s1195.png,data/raw/TBX11K/imgs/sick/s1195.png,512,512,OK
TBX11K,s4953.png,data/raw/TBX11K/imgs/sick/s4953.png,512,512,OK
TBX11K,s4947.png,data/raw/TBX11K/imgs/sick/s4947.png,512,512,OK
TBX11K,s1181.png,data/raw/TBX11K/imgs/sick/s1181.png,512,512,OK
TBX11K,s2488.png,data/raw/TBX11K/imgs/sick/s2488.png,512,512,OK
TBX11K,s3966.png,data/raw/TBX11K/imgs/sick/s3966.png,512,512,OK
TBX11K,s1817.png,data/raw/TBX11K/imgs/sick/s1817.png,512,512,OK
TBX11K,s1803.png,data/raw/TBX11K/imgs/sick/s1803.png,512,512,OK
TBX11K,s3972.png,data/raw/TBX11K/imgs/sick/s3972.png,512,512,OK
TBX11K,s1022.png,data/raw/TBX11K/imgs/sick/s1022.png,512,512,OK
TBX11K,s3635.png,data/raw/TBX11K/imgs/sick/s3635.png,512,512,OK
TBX11K,s3153.png,data/raw/TBX11K/imgs/sick/s3153.png,512,512,OK
TBX11K,s1744.png,data/raw/TBX11K/imgs/sick/s1744.png,512,512,OK
TBX11K,s1750.png,data/raw/TBX11K/imgs/sick/s1750.png,512,512,OK
TBX11K,s1988.png,data/raw/TBX11K/imgs/sick/s1988.png,512,512,OK
TBX11K,s3147.png,data/raw/TBX11K/imgs/sick/s3147.png,512,512,OK
TBX11K,s4628.png,data/raw/TBX11K/imgs/sick/s4628.png,512,512,OK
TBX11K,s0328.png,data/raw/TBX11K/imgs/sick/s0328.png,512,512,OK
TBX11K,s2517.png,data/raw/TBX11K/imgs/sick/s2517.png,512,512,OK
TBX11K,s4166.png,data/raw/TBX11K/imgs/sick/s4166.png,512,512,OK
TBX11K,s1778.png,data/raw/TBX11K/imgs/sick/s1778.png,512,512,OK
TBX11K,s0466.png,data/raw/TBX11K/imgs/sick/s0466.png,512,512,OK
TBX11K,s4614.png,data/raw/TBX11K/imgs/sick/s4614.png,512,512,OK
TBX11K,s2265.png,data/raw/TBX11K/imgs/sick/s2265.png,512,512,OK
TBX11K,s0472.png,data/raw/TBX11K/imgs/sick/s0472.png,512,512,OK
TBX11K,s0314.png,data/raw/TBX11K/imgs/sick/s0314.png,512,512,OK
TBX11K,s4172.png,data/raw/TBX11K/imgs/sick/s4172.png,512,512,OK
TBX11K,s1787.png,data/raw/TBX11K/imgs/sick/s1787.png,512,512,OK
TBX11K,s4827.png,data/raw/TBX11K/imgs/sick/s4827.png,512,512,OK
TBX11K,s3190.png,data/raw/TBX11K/imgs/sick/s3190.png,512,512,OK
TBX11K,s3184.png,data/raw/TBX11K/imgs/sick/s3184.png,512,512,OK
TBX11K,s3812.png,data/raw/TBX11K/imgs/sick/s3812.png,512,512,OK
TBX11K,s1963.png,data/raw/TBX11K/imgs/sick/s1963.png,512,512,OK
TBX11K,s1977.png,data/raw/TBX11K/imgs/sick/s1977.png,512,512,OK
TBX11K,s3806.png,data/raw/TBX11K/imgs/sick/s3806.png,512,512,OK
TBX11K,s0658.png,data/raw/TBX11K/imgs/sick/s0658.png,512,512,OK
TBX11K,s1546.png,data/raw/TBX11K/imgs/sick/s1546.png,512,512,OK
TBX11K,s3351.png,data/raw/TBX11K/imgs/sick/s3351.png,512,512,OK
TBX11K,s3437.png,data/raw/TBX11K/imgs/sick/s3437.png,512,512,OK
TBX11K,s4358.png,data/raw/TBX11K/imgs/sick/s4358.png,512,512,OK
TBX11K,s1220.png,data/raw/TBX11K/imgs/sick/s1220.png,512,512,OK
TBX11K,s1234.png,data/raw/TBX11K/imgs/sick/s1234.png,512,512,OK
TBX11K,s0894.png,data/raw/TBX11K/imgs/sick/s0894.png,512,512,OK
TBX11K,s1552.png,data/raw/TBX11K/imgs/sick/s1552.png,512,512,OK
TBX11K,s2073.png,data/raw/TBX11K/imgs/sick/s2073.png,512,512,OK
TBX11K,s4402.png,data/raw/TBX11K/imgs/sick/s4402.png,512,512,OK
TBX11K,s0664.png,data/raw/TBX11K/imgs/sick/s0664.png,512,512,OK
TBX11K,s0102.png,data/raw/TBX11K/imgs/sick/s0102.png,512,512,OK
TBX11K,s4364.png,data/raw/TBX11K/imgs/sick/s4364.png,512,512,OK
TBX11K,s2715.png,data/raw/TBX11K/imgs/sick/s2715.png,512,512,OK
TBX11K,s4370.png,data/raw/TBX11K/imgs/sick/s4370.png,512,512,OK
TBX11K,s2701.png,data/raw/TBX11K/imgs/sick/s2701.png,512,512,OK
TBX11K,s2067.png,data/raw/TBX11K/imgs/sick/s2067.png,512,512,OK
TBX11K,s4416.png,data/raw/TBX11K/imgs/sick/s4416.png,512,512,OK
TBX11K,s3379.png,data/raw/TBX11K/imgs/sick/s3379.png,512,512,OK
TBX11K,s1585.png,data/raw/TBX11K/imgs/sick/s1585.png,512,512,OK
TBX11K,s2932.png,data/raw/TBX11K/imgs/sick/s2932.png,512,512,OK
TBX11K,s2926.png,data/raw/TBX11K/imgs/sick/s2926.png,512,512,OK
TBX11K,s0857.png,data/raw/TBX11K/imgs/sick/s0857.png,512,512,OK
TBX11K,s3386.png,data/raw/TBX11K/imgs/sick/s3386.png,512,512,OK
TBX11K,s2098.png,data/raw/TBX11K/imgs/sick/s2098.png,512,512,OK
TBX11K,s2927.png,data/raw/TBX11K/imgs/sick/s2927.png,512,512,OK
TBX11K,s2099.png,data/raw/TBX11K/imgs/sick/s2099.png,512,512,OK
TBX11K,s1590.png,data/raw/TBX11K/imgs/sick/s1590.png,512,512,OK
TBX11K,s1584.png,data/raw/TBX11K/imgs/sick/s1584.png,512,512,OK
TBX11K,s0842.png,data/raw/TBX11K/imgs/sick/s0842.png,512,512,OK
TBX11K,s2933.png,data/raw/TBX11K/imgs/sick/s2933.png,512,512,OK
TBX11K,s0117.png,data/raw/TBX11K/imgs/sick/s0117.png,512,512,OK
TBX11K,s1209.png,data/raw/TBX11K/imgs/sick/s1209.png,512,512,OK
TBX11K,s4371.png,data/raw/TBX11K/imgs/sick/s4371.png,512,512,OK
TBX11K,s3378.png,data/raw/TBX11K/imgs/sick/s3378.png,512,512,OK
TBX11K,s4417.png,data/raw/TBX11K/imgs/sick/s4417.png,512,512,OK
TBX11K,s2066.png,data/raw/TBX11K/imgs/sick/s2066.png,512,512,OK
TBX11K,s0665.png,data/raw/TBX11K/imgs/sick/s0665.png,512,512,OK
TBX11K,s2072.png,data/raw/TBX11K/imgs/sick/s2072.png,512,512,OK
TBX11K,s4365.png,data/raw/TBX11K/imgs/sick/s4365.png,512,512,OK
TBX11K,s0103.png,data/raw/TBX11K/imgs/sick/s0103.png,512,512,OK
TBX11K,s1235.png,data/raw/TBX11K/imgs/sick/s1235.png,512,512,OK
TBX11K,s1553.png,data/raw/TBX11K/imgs/sick/s1553.png,512,512,OK
TBX11K,s0895.png,data/raw/TBX11K/imgs/sick/s0895.png,512,512,OK
TBX11K,s3344.png,data/raw/TBX11K/imgs/sick/s3344.png,512,512,OK
TBX11K,s3350.png,data/raw/TBX11K/imgs/sick/s3350.png,512,512,OK
TBX11K,s1547.png,data/raw/TBX11K/imgs/sick/s1547.png,512,512,OK
TBX11K,s0881.png,data/raw/TBX11K/imgs/sick/s0881.png,512,512,OK
TBX11K,s0659.png,data/raw/TBX11K/imgs/sick/s0659.png,512,512,OK
TBX11K,s4359.png,data/raw/TBX11K/imgs/sick/s4359.png,512,512,OK
TBX11K,s3436.png,data/raw/TBX11K/imgs/sick/s3436.png,512,512,OK
TBX11K,s1976.png,data/raw/TBX11K/imgs/sick/s1976.png,512,512,OK
TBX11K,s3807.png,data/raw/TBX11K/imgs/sick/s3807.png,512,512,OK
TBX11K,s3813.png,data/raw/TBX11K/imgs/sick/s3813.png,512,512,OK
TBX11K,s1962.png,data/raw/TBX11K/imgs/sick/s1962.png,512,512,OK
TBX11K,s1792.png,data/raw/TBX11K/imgs/sick/s1792.png,512,512,OK
TBX11K,s3185.png,data/raw/TBX11K/imgs/sick/s3185.png,512,512,OK
TBX11K,s4832.png,data/raw/TBX11K/imgs/sick/s4832.png,512,512,OK
TBX11K,s3191.png,data/raw/TBX11K/imgs/sick/s3191.png,512,512,OK
TBX11K,s4826.png,data/raw/TBX11K/imgs/sick/s4826.png,512,512,OK
TBX11K,s1786.png,data/raw/TBX11K/imgs/sick/s1786.png,512,512,OK
TBX11K,s0498.png,data/raw/TBX11K/imgs/sick/s0498.png,512,512,OK
TBX11K,s0473.png,data/raw/TBX11K/imgs/sick/s0473.png,512,512,OK
TBX11K,s2264.png,data/raw/TBX11K/imgs/sick/s2264.png,512,512,OK
TBX11K,s4615.png,data/raw/TBX11K/imgs/sick/s4615.png,512,512,OK
TBX11K,s2502.png,data/raw/TBX11K/imgs/sick/s2502.png,512,512,OK
TBX11K,s0315.png,data/raw/TBX11K/imgs/sick/s0315.png,512,512,OK
TBX11K,s0301.png,data/raw/TBX11K/imgs/sick/s0301.png,512,512,OK
TBX11K,s3608.png,data/raw/TBX11K/imgs/sick/s3608.png,512,512,OK
TBX11K,s4167.png,data/raw/TBX11K/imgs/sick/s4167.png,512,512,OK
TBX11K,s2516.png,data/raw/TBX11K/imgs/sick/s2516.png,512,512,OK
TBX11K,s2270.png,data/raw/TBX11K/imgs/sick/s2270.png,512,512,OK
TBX11K,s0467.png,data/raw/TBX11K/imgs/sick/s0467.png,512,512,OK
TBX11K,s1779.png,data/raw/TBX11K/imgs/sick/s1779.png,512,512,OK
TBX11K,s2258.png,data/raw/TBX11K/imgs/sick/s2258.png,512,512,OK
TBX11K,s4629.png,data/raw/TBX11K/imgs/sick/s4629.png,512,512,OK
TBX11K,s3146.png,data/raw/TBX11K/imgs/sick/s3146.png,512,512,OK
TBX11K,s1989.png,data/raw/TBX11K/imgs/sick/s1989.png,512,512,OK
TBX11K,s1751.png,data/raw/TBX11K/imgs/sick/s1751.png,512,512,OK
TBX11K,s1037.png,data/raw/TBX11K/imgs/sick/s1037.png,512,512,OK
TBX11K,s0329.png,data/raw/TBX11K/imgs/sick/s0329.png,512,512,OK
TBX11K,s1023.png,data/raw/TBX11K/imgs/sick/s1023.png,512,512,OK
TBX11K,s1745.png,data/raw/TBX11K/imgs/sick/s1745.png,512,512,OK
TBX11K,s1802.png,data/raw/TBX11K/imgs/sick/s1802.png,512,512,OK
TBX11K,s3973.png,data/raw/TBX11K/imgs/sick/s3973.png,512,512,OK
TBX11K,s3797.png,data/raw/TBX11K/imgs/sick/s3797.png,512,512,OK
TBX11K,s2489.png,data/raw/TBX11K/imgs/sick/s2489.png,512,512,OK
TBX11K,s1180.png,data/raw/TBX11K/imgs/sick/s1180.png,512,512,OK
TBX11K,s1194.png,data/raw/TBX11K/imgs/sick/s1194.png,512,512,OK
TBX11K,s3783.png,data/raw/TBX11K/imgs/sick/s3783.png,512,512,OK
TBX11K,s1619.png,data/raw/TBX11K/imgs/sick/s1619.png,512,512,OK
TBX11K,s0507.png,data/raw/TBX11K/imgs/sick/s0507.png,512,512,OK
TBX11K,s4761.png,data/raw/TBX11K/imgs/sick/s4761.png,512,512,OK
TBX11K,s2310.png,data/raw/TBX11K/imgs/sick/s2310.png,512,512,OK
TBX11K,s2476.png,data/raw/TBX11K/imgs/sick/s2476.png,512,512,OK
TBX11K,s2462.png,data/raw/TBX11K/imgs/sick/s2462.png,512,512,OK
TBX11K,s4013.png,data/raw/TBX11K/imgs/sick/s4013.png,512,512,OK
TBX11K,s4775.png,data/raw/TBX11K/imgs/sick/s4775.png,512,512,OK
TBX11K,s2304.png,data/raw/TBX11K/imgs/sick/s2304.png,512,512,OK
TBX11K,s4985.png,data/raw/TBX11K/imgs/sick/s4985.png,512,512,OK
TBX11K,s1625.png,data/raw/TBX11K/imgs/sick/s1625.png,512,512,OK
TBX11K,s1143.png,data/raw/TBX11K/imgs/sick/s1143.png,512,512,OK
TBX11K,s3754.png,data/raw/TBX11K/imgs/sick/s3754.png,512,512,OK
TBX11K,s3740.png,data/raw/TBX11K/imgs/sick/s3740.png,512,512,OK
TBX11K,s0249.png,data/raw/TBX11K/imgs/sick/s0249.png,512,512,OK
TBX11K,s1157.png,data/raw/TBX11K/imgs/sick/s1157.png,512,512,OK
TBX11K,s1631.png,data/raw/TBX11K/imgs/sick/s1631.png,512,512,OK
TBX11K,s3026.png,data/raw/TBX11K/imgs/sick/s3026.png,512,512,OK
TBX11K,s4749.png,data/raw/TBX11K/imgs/sick/s4749.png,512,512,OK
TBX11K,s4991.png,data/raw/TBX11K/imgs/sick/s4991.png,512,512,OK
TBX11K,s2338.png,data/raw/TBX11K/imgs/sick/s2338.png,512,512,OK
TBX11K,s1382.png,data/raw/TBX11K/imgs/sick/s1382.png,512,512,OK
TBX11K,s2853.png,data/raw/TBX11K/imgs/sick/s2853.png,512,512,OK
TBX11K,s0922.png,data/raw/TBX11K/imgs/sick/s0922.png,512,512,OK
TBX11K,s0936.png,data/raw/TBX11K/imgs/sick/s0936.png,512,512,OK
TBX11K,s4588.png,data/raw/TBX11K/imgs/sick/s4588.png,512,512,OK
TBX11K,s3581.png,data/raw/TBX11K/imgs/sick/s3581.png,512,512,OK
TBX11K,s2847.png,data/raw/TBX11K/imgs/sick/s2847.png,512,512,OK
TBX11K,s0088.png,data/raw/TBX11K/imgs/sick/s0088.png,512,512,OK
TBX11K,s1396.png,data/raw/TBX11K/imgs/sick/s1396.png,512,512,OK
TBX11K,s0063.png,data/raw/TBX11K/imgs/sick/s0063.png,512,512,OK
TBX11K,s4205.png,data/raw/TBX11K/imgs/sick/s4205.png,512,512,OK
TBX11K,s2674.png,data/raw/TBX11K/imgs/sick/s2674.png,512,512,OK
TBX11K,s2112.png,data/raw/TBX11K/imgs/sick/s2112.png,512,512,OK
TBX11K,s4563.png,data/raw/TBX11K/imgs/sick/s4563.png,512,512,OK
TBX11K,s0705.png,data/raw/TBX11K/imgs/sick/s0705.png,512,512,OK
TBX11K,s2106.png,data/raw/TBX11K/imgs/sick/s2106.png,512,512,OK
TBX11K,s3218.png,data/raw/TBX11K/imgs/sick/s3218.png,512,512,OK
TBX11K,s2660.png,data/raw/TBX11K/imgs/sick/s2660.png,512,512,OK
TBX11K,s1369.png,data/raw/TBX11K/imgs/sick/s1369.png,512,512,OK
TBX11K,s0077.png,data/raw/TBX11K/imgs/sick/s0077.png,512,512,OK
TBX11K,s2890.png,data/raw/TBX11K/imgs/sick/s2890.png,512,512,OK
TBX11K,s2648.png,data/raw/TBX11K/imgs/sick/s2648.png,512,512,OK
TBX11K,s1341.png,data/raw/TBX11K/imgs/sick/s1341.png,512,512,OK
TBX11K,s0739.png,data/raw/TBX11K/imgs/sick/s0739.png,512,512,OK
TBX11K,s1427.png,data/raw/TBX11K/imgs/sick/s1427.png,512,512,OK
TBX11K,s3230.png,data/raw/TBX11K/imgs/sick/s3230.png,512,512,OK
TBX11K,s3224.png,data/raw/TBX11K/imgs/sick/s3224.png,512,512,OK
TBX11K,s1433.png,data/raw/TBX11K/imgs/sick/s1433.png,512,512,OK
TBX11K,s1355.png,data/raw/TBX11K/imgs/sick/s1355.png,512,512,OK
TBX11K,s3542.png,data/raw/TBX11K/imgs/sick/s3542.png,512,512,OK
TBX11K,s2884.png,data/raw/TBX11K/imgs/sick/s2884.png,512,512,OK
TBX11K,s0073.png,data/raw/TBX11K/imgs/sick/s0073.png,512,512,OK
TBX11K,s2102.png,data/raw/TBX11K/imgs/sick/s2102.png,512,512,OK
TBX11K,s0715.png,data/raw/TBX11K/imgs/sick/s0715.png,512,512,OK
TBX11K,s0701.png,data/raw/TBX11K/imgs/sick/s0701.png,512,512,OK
TBX11K,s4567.png,data/raw/TBX11K/imgs/sick/s4567.png,512,512,OK
TBX11K,s3208.png,data/raw/TBX11K/imgs/sick/s3208.png,512,512,OK
TBX11K,s2116.png,data/raw/TBX11K/imgs/sick/s2116.png,512,512,OK
TBX11K,s2670.png,data/raw/TBX11K/imgs/sick/s2670.png,512,512,OK
TBX11K,s0067.png,data/raw/TBX11K/imgs/sick/s0067.png,512,512,OK
TBX11K,s1379.png,data/raw/TBX11K/imgs/sick/s1379.png,512,512,OK
TBX11K,s3546.png,data/raw/TBX11K/imgs/sick/s3546.png,512,512,OK
TBX11K,s4229.png,data/raw/TBX11K/imgs/sick/s4229.png,512,512,OK
TBX11K,s2880.png,data/raw/TBX11K/imgs/sick/s2880.png,512,512,OK
TBX11K,s1351.png,data/raw/TBX11K/imgs/sick/s1351.png,512,512,OK
TBX11K,s0729.png,data/raw/TBX11K/imgs/sick/s0729.png,512,512,OK
TBX11K,s3234.png,data/raw/TBX11K/imgs/sick/s3234.png,512,512,OK
TBX11K,s1423.png,data/raw/TBX11K/imgs/sick/s1423.png,512,512,OK
TBX11K,s1345.png,data/raw/TBX11K/imgs/sick/s1345.png,512,512,OK
TBX11K,s3552.png,data/raw/TBX11K/imgs/sick/s3552.png,512,512,OK
TBX11K,s2894.png,data/raw/TBX11K/imgs/sick/s2894.png,512,512,OK
TBX11K,s1392.png,data/raw/TBX11K/imgs/sick/s1392.png,512,512,OK
TBX11K,s3585.png,data/raw/TBX11K/imgs/sick/s3585.png,512,512,OK
TBX11K,s2843.png,data/raw/TBX11K/imgs/sick/s2843.png,512,512,OK
TBX11K,s0932.png,data/raw/TBX11K/imgs/sick/s0932.png,512,512,OK
TBX11K,s0926.png,data/raw/TBX11K/imgs/sick/s0926.png,512,512,OK
TBX11K,s4598.png,data/raw/TBX11K/imgs/sick/s4598.png,512,512,OK
TBX11K,s3591.png,data/raw/TBX11K/imgs/sick/s3591.png,512,512,OK
TBX11K,s2857.png,data/raw/TBX11K/imgs/sick/s2857.png,512,512,OK
TBX11K,s1386.png,data/raw/TBX11K/imgs/sick/s1386.png,512,512,OK
TBX11K,s0098.png,data/raw/TBX11K/imgs/sick/s0098.png,512,512,OK
TBX11K,s0517.png,data/raw/TBX11K/imgs/sick/s0517.png,512,512,OK
TBX11K,s2300.png,data/raw/TBX11K/imgs/sick/s2300.png,512,512,OK
TBX11K,s4771.png,data/raw/TBX11K/imgs/sick/s4771.png,512,512,OK
TBX11K,s4017.png,data/raw/TBX11K/imgs/sick/s4017.png,512,512,OK
TBX11K,s3778.png,data/raw/TBX11K/imgs/sick/s3778.png,512,512,OK
TBX11K,s2466.png,data/raw/TBX11K/imgs/sick/s2466.png,512,512,OK
TBX11K,s0271.png,data/raw/TBX11K/imgs/sick/s0271.png,512,512,OK
TBX11K,s0265.png,data/raw/TBX11K/imgs/sick/s0265.png,512,512,OK
TBX11K,s4003.png,data/raw/TBX11K/imgs/sick/s4003.png,512,512,OK
TBX11K,s2472.png,data/raw/TBX11K/imgs/sick/s2472.png,512,512,OK
TBX11K,s2314.png,data/raw/TBX11K/imgs/sick/s2314.png,512,512,OK
TBX11K,s4765.png,data/raw/TBX11K/imgs/sick/s4765.png,512,512,OK
TBX11K,s0503.png,data/raw/TBX11K/imgs/sick/s0503.png,512,512,OK
TBX11K,s4995.png,data/raw/TBX11K/imgs/sick/s4995.png,512,512,OK
TBX11K,s3022.png,data/raw/TBX11K/imgs/sick/s3022.png,512,512,OK
TBX11K,s1153.png,data/raw/TBX11K/imgs/sick/s1153.png,512,512,OK
TBX11K,s3744.png,data/raw/TBX11K/imgs/sick/s3744.png,512,512,OK
TBX11K,s3988.png,data/raw/TBX11K/imgs/sick/s3988.png,512,512,OK
TBX11K,s0259.png,data/raw/TBX11K/imgs/sick/s0259.png,512,512,OK
TBX11K,s1621.png,data/raw/TBX11K/imgs/sick/s1621.png,512,512,OK
TBX11K,s2328.png,data/raw/TBX11K/imgs/sick/s2328.png,512,512,OK
TBX11K,s4981.png,data/raw/TBX11K/imgs/sick/s4981.png,512,512,OK
TBX11K,s3036.png,data/raw/TBX11K/imgs/sick/s3036.png,512,512,OK
TBX11K,s4759.png,data/raw/TBX11K/imgs/sick/s4759.png,512,512,OK
TBX11K,s1812.png,data/raw/TBX11K/imgs/sick/s1812.png,512,512,OK
TBX11K,s3977.png,data/raw/TBX11K/imgs/sick/s3977.png,512,512,OK
TBX11K,s1806.png,data/raw/TBX11K/imgs/sick/s1806.png,512,512,OK
TBX11K,s4956.png,data/raw/TBX11K/imgs/sick/s4956.png,512,512,OK
TBX11K,s2499.png,data/raw/TBX11K/imgs/sick/s2499.png,512,512,OK
TBX11K,s3787.png,data/raw/TBX11K/imgs/sick/s3787.png,512,512,OK
TBX11K,s1184.png,data/raw/TBX11K/imgs/sick/s1184.png,512,512,OK
TBX11K,s3793.png,data/raw/TBX11K/imgs/sick/s3793.png,512,512,OK
TBX11K,s4942.png,data/raw/TBX11K/imgs/sick/s4942.png,512,512,OK
TBX11K,s4605.png,data/raw/TBX11K/imgs/sick/s4605.png,512,512,OK
TBX11K,s2274.png,data/raw/TBX11K/imgs/sick/s2274.png,512,512,OK
TBX11K,s4163.png,data/raw/TBX11K/imgs/sick/s4163.png,512,512,OK
TBX11K,s0305.png,data/raw/TBX11K/imgs/sick/s0305.png,512,512,OK
TBX11K,s0311.png,data/raw/TBX11K/imgs/sick/s0311.png,512,512,OK
TBX11K,s2506.png,data/raw/TBX11K/imgs/sick/s2506.png,512,512,OK
TBX11K,s3618.png,data/raw/TBX11K/imgs/sick/s3618.png,512,512,OK
TBX11K,s4177.png,data/raw/TBX11K/imgs/sick/s4177.png,512,512,OK
TBX11K,s4611.png,data/raw/TBX11K/imgs/sick/s4611.png,512,512,OK
TBX11K,s2260.png,data/raw/TBX11K/imgs/sick/s2260.png,512,512,OK
TBX11K,s1769.png,data/raw/TBX11K/imgs/sick/s1769.png,512,512,OK
TBX11K,s0477.png,data/raw/TBX11K/imgs/sick/s0477.png,512,512,OK
TBX11K,s3156.png,data/raw/TBX11K/imgs/sick/s3156.png,512,512,OK
TBX11K,s1741.png,data/raw/TBX11K/imgs/sick/s1741.png,512,512,OK
TBX11K,s1999.png,data/raw/TBX11K/imgs/sick/s1999.png,512,512,OK
TBX11K,s0339.png,data/raw/TBX11K/imgs/sick/s0339.png,512,512,OK
TBX11K,s1027.png,data/raw/TBX11K/imgs/sick/s1027.png,512,512,OK
TBX11K,s3624.png,data/raw/TBX11K/imgs/sick/s3624.png,512,512,OK
TBX11K,s1755.png,data/raw/TBX11K/imgs/sick/s1755.png,512,512,OK
TBX11K,s1966.png,data/raw/TBX11K/imgs/sick/s1966.png,512,512,OK
TBX11K,s3817.png,data/raw/TBX11K/imgs/sick/s3817.png,512,512,OK
TBX11K,s3803.png,data/raw/TBX11K/imgs/sick/s3803.png,512,512,OK
TBX11K,s1972.png,data/raw/TBX11K/imgs/sick/s1972.png,512,512,OK
TBX11K,s1782.png,data/raw/TBX11K/imgs/sick/s1782.png,512,512,OK
TBX11K,s4822.png,data/raw/TBX11K/imgs/sick/s4822.png,512,512,OK
TBX11K,s3195.png,data/raw/TBX11K/imgs/sick/s3195.png,512,512,OK
TBX11K,s4836.png,data/raw/TBX11K/imgs/sick/s4836.png,512,512,OK
TBX11K,s3181.png,data/raw/TBX11K/imgs/sick/s3181.png,512,512,OK
TBX11K,s0488.png,data/raw/TBX11K/imgs/sick/s0488.png,512,512,OK
TBX11K,s1796.png,data/raw/TBX11K/imgs/sick/s1796.png,512,512,OK
TBX11K,s1219.png,data/raw/TBX11K/imgs/sick/s1219.png,512,512,OK
TBX11K,s0107.png,data/raw/TBX11K/imgs/sick/s0107.png,512,512,OK
TBX11K,s2076.png,data/raw/TBX11K/imgs/sick/s2076.png,512,512,OK
TBX11K,s3368.png,data/raw/TBX11K/imgs/sick/s3368.png,512,512,OK
TBX11K,s4407.png,data/raw/TBX11K/imgs/sick/s4407.png,512,512,OK
TBX11K,s0661.png,data/raw/TBX11K/imgs/sick/s0661.png,512,512,OK
TBX11K,s0675.png,data/raw/TBX11K/imgs/sick/s0675.png,512,512,OK
TBX11K,s4375.png,data/raw/TBX11K/imgs/sick/s4375.png,512,512,OK
TBX11K,s2704.png,data/raw/TBX11K/imgs/sick/s2704.png,512,512,OK
TBX11K,s0113.png,data/raw/TBX11K/imgs/sick/s0113.png,512,512,OK
TBX11K,s3432.png,data/raw/TBX11K/imgs/sick/s3432.png,512,512,OK
TBX11K,s1225.png,data/raw/TBX11K/imgs/sick/s1225.png,512,512,OK
TBX11K,s1543.png,data/raw/TBX11K/imgs/sick/s1543.png,512,512,OK
TBX11K,s0885.png,data/raw/TBX11K/imgs/sick/s0885.png,512,512,OK
TBX11K,s3354.png,data/raw/TBX11K/imgs/sick/s3354.png,512,512,OK
TBX11K,s3340.png,data/raw/TBX11K/imgs/sick/s3340.png,512,512,OK
TBX11K,s0649.png,data/raw/TBX11K/imgs/sick/s0649.png,512,512,OK
TBX11K,s1557.png,data/raw/TBX11K/imgs/sick/s1557.png,512,512,OK
TBX11K,s0891.png,data/raw/TBX11K/imgs/sick/s0891.png,512,512,OK
TBX11K,s1231.png,data/raw/TBX11K/imgs/sick/s1231.png,512,512,OK
TBX11K,s4349.png,data/raw/TBX11K/imgs/sick/s4349.png,512,512,OK
TBX11K,s3426.png,data/raw/TBX11K/imgs/sick/s3426.png,512,512,OK
TBX11K,s2738.png,data/raw/TBX11K/imgs/sick/s2738.png,512,512,OK
TBX11K,s3397.png,data/raw/TBX11K/imgs/sick/s3397.png,512,512,OK
TBX11K,s2089.png,data/raw/TBX11K/imgs/sick/s2089.png,512,512,OK
TBX11K,s0846.png,data/raw/TBX11K/imgs/sick/s0846.png,512,512,OK
TBX11K,s1594.png,data/raw/TBX11K/imgs/sick/s1594.png,512,512,OK
TBX11K,s0852.png,data/raw/TBX11K/imgs/sick/s0852.png,512,512,OK
TBX11K,s2923.png,data/raw/TBX11K/imgs/sick/s2923.png,512,512,OK
TBX11K,s3382.png,data/raw/TBX11K/imgs/sick/s3382.png,512,512,OK
TBX11K,s0853.png,data/raw/TBX11K/imgs/sick/s0853.png,512,512,OK
TBX11K,s2922.png,data/raw/TBX11K/imgs/sick/s2922.png,512,512,OK
TBX11K,s2936.png,data/raw/TBX11K/imgs/sick/s2936.png,512,512,OK
TBX11K,s1581.png,data/raw/TBX11K/imgs/sick/s1581.png,512,512,OK
TBX11K,s2088.png,data/raw/TBX11K/imgs/sick/s2088.png,512,512,OK
TBX11K,s1556.png,data/raw/TBX11K/imgs/sick/s1556.png,512,512,OK
TBX11K,s0648.png,data/raw/TBX11K/imgs/sick/s0648.png,512,512,OK
TBX11K,s3341.png,data/raw/TBX11K/imgs/sick/s3341.png,512,512,OK
TBX11K,s2739.png,data/raw/TBX11K/imgs/sick/s2739.png,512,512,OK
TBX11K,s3427.png,data/raw/TBX11K/imgs/sick/s3427.png,512,512,OK
TBX11K,s4348.png,data/raw/TBX11K/imgs/sick/s4348.png,512,512,OK
TBX11K,s1224.png,data/raw/TBX11K/imgs/sick/s1224.png,512,512,OK
TBX11K,s3355.png,data/raw/TBX11K/imgs/sick/s3355.png,512,512,OK
TBX11K,s0884.png,data/raw/TBX11K/imgs/sick/s0884.png,512,512,OK
TBX11K,s1542.png,data/raw/TBX11K/imgs/sick/s1542.png,512,512,OK
TBX11K,s4412.png,data/raw/TBX11K/imgs/sick/s4412.png,512,512,OK
TBX11K,s2063.png,data/raw/TBX11K/imgs/sick/s2063.png,512,512,OK
TBX11K,s0674.png,data/raw/TBX11K/imgs/sick/s0674.png,512,512,OK
TBX11K,s2705.png,data/raw/TBX11K/imgs/sick/s2705.png,512,512,OK
TBX11K,s4374.png,data/raw/TBX11K/imgs/sick/s4374.png,512,512,OK
TBX11K,s0106.png,data/raw/TBX11K/imgs/sick/s0106.png,512,512,OK
TBX11K,s1218.png,data/raw/TBX11K/imgs/sick/s1218.png,512,512,OK
TBX11K,s3369.png,data/raw/TBX11K/imgs/sick/s3369.png,512,512,OK
TBX11K,s2077.png,data/raw/TBX11K/imgs/sick/s2077.png,512,512,OK
TBX11K,s4189.png,data/raw/TBX11K/imgs/sick/s4189.png,512,512,OK
TBX11K,s1797.png,data/raw/TBX11K/imgs/sick/s1797.png,512,512,OK
TBX11K,s0489.png,data/raw/TBX11K/imgs/sick/s0489.png,512,512,OK
TBX11K,s4837.png,data/raw/TBX11K/imgs/sick/s4837.png,512,512,OK
TBX11K,s4823.png,data/raw/TBX11K/imgs/sick/s4823.png,512,512,OK
TBX11K,s1783.png,data/raw/TBX11K/imgs/sick/s1783.png,512,512,OK
TBX11K,s3802.png,data/raw/TBX11K/imgs/sick/s3802.png,512,512,OK
TBX11K,s1973.png,data/raw/TBX11K/imgs/sick/s1973.png,512,512,OK
TBX11K,s1967.png,data/raw/TBX11K/imgs/sick/s1967.png,512,512,OK
TBX11K,s3816.png,data/raw/TBX11K/imgs/sick/s3816.png,512,512,OK
TBX11K,s1032.png,data/raw/TBX11K/imgs/sick/s1032.png,512,512,OK
TBX11K,s3625.png,data/raw/TBX11K/imgs/sick/s3625.png,512,512,OK
TBX11K,s3143.png,data/raw/TBX11K/imgs/sick/s3143.png,512,512,OK
TBX11K,s1998.png,data/raw/TBX11K/imgs/sick/s1998.png,512,512,OK
TBX11K,s2249.png,data/raw/TBX11K/imgs/sick/s2249.png,512,512,OK
TBX11K,s3157.png,data/raw/TBX11K/imgs/sick/s3157.png,512,512,OK
TBX11K,s4638.png,data/raw/TBX11K/imgs/sick/s4638.png,512,512,OK
TBX11K,s1026.png,data/raw/TBX11K/imgs/sick/s1026.png,512,512,OK
TBX11K,s0338.png,data/raw/TBX11K/imgs/sick/s0338.png,512,512,OK
TBX11K,s4176.png,data/raw/TBX11K/imgs/sick/s4176.png,512,512,OK
TBX11K,s3619.png,data/raw/TBX11K/imgs/sick/s3619.png,512,512,OK
TBX11K,s2507.png,data/raw/TBX11K/imgs/sick/s2507.png,512,512,OK
TBX11K,s0476.png,data/raw/TBX11K/imgs/sick/s0476.png,512,512,OK
TBX11K,s1768.png,data/raw/TBX11K/imgs/sick/s1768.png,512,512,OK
TBX11K,s4610.png,data/raw/TBX11K/imgs/sick/s4610.png,512,512,OK
TBX11K,s4162.png,data/raw/TBX11K/imgs/sick/s4162.png,512,512,OK
TBX11K,s2513.png,data/raw/TBX11K/imgs/sick/s2513.png,512,512,OK
TBX11K,s3792.png,data/raw/TBX11K/imgs/sick/s3792.png,512,512,OK
TBX11K,s1185.png,data/raw/TBX11K/imgs/sick/s1185.png,512,512,OK
TBX11K,s4943.png,data/raw/TBX11K/imgs/sick/s4943.png,512,512,OK
TBX11K,s4957.png,data/raw/TBX11K/imgs/sick/s4957.png,512,512,OK
TBX11K,s1191.png,data/raw/TBX11K/imgs/sick/s1191.png,512,512,OK
TBX11K,s3786.png,data/raw/TBX11K/imgs/sick/s3786.png,512,512,OK
TBX11K,s3976.png,data/raw/TBX11K/imgs/sick/s3976.png,512,512,OK
TBX11K,s1807.png,data/raw/TBX11K/imgs/sick/s1807.png,512,512,OK
TBX11K,s3962.png,data/raw/TBX11K/imgs/sick/s3962.png,512,512,OK
TBX11K,s0258.png,data/raw/TBX11K/imgs/sick/s0258.png,512,512,OK
TBX11K,s1146.png,data/raw/TBX11K/imgs/sick/s1146.png,512,512,OK
TBX11K,s3751.png,data/raw/TBX11K/imgs/sick/s3751.png,512,512,OK
TBX11K,s4758.png,data/raw/TBX11K/imgs/sick/s4758.png,512,512,OK
TBX11K,s3037.png,data/raw/TBX11K/imgs/sick/s3037.png,512,512,OK
TBX11K,s2329.png,data/raw/TBX11K/imgs/sick/s2329.png,512,512,OK
TBX11K,s1620.png,data/raw/TBX11K/imgs/sick/s1620.png,512,512,OK
TBX11K,s3023.png,data/raw/TBX11K/imgs/sick/s3023.png,512,512,OK
TBX11K,s4994.png,data/raw/TBX11K/imgs/sick/s4994.png,512,512,OK
TBX11K,s2473.png,data/raw/TBX11K/imgs/sick/s2473.png,512,512,OK
TBX11K,s0502.png,data/raw/TBX11K/imgs/sick/s0502.png,512,512,OK
TBX11K,s4764.png,data/raw/TBX11K/imgs/sick/s4764.png,512,512,OK
TBX11K,s2315.png,data/raw/TBX11K/imgs/sick/s2315.png,512,512,OK
TBX11K,s4770.png,data/raw/TBX11K/imgs/sick/s4770.png,512,512,OK
TBX11K,s1608.png,data/raw/TBX11K/imgs/sick/s1608.png,512,512,OK
TBX11K,s0516.png,data/raw/TBX11K/imgs/sick/s0516.png,512,512,OK
TBX11K,s0270.png,data/raw/TBX11K/imgs/sick/s0270.png,512,512,OK
TBX11K,s2467.png,data/raw/TBX11K/imgs/sick/s2467.png,512,512,OK
TBX11K,s3779.png,data/raw/TBX11K/imgs/sick/s3779.png,512,512,OK
TBX11K,s4016.png,data/raw/TBX11K/imgs/sick/s4016.png,512,512,OK
TBX11K,s4599.png,data/raw/TBX11K/imgs/sick/s4599.png,512,512,OK
TBX11K,s0927.png,data/raw/TBX11K/imgs/sick/s0927.png,512,512,OK
TBX11K,s0099.png,data/raw/TBX11K/imgs/sick/s0099.png,512,512,OK
TBX11K,s2856.png,data/raw/TBX11K/imgs/sick/s2856.png,512,512,OK
TBX11K,s3590.png,data/raw/TBX11K/imgs/sick/s3590.png,512,512,OK
TBX11K,s2842.png,data/raw/TBX11K/imgs/sick/s2842.png,512,512,OK
TBX11K,s3584.png,data/raw/TBX11K/imgs/sick/s3584.png,512,512,OK
TBX11K,s1422.png,data/raw/TBX11K/imgs/sick/s1422.png,512,512,OK
TBX11K,s3235.png,data/raw/TBX11K/imgs/sick/s3235.png,512,512,OK
TBX11K,s2895.png,data/raw/TBX11K/imgs/sick/s2895.png,512,512,OK
TBX11K,s3553.png,data/raw/TBX11K/imgs/sick/s3553.png,512,512,OK
TBX11K,s1350.png,data/raw/TBX11K/imgs/sick/s1350.png,512,512,OK
TBX11K,s3547.png,data/raw/TBX11K/imgs/sick/s3547.png,512,512,OK
TBX11K,s2659.png,data/raw/TBX11K/imgs/sick/s2659.png,512,512,OK
TBX11K,s3221.png,data/raw/TBX11K/imgs/sick/s3221.png,512,512,OK
TBX11K,s0728.png,data/raw/TBX11K/imgs/sick/s0728.png,512,512,OK
TBX11K,s1436.png,data/raw/TBX11K/imgs/sick/s1436.png,512,512,OK
TBX11K,s2117.png,data/raw/TBX11K/imgs/sick/s2117.png,512,512,OK
TBX11K,s3209.png,data/raw/TBX11K/imgs/sick/s3209.png,512,512,OK
TBX11K,s0700.png,data/raw/TBX11K/imgs/sick/s0700.png,512,512,OK
TBX11K,s1378.png,data/raw/TBX11K/imgs/sick/s1378.png,512,512,OK
TBX11K,s0066.png,data/raw/TBX11K/imgs/sick/s0066.png,512,512,OK
TBX11K,s4200.png,data/raw/TBX11K/imgs/sick/s4200.png,512,512,OK
TBX11K,s2671.png,data/raw/TBX11K/imgs/sick/s2671.png,512,512,OK
TBX11K,s4214.png,data/raw/TBX11K/imgs/sick/s4214.png,512,512,OK
TBX11K,s2665.png,data/raw/TBX11K/imgs/sick/s2665.png,512,512,OK
TBX11K,s0714.png,data/raw/TBX11K/imgs/sick/s0714.png,512,512,OK
TBX11K,s2673.png,data/raw/TBX11K/imgs/sick/s2673.png,512,512,OK
TBX11K,s4202.png,data/raw/TBX11K/imgs/sick/s4202.png,512,512,OK
TBX11K,s0064.png,data/raw/TBX11K/imgs/sick/s0064.png,512,512,OK
TBX11K,s4564.png,data/raw/TBX11K/imgs/sick/s4564.png,512,512,OK
TBX11K,s4570.png,data/raw/TBX11K/imgs/sick/s4570.png,512,512,OK
TBX11K,s2101.png,data/raw/TBX11K/imgs/sick/s2101.png,512,512,OK
TBX11K,s1408.png,data/raw/TBX11K/imgs/sick/s1408.png,512,512,OK
TBX11K,s0716.png,data/raw/TBX11K/imgs/sick/s0716.png,512,512,OK
TBX11K,s0070.png,data/raw/TBX11K/imgs/sick/s0070.png,512,512,OK
TBX11K,s3579.png,data/raw/TBX11K/imgs/sick/s3579.png,512,512,OK
TBX11K,s4216.png,data/raw/TBX11K/imgs/sick/s4216.png,512,512,OK
TBX11K,s0058.png,data/raw/TBX11K/imgs/sick/s0058.png,512,512,OK
TBX11K,s1346.png,data/raw/TBX11K/imgs/sick/s1346.png,512,512,OK
TBX11K,s3551.png,data/raw/TBX11K/imgs/sick/s3551.png,512,512,OK
TBX11K,s2897.png,data/raw/TBX11K/imgs/sick/s2897.png,512,512,OK
TBX11K,s4558.png,data/raw/TBX11K/imgs/sick/s4558.png,512,512,OK
TBX11K,s3237.png,data/raw/TBX11K/imgs/sick/s3237.png,512,512,OK
TBX11K,s2129.png,data/raw/TBX11K/imgs/sick/s2129.png,512,512,OK
TBX11K,s3223.png,data/raw/TBX11K/imgs/sick/s3223.png,512,512,OK
TBX11K,s2883.png,data/raw/TBX11K/imgs/sick/s2883.png,512,512,OK
TBX11K,s2854.png,data/raw/TBX11K/imgs/sick/s2854.png,512,512,OK
TBX11K,s0925.png,data/raw/TBX11K/imgs/sick/s0925.png,512,512,OK
TBX11K,s2840.png,data/raw/TBX11K/imgs/sick/s2840.png,512,512,OK
TBX11K,s2698.png,data/raw/TBX11K/imgs/sick/s2698.png,512,512,OK
TBX11K,s2317.png,data/raw/TBX11K/imgs/sick/s2317.png,512,512,OK
TBX11K,s4766.png,data/raw/TBX11K/imgs/sick/s4766.png,512,512,OK
TBX11K,s0500.png,data/raw/TBX11K/imgs/sick/s0500.png,512,512,OK
TBX11K,s1178.png,data/raw/TBX11K/imgs/sick/s1178.png,512,512,OK
TBX11K,s0266.png,data/raw/TBX11K/imgs/sick/s0266.png,512,512,OK
TBX11K,s4000.png,data/raw/TBX11K/imgs/sick/s4000.png,512,512,OK
TBX11K,s2471.png,data/raw/TBX11K/imgs/sick/s2471.png,512,512,OK
TBX11K,s4014.png,data/raw/TBX11K/imgs/sick/s4014.png,512,512,OK
TBX11K,s2465.png,data/raw/TBX11K/imgs/sick/s2465.png,512,512,OK
TBX11K,s0514.png,data/raw/TBX11K/imgs/sick/s0514.png,512,512,OK
TBX11K,s2303.png,data/raw/TBX11K/imgs/sick/s2303.png,512,512,OK
TBX11K,s1622.png,data/raw/TBX11K/imgs/sick/s1622.png,512,512,OK
TBX11K,s4982.png,data/raw/TBX11K/imgs/sick/s4982.png,512,512,OK
TBX11K,s3035.png,data/raw/TBX11K/imgs/sick/s3035.png,512,512,OK
TBX11K,s1144.png,data/raw/TBX11K/imgs/sick/s1144.png,512,512,OK
TBX11K,s1150.png,data/raw/TBX11K/imgs/sick/s1150.png,512,512,OK
TBX11K,s4028.png,data/raw/TBX11K/imgs/sick/s4028.png,512,512,OK
TBX11K,s3747.png,data/raw/TBX11K/imgs/sick/s3747.png,512,512,OK
TBX11K,s2459.png,data/raw/TBX11K/imgs/sick/s2459.png,512,512,OK
TBX11K,s3021.png,data/raw/TBX11K/imgs/sick/s3021.png,512,512,OK
TBX11K,s1636.png,data/raw/TBX11K/imgs/sick/s1636.png,512,512,OK
TBX11K,s1805.png,data/raw/TBX11K/imgs/sick/s1805.png,512,512,OK
TBX11K,s3974.png,data/raw/TBX11K/imgs/sick/s3974.png,512,512,OK
TBX11K,s3960.png,data/raw/TBX11K/imgs/sick/s3960.png,512,512,OK
TBX11K,s4969.png,data/raw/TBX11K/imgs/sick/s4969.png,512,512,OK
TBX11K,s4799.png,data/raw/TBX11K/imgs/sick/s4799.png,512,512,OK
TBX11K,s1839.png,data/raw/TBX11K/imgs/sick/s1839.png,512,512,OK
TBX11K,s0299.png,data/raw/TBX11K/imgs/sick/s0299.png,512,512,OK
TBX11K,s1187.png,data/raw/TBX11K/imgs/sick/s1187.png,512,512,OK
TBX11K,s3948.png,data/raw/TBX11K/imgs/sick/s3948.png,512,512,OK
TBX11K,s3784.png,data/raw/TBX11K/imgs/sick/s3784.png,512,512,OK
TBX11K,s1193.png,data/raw/TBX11K/imgs/sick/s1193.png,512,512,OK
TBX11K,s4955.png,data/raw/TBX11K/imgs/sick/s4955.png,512,512,OK
TBX11K,s4612.png,data/raw/TBX11K/imgs/sick/s4612.png,512,512,OK
TBX11K,s2263.png,data/raw/TBX11K/imgs/sick/s2263.png,512,512,OK
TBX11K,s0474.png,data/raw/TBX11K/imgs/sick/s0474.png,512,512,OK
TBX11K,s0312.png,data/raw/TBX11K/imgs/sick/s0312.png,512,512,OK
TBX11K,s2505.png,data/raw/TBX11K/imgs/sick/s2505.png,512,512,OK
TBX11K,s2511.png,data/raw/TBX11K/imgs/sick/s2511.png,512,512,OK
TBX11K,s4160.png,data/raw/TBX11K/imgs/sick/s4160.png,512,512,OK
TBX11K,s0306.png,data/raw/TBX11K/imgs/sick/s0306.png,512,512,OK
TBX11K,s1018.png,data/raw/TBX11K/imgs/sick/s1018.png,512,512,OK
TBX11K,s4606.png,data/raw/TBX11K/imgs/sick/s4606.png,512,512,OK
TBX11K,s3169.png,data/raw/TBX11K/imgs/sick/s3169.png,512,512,OK
TBX11K,s2277.png,data/raw/TBX11K/imgs/sick/s2277.png,512,512,OK
TBX11K,s1756.png,data/raw/TBX11K/imgs/sick/s1756.png,512,512,OK
TBX11K,s0448.png,data/raw/TBX11K/imgs/sick/s0448.png,512,512,OK
TBX11K,s3627.png,data/raw/TBX11K/imgs/sick/s3627.png,512,512,OK
TBX11K,s4148.png,data/raw/TBX11K/imgs/sick/s4148.png,512,512,OK
TBX11K,s1030.png,data/raw/TBX11K/imgs/sick/s1030.png,512,512,OK
TBX11K,s1024.png,data/raw/TBX11K/imgs/sick/s1024.png,512,512,OK
TBX11K,s3155.png,data/raw/TBX11K/imgs/sick/s3155.png,512,512,OK
TBX11K,s1742.png,data/raw/TBX11K/imgs/sick/s1742.png,512,512,OK
TBX11K,s1971.png,data/raw/TBX11K/imgs/sick/s1971.png,512,512,OK
TBX11K,s4809.png,data/raw/TBX11K/imgs/sick/s4809.png,512,512,OK
TBX11K,s3800.png,data/raw/TBX11K/imgs/sick/s3800.png,512,512,OK
TBX11K,s1965.png,data/raw/TBX11K/imgs/sick/s1965.png,512,512,OK
TBX11K,s4835.png,data/raw/TBX11K/imgs/sick/s4835.png,512,512,OK
TBX11K,s3182.png,data/raw/TBX11K/imgs/sick/s3182.png,512,512,OK
TBX11K,s1795.png,data/raw/TBX11K/imgs/sick/s1795.png,512,512,OK
TBX11K,s3828.png,data/raw/TBX11K/imgs/sick/s3828.png,512,512,OK
TBX11K,s1959.png,data/raw/TBX11K/imgs/sick/s1959.png,512,512,OK
TBX11K,s1781.png,data/raw/TBX11K/imgs/sick/s1781.png,512,512,OK
TBX11K,s4821.png,data/raw/TBX11K/imgs/sick/s4821.png,512,512,OK
TBX11K,s2288.png,data/raw/TBX11K/imgs/sick/s2288.png,512,512,OK
TBX11K,s3196.png,data/raw/TBX11K/imgs/sick/s3196.png,512,512,OK
TBX11K,s4376.png,data/raw/TBX11K/imgs/sick/s4376.png,512,512,OK
TBX11K,s3419.png,data/raw/TBX11K/imgs/sick/s3419.png,512,512,OK
TBX11K,s2707.png,data/raw/TBX11K/imgs/sick/s2707.png,512,512,OK
TBX11K,s0110.png,data/raw/TBX11K/imgs/sick/s0110.png,512,512,OK
TBX11K,s0676.png,data/raw/TBX11K/imgs/sick/s0676.png,512,512,OK
TBX11K,s2061.png,data/raw/TBX11K/imgs/sick/s2061.png,512,512,OK
TBX11K,s4410.png,data/raw/TBX11K/imgs/sick/s4410.png,512,512,OK
TBX11K,s2075.png,data/raw/TBX11K/imgs/sick/s2075.png,512,512,OK
TBX11K,s4404.png,data/raw/TBX11K/imgs/sick/s4404.png,512,512,OK
TBX11K,s0662.png,data/raw/TBX11K/imgs/sick/s0662.png,512,512,OK
TBX11K,s0104.png,data/raw/TBX11K/imgs/sick/s0104.png,512,512,OK
TBX11K,s4362.png,data/raw/TBX11K/imgs/sick/s4362.png,512,512,OK
TBX11K,s2713.png,data/raw/TBX11K/imgs/sick/s2713.png,512,512,OK
TBX11K,s1232.png,data/raw/TBX11K/imgs/sick/s1232.png,512,512,OK
TBX11K,s3425.png,data/raw/TBX11K/imgs/sick/s3425.png,512,512,OK
TBX11K,s3343.png,data/raw/TBX11K/imgs/sick/s3343.png,512,512,OK
TBX11K,s3357.png,data/raw/TBX11K/imgs/sick/s3357.png,512,512,OK
TBX11K,s3431.png,data/raw/TBX11K/imgs/sick/s3431.png,512,512,OK
TBX11K,s1226.png,data/raw/TBX11K/imgs/sick/s1226.png,512,512,OK
TBX11K,s0138.png,data/raw/TBX11K/imgs/sick/s0138.png,512,512,OK
TBX11K,s2920.png,data/raw/TBX11K/imgs/sick/s2920.png,512,512,OK
TBX11K,s4389.png,data/raw/TBX11K/imgs/sick/s4389.png,512,512,OK
TBX11K,s1597.png,data/raw/TBX11K/imgs/sick/s1597.png,512,512,OK
TBX11K,s0851.png,data/raw/TBX11K/imgs/sick/s0851.png,512,512,OK
TBX11K,s0689.png,data/raw/TBX11K/imgs/sick/s0689.png,512,512,OK
TBX11K,s3380.png,data/raw/TBX11K/imgs/sick/s3380.png,512,512,OK
TBX11K,s3394.png,data/raw/TBX11K/imgs/sick/s3394.png,512,512,OK
TBX11K,s1583.png,data/raw/TBX11K/imgs/sick/s1583.png,512,512,OK
TBX11K,s2934.png,data/raw/TBX11K/imgs/sick/s2934.png,512,512,OK
TBX11K,s0844.png,data/raw/TBX11K/imgs/sick/s0844.png,512,512,OK
TBX11K,s1582.png,data/raw/TBX11K/imgs/sick/s1582.png,512,512,OK
TBX11K,s2935.png,data/raw/TBX11K/imgs/sick/s2935.png,512,512,OK
TBX11K,s2921.png,data/raw/TBX11K/imgs/sick/s2921.png,512,512,OK
TBX11K,s3381.png,data/raw/TBX11K/imgs/sick/s3381.png,512,512,OK
TBX11K,s0688.png,data/raw/TBX11K/imgs/sick/s0688.png,512,512,OK
TBX11K,s1596.png,data/raw/TBX11K/imgs/sick/s1596.png,512,512,OK
TBX11K,s0878.png,data/raw/TBX11K/imgs/sick/s0878.png,512,512,OK
TBX11K,s2909.png,data/raw/TBX11K/imgs/sick/s2909.png,512,512,OK
TBX11K,s4439.png,data/raw/TBX11K/imgs/sick/s4439.png,512,512,OK
TBX11K,s3356.png,data/raw/TBX11K/imgs/sick/s3356.png,512,512,OK
TBX11K,s1541.png,data/raw/TBX11K/imgs/sick/s1541.png,512,512,OK
TBX11K,s0139.png,data/raw/TBX11K/imgs/sick/s0139.png,512,512,OK
TBX11K,s1227.png,data/raw/TBX11K/imgs/sick/s1227.png,512,512,OK
TBX11K,s3430.png,data/raw/TBX11K/imgs/sick/s3430.png,512,512,OK
TBX11K,s3424.png,data/raw/TBX11K/imgs/sick/s3424.png,512,512,OK
TBX11K,s1233.png,data/raw/TBX11K/imgs/sick/s1233.png,512,512,OK
TBX11K,s0893.png,data/raw/TBX11K/imgs/sick/s0893.png,512,512,OK
TBX11K,s1555.png,data/raw/TBX11K/imgs/sick/s1555.png,512,512,OK
TBX11K,s0663.png,data/raw/TBX11K/imgs/sick/s0663.png,512,512,OK
TBX11K,s4405.png,data/raw/TBX11K/imgs/sick/s4405.png,512,512,OK
TBX11K,s2712.png,data/raw/TBX11K/imgs/sick/s2712.png,512,512,OK
TBX11K,s4363.png,data/raw/TBX11K/imgs/sick/s4363.png,512,512,OK
TBX11K,s0105.png,data/raw/TBX11K/imgs/sick/s0105.png,512,512,OK
TBX11K,s0111.png,data/raw/TBX11K/imgs/sick/s0111.png,512,512,OK
TBX11K,s2706.png,data/raw/TBX11K/imgs/sick/s2706.png,512,512,OK
TBX11K,s3418.png,data/raw/TBX11K/imgs/sick/s3418.png,512,512,OK
TBX11K,s4377.png,data/raw/TBX11K/imgs/sick/s4377.png,512,512,OK
TBX11K,s4411.png,data/raw/TBX11K/imgs/sick/s4411.png,512,512,OK
TBX11K,s2060.png,data/raw/TBX11K/imgs/sick/s2060.png,512,512,OK
TBX11K,s1569.png,data/raw/TBX11K/imgs/sick/s1569.png,512,512,OK
TBX11K,s3197.png,data/raw/TBX11K/imgs/sick/s3197.png,512,512,OK
TBX11K,s2289.png,data/raw/TBX11K/imgs/sick/s2289.png,512,512,OK
TBX11K,s1958.png,data/raw/TBX11K/imgs/sick/s1958.png,512,512,OK
TBX11K,s1794.png,data/raw/TBX11K/imgs/sick/s1794.png,512,512,OK
TBX11K,s3183.png,data/raw/TBX11K/imgs/sick/s3183.png,512,512,OK
TBX11K,s3815.png,data/raw/TBX11K/imgs/sick/s3815.png,512,512,OK
TBX11K,s1964.png,data/raw/TBX11K/imgs/sick/s1964.png,512,512,OK
TBX11K,s1970.png,data/raw/TBX11K/imgs/sick/s1970.png,512,512,OK
TBX11K,s3801.png,data/raw/TBX11K/imgs/sick/s3801.png,512,512,OK
TBX11K,s3632.png,data/raw/TBX11K/imgs/sick/s3632.png,512,512,OK
TBX11K,s1743.png,data/raw/TBX11K/imgs/sick/s1743.png,512,512,OK
TBX11K,s3154.png,data/raw/TBX11K/imgs/sick/s3154.png,512,512,OK
TBX11K,s3140.png,data/raw/TBX11K/imgs/sick/s3140.png,512,512,OK
TBX11K,s0449.png,data/raw/TBX11K/imgs/sick/s0449.png,512,512,OK
TBX11K,s1757.png,data/raw/TBX11K/imgs/sick/s1757.png,512,512,OK
TBX11K,s1031.png,data/raw/TBX11K/imgs/sick/s1031.png,512,512,OK
TBX11K,s4149.png,data/raw/TBX11K/imgs/sick/s4149.png,512,512,OK
TBX11K,s3626.png,data/raw/TBX11K/imgs/sick/s3626.png,512,512,OK
TBX11K,s2538.png,data/raw/TBX11K/imgs/sick/s2538.png,512,512,OK
TBX11K,s1019.png,data/raw/TBX11K/imgs/sick/s1019.png,512,512,OK
TBX11K,s0307.png,data/raw/TBX11K/imgs/sick/s0307.png,512,512,OK
TBX11K,s4161.png,data/raw/TBX11K/imgs/sick/s4161.png,512,512,OK
TBX11K,s2510.png,data/raw/TBX11K/imgs/sick/s2510.png,512,512,OK
TBX11K,s2276.png,data/raw/TBX11K/imgs/sick/s2276.png,512,512,OK
TBX11K,s3168.png,data/raw/TBX11K/imgs/sick/s3168.png,512,512,OK
TBX11K,s4607.png,data/raw/TBX11K/imgs/sick/s4607.png,512,512,OK
TBX11K,s0461.png,data/raw/TBX11K/imgs/sick/s0461.png,512,512,OK
TBX11K,s0475.png,data/raw/TBX11K/imgs/sick/s0475.png,512,512,OK
TBX11K,s4613.png,data/raw/TBX11K/imgs/sick/s4613.png,512,512,OK
TBX11K,s4175.png,data/raw/TBX11K/imgs/sick/s4175.png,512,512,OK
TBX11K,s0313.png,data/raw/TBX11K/imgs/sick/s0313.png,512,512,OK
TBX11K,s1192.png,data/raw/TBX11K/imgs/sick/s1192.png,512,512,OK
TBX11K,s3785.png,data/raw/TBX11K/imgs/sick/s3785.png,512,512,OK
TBX11K,s4954.png,data/raw/TBX11K/imgs/sick/s4954.png,512,512,OK
TBX11K,s1838.png,data/raw/TBX11K/imgs/sick/s1838.png,512,512,OK
TBX11K,s4940.png,data/raw/TBX11K/imgs/sick/s4940.png,512,512,OK
TBX11K,s4798.png,data/raw/TBX11K/imgs/sick/s4798.png,512,512,OK
TBX11K,s3791.png,data/raw/TBX11K/imgs/sick/s3791.png,512,512,OK
TBX11K,s3949.png,data/raw/TBX11K/imgs/sick/s3949.png,512,512,OK
TBX11K,s0298.png,data/raw/TBX11K/imgs/sick/s0298.png,512,512,OK
TBX11K,s3961.png,data/raw/TBX11K/imgs/sick/s3961.png,512,512,OK
TBX11K,s4968.png,data/raw/TBX11K/imgs/sick/s4968.png,512,512,OK
TBX11K,s1804.png,data/raw/TBX11K/imgs/sick/s1804.png,512,512,OK
TBX11K,s2458.png,data/raw/TBX11K/imgs/sick/s2458.png,512,512,OK
TBX11K,s1151.png,data/raw/TBX11K/imgs/sick/s1151.png,512,512,OK
TBX11K,s1637.png,data/raw/TBX11K/imgs/sick/s1637.png,512,512,OK
TBX11K,s0529.png,data/raw/TBX11K/imgs/sick/s0529.png,512,512,OK
TBX11K,s3020.png,data/raw/TBX11K/imgs/sick/s3020.png,512,512,OK
TBX11K,s4983.png,data/raw/TBX11K/imgs/sick/s4983.png,512,512,OK
TBX11K,s1623.png,data/raw/TBX11K/imgs/sick/s1623.png,512,512,OK
TBX11K,s3752.png,data/raw/TBX11K/imgs/sick/s3752.png,512,512,OK
TBX11K,s2464.png,data/raw/TBX11K/imgs/sick/s2464.png,512,512,OK
TBX11K,s4015.png,data/raw/TBX11K/imgs/sick/s4015.png,512,512,OK
TBX11K,s0515.png,data/raw/TBX11K/imgs/sick/s0515.png,512,512,OK
TBX11K,s3008.png,data/raw/TBX11K/imgs/sick/s3008.png,512,512,OK
TBX11K,s2316.png,data/raw/TBX11K/imgs/sick/s2316.png,512,512,OK
TBX11K,s2470.png,data/raw/TBX11K/imgs/sick/s2470.png,512,512,OK
TBX11K,s4001.png,data/raw/TBX11K/imgs/sick/s4001.png,512,512,OK
TBX11K,s0267.png,data/raw/TBX11K/imgs/sick/s0267.png,512,512,OK
TBX11K,s1179.png,data/raw/TBX11K/imgs/sick/s1179.png,512,512,OK
TBX11K,s0930.png,data/raw/TBX11K/imgs/sick/s0930.png,512,512,OK
TBX11K,s2841.png,data/raw/TBX11K/imgs/sick/s2841.png,512,512,OK
TBX11K,s3587.png,data/raw/TBX11K/imgs/sick/s3587.png,512,512,OK
TBX11K,s1390.png,data/raw/TBX11K/imgs/sick/s1390.png,512,512,OK
TBX11K,s1384.png,data/raw/TBX11K/imgs/sick/s1384.png,512,512,OK
TBX11K,s2855.png,data/raw/TBX11K/imgs/sick/s2855.png,512,512,OK
TBX11K,s0924.png,data/raw/TBX11K/imgs/sick/s0924.png,512,512,OK
TBX11K,s2869.png,data/raw/TBX11K/imgs/sick/s2869.png,512,512,OK
TBX11K,s0918.png,data/raw/TBX11K/imgs/sick/s0918.png,512,512,OK
TBX11K,s3222.png,data/raw/TBX11K/imgs/sick/s3222.png,512,512,OK
TBX11K,s1435.png,data/raw/TBX11K/imgs/sick/s1435.png,512,512,OK
TBX11K,s1353.png,data/raw/TBX11K/imgs/sick/s1353.png,512,512,OK
TBX11K,s2882.png,data/raw/TBX11K/imgs/sick/s2882.png,512,512,OK
TBX11K,s3544.png,data/raw/TBX11K/imgs/sick/s3544.png,512,512,OK
TBX11K,s2896.png,data/raw/TBX11K/imgs/sick/s2896.png,512,512,OK
TBX11K,s3550.png,data/raw/TBX11K/imgs/sick/s3550.png,512,512,OK
TBX11K,s1347.png,data/raw/TBX11K/imgs/sick/s1347.png,512,512,OK
TBX11K,s0059.png,data/raw/TBX11K/imgs/sick/s0059.png,512,512,OK
TBX11K,s1421.png,data/raw/TBX11K/imgs/sick/s1421.png,512,512,OK
TBX11K,s2128.png,data/raw/TBX11K/imgs/sick/s2128.png,512,512,OK
TBX11K,s3236.png,data/raw/TBX11K/imgs/sick/s3236.png,512,512,OK
TBX11K,s4559.png,data/raw/TBX11K/imgs/sick/s4559.png,512,512,OK
TBX11K,s0717.png,data/raw/TBX11K/imgs/sick/s0717.png,512,512,OK
TBX11K,s1409.png,data/raw/TBX11K/imgs/sick/s1409.png,512,512,OK
TBX11K,s4571.png,data/raw/TBX11K/imgs/sick/s4571.png,512,512,OK
TBX11K,s4217.png,data/raw/TBX11K/imgs/sick/s4217.png,512,512,OK
TBX11K,s3578.png,data/raw/TBX11K/imgs/sick/s3578.png,512,512,OK
TBX11K,s2666.png,data/raw/TBX11K/imgs/sick/s2666.png,512,512,OK
TBX11K,s0071.png,data/raw/TBX11K/imgs/sick/s0071.png,512,512,OK
TBX11K,s0065.png,data/raw/TBX11K/imgs/sick/s0065.png,512,512,OK
TBX11K,s2672.png,data/raw/TBX11K/imgs/sick/s2672.png,512,512,OK
TBX11K,s2114.png,data/raw/TBX11K/imgs/sick/s2114.png,512,512,OK
TBX11K,s4565.png,data/raw/TBX11K/imgs/sick/s4565.png,512,512,OK
TBX11K,s0703.png,data/raw/TBX11K/imgs/sick/s0703.png,512,512,OK
TBX11K,s3575.png,data/raw/TBX11K/imgs/sick/s3575.png,512,512,OK
TBX11K,s1362.png,data/raw/TBX11K/imgs/sick/s1362.png,512,512,OK
TBX11K,s0068.png,data/raw/TBX11K/imgs/sick/s0068.png,512,512,OK
TBX11K,s3561.png,data/raw/TBX11K/imgs/sick/s3561.png,512,512,OK
TBX11K,s3207.png,data/raw/TBX11K/imgs/sick/s3207.png,512,512,OK
TBX11K,s4568.png,data/raw/TBX11K/imgs/sick/s4568.png,512,512,OK
TBX11K,s1438.png,data/raw/TBX11K/imgs/sick/s1438.png,512,512,OK
TBX11K,s0726.png,data/raw/TBX11K/imgs/sick/s0726.png,512,512,OK
TBX11K,s2657.png,data/raw/TBX11K/imgs/sick/s2657.png,512,512,OK
TBX11K,s4226.png,data/raw/TBX11K/imgs/sick/s4226.png,512,512,OK
TBX11K,s3549.png,data/raw/TBX11K/imgs/sick/s3549.png,512,512,OK
TBX11K,s2643.png,data/raw/TBX11K/imgs/sick/s2643.png,512,512,OK
TBX11K,s4232.png,data/raw/TBX11K/imgs/sick/s4232.png,512,512,OK
TBX11K,s0054.png,data/raw/TBX11K/imgs/sick/s0054.png,512,512,OK
TBX11K,s0732.png,data/raw/TBX11K/imgs/sick/s0732.png,512,512,OK
TBX11K,s4554.png,data/raw/TBX11K/imgs/sick/s4554.png,512,512,OK
TBX11K,s2125.png,data/raw/TBX11K/imgs/sick/s2125.png,512,512,OK
TBX11K,s2864.png,data/raw/TBX11K/imgs/sick/s2864.png,512,512,OK
TBX11K,s0915.png,data/raw/TBX11K/imgs/sick/s0915.png,512,512,OK
TBX11K,s4583.png,data/raw/TBX11K/imgs/sick/s4583.png,512,512,OK
TBX11K,s2694.png,data/raw/TBX11K/imgs/sick/s2694.png,512,512,OK
TBX11K,s0083.png,data/raw/TBX11K/imgs/sick/s0083.png,512,512,OK
TBX11K,s1389.png,data/raw/TBX11K/imgs/sick/s1389.png,512,512,OK
TBX11K,s0097.png,data/raw/TBX11K/imgs/sick/s0097.png,512,512,OK
TBX11K,s2858.png,data/raw/TBX11K/imgs/sick/s2858.png,512,512,OK
TBX11K,s2680.png,data/raw/TBX11K/imgs/sick/s2680.png,512,512,OK
TBX11K,s4597.png,data/raw/TBX11K/imgs/sick/s4597.png,512,512,OK
TBX11K,s0929.png,data/raw/TBX11K/imgs/sick/s0929.png,512,512,OK
TBX11K,s1160.png,data/raw/TBX11K/imgs/sick/s1160.png,512,512,OK
TBX11K,s3777.png,data/raw/TBX11K/imgs/sick/s3777.png,512,512,OK
TBX11K,s4018.png,data/raw/TBX11K/imgs/sick/s4018.png,512,512,OK
TBX11K,s2469.png,data/raw/TBX11K/imgs/sick/s2469.png,512,512,OK
TBX11K,s3011.png,data/raw/TBX11K/imgs/sick/s3011.png,512,512,OK
TBX11K,s0518.png,data/raw/TBX11K/imgs/sick/s0518.png,512,512,OK
TBX11K,s1606.png,data/raw/TBX11K/imgs/sick/s1606.png,512,512,OK
TBX11K,s1612.png,data/raw/TBX11K/imgs/sick/s1612.png,512,512,OK
TBX11K,s3763.png,data/raw/TBX11K/imgs/sick/s3763.png,512,512,OK
TBX11K,s1174.png,data/raw/TBX11K/imgs/sick/s1174.png,512,512,OK
TBX11K,s4024.png,data/raw/TBX11K/imgs/sick/s4024.png,512,512,OK
TBX11K,s3993.png,data/raw/TBX11K/imgs/sick/s3993.png,512,512,OK
TBX11K,s0242.png,data/raw/TBX11K/imgs/sick/s0242.png,512,512,OK
TBX11K,s0524.png,data/raw/TBX11K/imgs/sick/s0524.png,512,512,OK
TBX11K,s2333.png,data/raw/TBX11K/imgs/sick/s2333.png,512,512,OK
TBX11K,s4742.png,data/raw/TBX11K/imgs/sick/s4742.png,512,512,OK
TBX11K,s2327.png,data/raw/TBX11K/imgs/sick/s2327.png,512,512,OK
TBX11K,s4756.png,data/raw/TBX11K/imgs/sick/s4756.png,512,512,OK
TBX11K,s3039.png,data/raw/TBX11K/imgs/sick/s3039.png,512,512,OK
TBX11K,s0530.png,data/raw/TBX11K/imgs/sick/s0530.png,512,512,OK
TBX11K,s1148.png,data/raw/TBX11K/imgs/sick/s1148.png,512,512,OK
TBX11K,s0256.png,data/raw/TBX11K/imgs/sick/s0256.png,512,512,OK
TBX11K,s4030.png,data/raw/TBX11K/imgs/sick/s4030.png,512,512,OK
TBX11K,s3987.png,data/raw/TBX11K/imgs/sick/s3987.png,512,512,OK
TBX11K,s2441.png,data/raw/TBX11K/imgs/sick/s2441.png,512,512,OK
TBX11K,s4965.png,data/raw/TBX11K/imgs/sick/s4965.png,512,512,OK
TBX11K,s1809.png,data/raw/TBX11K/imgs/sick/s1809.png,512,512,OK
TBX11K,s3978.png,data/raw/TBX11K/imgs/sick/s3978.png,512,512,OK
TBX11K,s0281.png,data/raw/TBX11K/imgs/sick/s0281.png,512,512,OK
TBX11K,s3788.png,data/raw/TBX11K/imgs/sick/s3788.png,512,512,OK
TBX11K,s4781.png,data/raw/TBX11K/imgs/sick/s4781.png,512,512,OK
TBX11K,s4959.png,data/raw/TBX11K/imgs/sick/s4959.png,512,512,OK
TBX11K,s1821.png,data/raw/TBX11K/imgs/sick/s1821.png,512,512,OK
TBX11K,s1835.png,data/raw/TBX11K/imgs/sick/s1835.png,512,512,OK
TBX11K,s4795.png,data/raw/TBX11K/imgs/sick/s4795.png,512,512,OK
TBX11K,s3944.png,data/raw/TBX11K/imgs/sick/s3944.png,512,512,OK
TBX11K,s2482.png,data/raw/TBX11K/imgs/sick/s2482.png,512,512,OK
TBX11K,s1014.png,data/raw/TBX11K/imgs/sick/s1014.png,512,512,OK
TBX11K,s3603.png,data/raw/TBX11K/imgs/sick/s3603.png,512,512,OK
TBX11K,s3165.png,data/raw/TBX11K/imgs/sick/s3165.png,512,512,OK
TBX11K,s1772.png,data/raw/TBX11K/imgs/sick/s1772.png,512,512,OK
TBX11K,s1766.png,data/raw/TBX11K/imgs/sick/s1766.png,512,512,OK
TBX11K,s0478.png,data/raw/TBX11K/imgs/sick/s0478.png,512,512,OK
TBX11K,s3171.png,data/raw/TBX11K/imgs/sick/s3171.png,512,512,OK
TBX11K,s2509.png,data/raw/TBX11K/imgs/sick/s2509.png,512,512,OK
TBX11K,s4178.png,data/raw/TBX11K/imgs/sick/s4178.png,512,512,OK
TBX11K,s3617.png,data/raw/TBX11K/imgs/sick/s3617.png,512,512,OK
TBX11K,s2521.png,data/raw/TBX11K/imgs/sick/s2521.png,512,512,OK
TBX11K,s4150.png,data/raw/TBX11K/imgs/sick/s4150.png,512,512,OK
TBX11K,s0336.png,data/raw/TBX11K/imgs/sick/s0336.png,512,512,OK
TBX11K,s0450.png,data/raw/TBX11K/imgs/sick/s0450.png,512,512,OK
TBX11K,s4636.png,data/raw/TBX11K/imgs/sick/s4636.png,512,512,OK
TBX11K,s4622.png,data/raw/TBX11K/imgs/sick/s4622.png,512,512,OK
TBX11K,s2253.png,data/raw/TBX11K/imgs/sick/s2253.png,512,512,OK
TBX11K,s1982.png,data/raw/TBX11K/imgs/sick/s1982.png,512,512,OK
TBX11K,s0444.png,data/raw/TBX11K/imgs/sick/s0444.png,512,512,OK
TBX11K,s2535.png,data/raw/TBX11K/imgs/sick/s2535.png,512,512,OK
TBX11K,s4144.png,data/raw/TBX11K/imgs/sick/s4144.png,512,512,OK
TBX11K,s3818.png,data/raw/TBX11K/imgs/sick/s3818.png,512,512,OK
TBX11K,s1969.png,data/raw/TBX11K/imgs/sick/s1969.png,512,512,OK
TBX11K,s4811.png,data/raw/TBX11K/imgs/sick/s4811.png,512,512,OK
TBX11K,s4193.png,data/raw/TBX11K/imgs/sick/s4193.png,512,512,OK
TBX11K,s2284.png,data/raw/TBX11K/imgs/sick/s2284.png,512,512,OK
TBX11K,s1955.png,data/raw/TBX11K/imgs/sick/s1955.png,512,512,OK
TBX11K,s0493.png,data/raw/TBX11K/imgs/sick/s0493.png,512,512,OK
TBX11K,s0487.png,data/raw/TBX11K/imgs/sick/s0487.png,512,512,OK
TBX11K,s1799.png,data/raw/TBX11K/imgs/sick/s1799.png,512,512,OK
TBX11K,s4839.png,data/raw/TBX11K/imgs/sick/s4839.png,512,512,OK
TBX11K,s4187.png,data/raw/TBX11K/imgs/sick/s4187.png,512,512,OK
TBX11K,s1570.png,data/raw/TBX11K/imgs/sick/s1570.png,512,512,OK
TBX11K,s2079.png,data/raw/TBX11K/imgs/sick/s2079.png,512,512,OK
TBX11K,s4408.png,data/raw/TBX11K/imgs/sick/s4408.png,512,512,OK
TBX11K,s3367.png,data/raw/TBX11K/imgs/sick/s3367.png,512,512,OK
TBX11K,s3401.png,data/raw/TBX11K/imgs/sick/s3401.png,512,512,OK
TBX11K,s1216.png,data/raw/TBX11K/imgs/sick/s1216.png,512,512,OK
TBX11K,s0108.png,data/raw/TBX11K/imgs/sick/s0108.png,512,512,OK
TBX11K,s1202.png,data/raw/TBX11K/imgs/sick/s1202.png,512,512,OK
TBX11K,s3415.png,data/raw/TBX11K/imgs/sick/s3415.png,512,512,OK
TBX11K,s3373.png,data/raw/TBX11K/imgs/sick/s3373.png,512,512,OK
TBX11K,s0652.png,data/raw/TBX11K/imgs/sick/s0652.png,512,512,OK
TBX11K,s0134.png,data/raw/TBX11K/imgs/sick/s0134.png,512,512,OK
TBX11K,s4352.png,data/raw/TBX11K/imgs/sick/s4352.png,512,512,OK
TBX11K,s2723.png,data/raw/TBX11K/imgs/sick/s2723.png,512,512,OK
TBX11K,s3429.png,data/raw/TBX11K/imgs/sick/s3429.png,512,512,OK
TBX11K,s4346.png,data/raw/TBX11K/imgs/sick/s4346.png,512,512,OK
TBX11K,s2737.png,data/raw/TBX11K/imgs/sick/s2737.png,512,512,OK
TBX11K,s0120.png,data/raw/TBX11K/imgs/sick/s0120.png,512,512,OK
TBX11K,s0646.png,data/raw/TBX11K/imgs/sick/s0646.png,512,512,OK
TBX11K,s2051.png,data/raw/TBX11K/imgs/sick/s2051.png,512,512,OK
TBX11K,s4420.png,data/raw/TBX11K/imgs/sick/s4420.png,512,512,OK
TBX11K,s0875.png,data/raw/TBX11K/imgs/sick/s0875.png,512,512,OK
TBX11K,s2904.png,data/raw/TBX11K/imgs/sick/s2904.png,512,512,OK
TBX11K,s2910.png,data/raw/TBX11K/imgs/sick/s2910.png,512,512,OK
TBX11K,s0849.png,data/raw/TBX11K/imgs/sick/s0849.png,512,512,OK
TBX11K,s0691.png,data/raw/TBX11K/imgs/sick/s0691.png,512,512,OK
TBX11K,s2086.png,data/raw/TBX11K/imgs/sick/s2086.png,512,512,OK
TBX11K,s4391.png,data/raw/TBX11K/imgs/sick/s4391.png,512,512,OK
TBX11K,s2938.png,data/raw/TBX11K/imgs/sick/s2938.png,512,512,OK
TBX11K,s4385.png,data/raw/TBX11K/imgs/sick/s4385.png,512,512,OK
TBX11K,s2092.png,data/raw/TBX11K/imgs/sick/s2092.png,512,512,OK
TBX11K,s0685.png,data/raw/TBX11K/imgs/sick/s0685.png,512,512,OK
TBX11K,s4384.png,data/raw/TBX11K/imgs/sick/s4384.png,512,512,OK
TBX11K,s0684.png,data/raw/TBX11K/imgs/sick/s0684.png,512,512,OK
TBX11K,s2093.png,data/raw/TBX11K/imgs/sick/s2093.png,512,512,OK
TBX11K,s2087.png,data/raw/TBX11K/imgs/sick/s2087.png,512,512,OK
TBX11K,s3399.png,data/raw/TBX11K/imgs/sick/s3399.png,512,512,OK
TBX11K,s0690.png,data/raw/TBX11K/imgs/sick/s0690.png,512,512,OK
TBX11K,s0848.png,data/raw/TBX11K/imgs/sick/s0848.png,512,512,OK
TBX11K,s2911.png,data/raw/TBX11K/imgs/sick/s2911.png,512,512,OK
TBX11K,s0874.png,data/raw/TBX11K/imgs/sick/s0874.png,512,512,OK
TBX11K,s2905.png,data/raw/TBX11K/imgs/sick/s2905.png,512,512,OK
TBX11K,s0121.png,data/raw/TBX11K/imgs/sick/s0121.png,512,512,OK
TBX11K,s4347.png,data/raw/TBX11K/imgs/sick/s4347.png,512,512,OK
TBX11K,s3428.png,data/raw/TBX11K/imgs/sick/s3428.png,512,512,OK
TBX11K,s4421.png,data/raw/TBX11K/imgs/sick/s4421.png,512,512,OK
TBX11K,s2050.png,data/raw/TBX11K/imgs/sick/s2050.png,512,512,OK
TBX11K,s1559.png,data/raw/TBX11K/imgs/sick/s1559.png,512,512,OK
TBX11K,s0647.png,data/raw/TBX11K/imgs/sick/s0647.png,512,512,OK
TBX11K,s4435.png,data/raw/TBX11K/imgs/sick/s4435.png,512,512,OK
TBX11K,s2044.png,data/raw/TBX11K/imgs/sick/s2044.png,512,512,OK
TBX11K,s4353.png,data/raw/TBX11K/imgs/sick/s4353.png,512,512,OK
TBX11K,s0135.png,data/raw/TBX11K/imgs/sick/s0135.png,512,512,OK
TBX11K,s3414.png,data/raw/TBX11K/imgs/sick/s3414.png,512,512,OK
TBX11K,s3366.png,data/raw/TBX11K/imgs/sick/s3366.png,512,512,OK
TBX11K,s4409.png,data/raw/TBX11K/imgs/sick/s4409.png,512,512,OK
TBX11K,s2078.png,data/raw/TBX11K/imgs/sick/s2078.png,512,512,OK
TBX11K,s1571.png,data/raw/TBX11K/imgs/sick/s1571.png,512,512,OK
TBX11K,s0109.png,data/raw/TBX11K/imgs/sick/s0109.png,512,512,OK
TBX11K,s1217.png,data/raw/TBX11K/imgs/sick/s1217.png,512,512,OK
TBX11K,s3400.png,data/raw/TBX11K/imgs/sick/s3400.png,512,512,OK
TBX11K,s4838.png,data/raw/TBX11K/imgs/sick/s4838.png,512,512,OK
TBX11K,s2291.png,data/raw/TBX11K/imgs/sick/s2291.png,512,512,OK
TBX11K,s1798.png,data/raw/TBX11K/imgs/sick/s1798.png,512,512,OK
TBX11K,s0486.png,data/raw/TBX11K/imgs/sick/s0486.png,512,512,OK
TBX11K,s1940.png,data/raw/TBX11K/imgs/sick/s1940.png,512,512,OK
TBX11K,s3831.png,data/raw/TBX11K/imgs/sick/s3831.png,512,512,OK
TBX11K,s4186.png,data/raw/TBX11K/imgs/sick/s4186.png,512,512,OK
TBX11K,s4192.png,data/raw/TBX11K/imgs/sick/s4192.png,512,512,OK
TBX11K,s1954.png,data/raw/TBX11K/imgs/sick/s1954.png,512,512,OK
TBX11K,s4804.png,data/raw/TBX11K/imgs/sick/s4804.png,512,512,OK
TBX11K,s3819.png,data/raw/TBX11K/imgs/sick/s3819.png,512,512,OK
TBX11K,s1968.png,data/raw/TBX11K/imgs/sick/s1968.png,512,512,OK
TBX11K,s0445.png,data/raw/TBX11K/imgs/sick/s0445.png,512,512,OK
TBX11K,s1983.png,data/raw/TBX11K/imgs/sick/s1983.png,512,512,OK
TBX11K,s2252.png,data/raw/TBX11K/imgs/sick/s2252.png,512,512,OK
TBX11K,s4623.png,data/raw/TBX11K/imgs/sick/s4623.png,512,512,OK
TBX11K,s4145.png,data/raw/TBX11K/imgs/sick/s4145.png,512,512,OK
TBX11K,s2534.png,data/raw/TBX11K/imgs/sick/s2534.png,512,512,OK
TBX11K,s0323.png,data/raw/TBX11K/imgs/sick/s0323.png,512,512,OK
TBX11K,s0337.png,data/raw/TBX11K/imgs/sick/s0337.png,512,512,OK
TBX11K,s2520.png,data/raw/TBX11K/imgs/sick/s2520.png,512,512,OK
TBX11K,s4637.png,data/raw/TBX11K/imgs/sick/s4637.png,512,512,OK
TBX11K,s3158.png,data/raw/TBX11K/imgs/sick/s3158.png,512,512,OK
TBX11K,s0451.png,data/raw/TBX11K/imgs/sick/s0451.png,512,512,OK
TBX11K,s3170.png,data/raw/TBX11K/imgs/sick/s3170.png,512,512,OK
TBX11K,s0479.png,data/raw/TBX11K/imgs/sick/s0479.png,512,512,OK
TBX11K,s1001.png,data/raw/TBX11K/imgs/sick/s1001.png,512,512,OK
TBX11K,s3616.png,data/raw/TBX11K/imgs/sick/s3616.png,512,512,OK
TBX11K,s4179.png,data/raw/TBX11K/imgs/sick/s4179.png,512,512,OK
TBX11K,s2508.png,data/raw/TBX11K/imgs/sick/s2508.png,512,512,OK
TBX11K,s3602.png,data/raw/TBX11K/imgs/sick/s3602.png,512,512,OK
TBX11K,s1015.png,data/raw/TBX11K/imgs/sick/s1015.png,512,512,OK
TBX11K,s1773.png,data/raw/TBX11K/imgs/sick/s1773.png,512,512,OK
TBX11K,s3164.png,data/raw/TBX11K/imgs/sick/s3164.png,512,512,OK
TBX11K,s4794.png,data/raw/TBX11K/imgs/sick/s4794.png,512,512,OK
TBX11K,s0294.png,data/raw/TBX11K/imgs/sick/s0294.png,512,512,OK
TBX11K,s3789.png,data/raw/TBX11K/imgs/sick/s3789.png,512,512,OK
TBX11K,s2497.png,data/raw/TBX11K/imgs/sick/s2497.png,512,512,OK
TBX11K,s0280.png,data/raw/TBX11K/imgs/sick/s0280.png,512,512,OK
TBX11K,s4780.png,data/raw/TBX11K/imgs/sick/s4780.png,512,512,OK
TBX11K,s1808.png,data/raw/TBX11K/imgs/sick/s1808.png,512,512,OK
TBX11K,s4970.png,data/raw/TBX11K/imgs/sick/s4970.png,512,512,OK
TBX11K,s4964.png,data/raw/TBX11K/imgs/sick/s4964.png,512,512,OK
TBX11K,s0531.png,data/raw/TBX11K/imgs/sick/s0531.png,512,512,OK
TBX11K,s4757.png,data/raw/TBX11K/imgs/sick/s4757.png,512,512,OK
TBX11K,s2326.png,data/raw/TBX11K/imgs/sick/s2326.png,512,512,OK
TBX11K,s2440.png,data/raw/TBX11K/imgs/sick/s2440.png,512,512,OK
TBX11K,s4031.png,data/raw/TBX11K/imgs/sick/s4031.png,512,512,OK
TBX11K,s0257.png,data/raw/TBX11K/imgs/sick/s0257.png,512,512,OK
TBX11K,s0243.png,data/raw/TBX11K/imgs/sick/s0243.png,512,512,OK
TBX11K,s2454.png,data/raw/TBX11K/imgs/sick/s2454.png,512,512,OK
TBX11K,s3992.png,data/raw/TBX11K/imgs/sick/s3992.png,512,512,OK
TBX11K,s4743.png,data/raw/TBX11K/imgs/sick/s4743.png,512,512,OK
TBX11K,s2332.png,data/raw/TBX11K/imgs/sick/s2332.png,512,512,OK
TBX11K,s1613.png,data/raw/TBX11K/imgs/sick/s1613.png,512,512,OK
TBX11K,s1175.png,data/raw/TBX11K/imgs/sick/s1175.png,512,512,OK
TBX11K,s2468.png,data/raw/TBX11K/imgs/sick/s2468.png,512,512,OK
TBX11K,s4019.png,data/raw/TBX11K/imgs/sick/s4019.png,512,512,OK
TBX11K,s3776.png,data/raw/TBX11K/imgs/sick/s3776.png,512,512,OK
TBX11K,s1161.png,data/raw/TBX11K/imgs/sick/s1161.png,512,512,OK
TBX11K,s1607.png,data/raw/TBX11K/imgs/sick/s1607.png,512,512,OK
TBX11K,s0519.png,data/raw/TBX11K/imgs/sick/s0519.png,512,512,OK
TBX11K,s2681.png,data/raw/TBX11K/imgs/sick/s2681.png,512,512,OK
TBX11K,s2859.png,data/raw/TBX11K/imgs/sick/s2859.png,512,512,OK
TBX11K,s0096.png,data/raw/TBX11K/imgs/sick/s0096.png,512,512,OK
TBX11K,s1388.png,data/raw/TBX11K/imgs/sick/s1388.png,512,512,OK
TBX11K,s4596.png,data/raw/TBX11K/imgs/sick/s4596.png,512,512,OK
TBX11K,s4582.png,data/raw/TBX11K/imgs/sick/s4582.png,512,512,OK
TBX11K,s0082.png,data/raw/TBX11K/imgs/sick/s0082.png,512,512,OK
TBX11K,s0914.png,data/raw/TBX11K/imgs/sick/s0914.png,512,512,OK
TBX11K,s0900.png,data/raw/TBX11K/imgs/sick/s0900.png,512,512,OK
TBX11K,s2871.png,data/raw/TBX11K/imgs/sick/s2871.png,512,512,OK
TBX11K,s0055.png,data/raw/TBX11K/imgs/sick/s0055.png,512,512,OK
TBX11K,s4233.png,data/raw/TBX11K/imgs/sick/s4233.png,512,512,OK
TBX11K,s2642.png,data/raw/TBX11K/imgs/sick/s2642.png,512,512,OK
TBX11K,s2124.png,data/raw/TBX11K/imgs/sick/s2124.png,512,512,OK
TBX11K,s4555.png,data/raw/TBX11K/imgs/sick/s4555.png,512,512,OK
TBX11K,s0733.png,data/raw/TBX11K/imgs/sick/s0733.png,512,512,OK
TBX11K,s0727.png,data/raw/TBX11K/imgs/sick/s0727.png,512,512,OK
TBX11K,s1439.png,data/raw/TBX11K/imgs/sick/s1439.png,512,512,OK
TBX11K,s2130.png,data/raw/TBX11K/imgs/sick/s2130.png,512,512,OK
TBX11K,s4541.png,data/raw/TBX11K/imgs/sick/s4541.png,512,512,OK
TBX11K,s3548.png,data/raw/TBX11K/imgs/sick/s3548.png,512,512,OK
TBX11K,s4227.png,data/raw/TBX11K/imgs/sick/s4227.png,512,512,OK
TBX11K,s2656.png,data/raw/TBX11K/imgs/sick/s2656.png,512,512,OK
TBX11K,s0041.png,data/raw/TBX11K/imgs/sick/s0041.png,512,512,OK
TBX11K,s3560.png,data/raw/TBX11K/imgs/sick/s3560.png,512,512,OK
TBX11K,s1377.png,data/raw/TBX11K/imgs/sick/s1377.png,512,512,OK
TBX11K,s4569.png,data/raw/TBX11K/imgs/sick/s4569.png,512,512,OK
TBX11K,s3206.png,data/raw/TBX11K/imgs/sick/s3206.png,512,512,OK
TBX11K,s3212.png,data/raw/TBX11K/imgs/sick/s3212.png,512,512,OK
TBX11K,s1405.png,data/raw/TBX11K/imgs/sick/s1405.png,512,512,OK
TBX11K,s1363.png,data/raw/TBX11K/imgs/sick/s1363.png,512,512,OK
TBX11K,s1413.png,data/raw/TBX11K/imgs/sick/s1413.png,512,512,OK
TBX11K,s1375.png,data/raw/TBX11K/imgs/sick/s1375.png,512,512,OK
TBX11K,s2668.png,data/raw/TBX11K/imgs/sick/s2668.png,512,512,OK
TBX11K,s4219.png,data/raw/TBX11K/imgs/sick/s4219.png,512,512,OK
TBX11K,s3576.png,data/raw/TBX11K/imgs/sick/s3576.png,512,512,OK
TBX11K,s1407.png,data/raw/TBX11K/imgs/sick/s1407.png,512,512,OK
TBX11K,s0719.png,data/raw/TBX11K/imgs/sick/s0719.png,512,512,OK
TBX11K,s0731.png,data/raw/TBX11K/imgs/sick/s0731.png,512,512,OK
TBX11K,s3238.png,data/raw/TBX11K/imgs/sick/s3238.png,512,512,OK
TBX11K,s2640.png,data/raw/TBX11K/imgs/sick/s2640.png,512,512,OK
TBX11K,s2898.png,data/raw/TBX11K/imgs/sick/s2898.png,512,512,OK
TBX11K,s4231.png,data/raw/TBX11K/imgs/sick/s4231.png,512,512,OK
TBX11K,s0057.png,data/raw/TBX11K/imgs/sick/s0057.png,512,512,OK
TBX11K,s1349.png,data/raw/TBX11K/imgs/sick/s1349.png,512,512,OK
TBX11K,s4225.png,data/raw/TBX11K/imgs/sick/s4225.png,512,512,OK
TBX11K,s4543.png,data/raw/TBX11K/imgs/sick/s4543.png,512,512,OK
TBX11K,s2132.png,data/raw/TBX11K/imgs/sick/s2132.png,512,512,OK
TBX11K,s0725.png,data/raw/TBX11K/imgs/sick/s0725.png,512,512,OK
TBX11K,s0916.png,data/raw/TBX11K/imgs/sick/s0916.png,512,512,OK
TBX11K,s2867.png,data/raw/TBX11K/imgs/sick/s2867.png,512,512,OK
TBX11K,s2873.png,data/raw/TBX11K/imgs/sick/s2873.png,512,512,OK
TBX11K,s0902.png,data/raw/TBX11K/imgs/sick/s0902.png,512,512,OK
TBX11K,s4594.png,data/raw/TBX11K/imgs/sick/s4594.png,512,512,OK
TBX11K,s0094.png,data/raw/TBX11K/imgs/sick/s0094.png,512,512,OK
TBX11K,s2683.png,data/raw/TBX11K/imgs/sick/s2683.png,512,512,OK
TBX11K,s3589.png,data/raw/TBX11K/imgs/sick/s3589.png,512,512,OK
TBX11K,s4580.png,data/raw/TBX11K/imgs/sick/s4580.png,512,512,OK
TBX11K,s3760.png,data/raw/TBX11K/imgs/sick/s3760.png,512,512,OK
TBX11K,s1177.png,data/raw/TBX11K/imgs/sick/s1177.png,512,512,OK
TBX11K,s0269.png,data/raw/TBX11K/imgs/sick/s0269.png,512,512,OK
TBX11K,s1611.png,data/raw/TBX11K/imgs/sick/s1611.png,512,512,OK
TBX11K,s2318.png,data/raw/TBX11K/imgs/sick/s2318.png,512,512,OK
TBX11K,s4769.png,data/raw/TBX11K/imgs/sick/s4769.png,512,512,OK
TBX11K,s3006.png,data/raw/TBX11K/imgs/sick/s3006.png,512,512,OK
TBX11K,s3012.png,data/raw/TBX11K/imgs/sick/s3012.png,512,512,OK
TBX11K,s1605.png,data/raw/TBX11K/imgs/sick/s1605.png,512,512,OK
TBX11K,s1163.png,data/raw/TBX11K/imgs/sick/s1163.png,512,512,OK
TBX11K,s0255.png,data/raw/TBX11K/imgs/sick/s0255.png,512,512,OK
TBX11K,s4033.png,data/raw/TBX11K/imgs/sick/s4033.png,512,512,OK
TBX11K,s3984.png,data/raw/TBX11K/imgs/sick/s3984.png,512,512,OK
TBX11K,s2324.png,data/raw/TBX11K/imgs/sick/s2324.png,512,512,OK
TBX11K,s4755.png,data/raw/TBX11K/imgs/sick/s4755.png,512,512,OK
TBX11K,s0533.png,data/raw/TBX11K/imgs/sick/s0533.png,512,512,OK
TBX11K,s0527.png,data/raw/TBX11K/imgs/sick/s0527.png,512,512,OK
TBX11K,s1639.png,data/raw/TBX11K/imgs/sick/s1639.png,512,512,OK
TBX11K,s2330.png,data/raw/TBX11K/imgs/sick/s2330.png,512,512,OK
TBX11K,s4741.png,data/raw/TBX11K/imgs/sick/s4741.png,512,512,OK
TBX11K,s3748.png,data/raw/TBX11K/imgs/sick/s3748.png,512,512,OK
TBX11K,s3990.png,data/raw/TBX11K/imgs/sick/s3990.png,512,512,OK
TBX11K,s2456.png,data/raw/TBX11K/imgs/sick/s2456.png,512,512,OK
TBX11K,s0241.png,data/raw/TBX11K/imgs/sick/s0241.png,512,512,OK
TBX11K,s4972.png,data/raw/TBX11K/imgs/sick/s4972.png,512,512,OK
TBX11K,s4966.png,data/raw/TBX11K/imgs/sick/s4966.png,512,512,OK
TBX11K,s2481.png,data/raw/TBX11K/imgs/sick/s2481.png,512,512,OK
TBX11K,s0296.png,data/raw/TBX11K/imgs/sick/s0296.png,512,512,OK
TBX11K,s1188.png,data/raw/TBX11K/imgs/sick/s1188.png,512,512,OK
TBX11K,s1836.png,data/raw/TBX11K/imgs/sick/s1836.png,512,512,OK
TBX11K,s4796.png,data/raw/TBX11K/imgs/sick/s4796.png,512,512,OK
TBX11K,s1822.png,data/raw/TBX11K/imgs/sick/s1822.png,512,512,OK
TBX11K,s0282.png,data/raw/TBX11K/imgs/sick/s0282.png,512,512,OK
TBX11K,s3953.png,data/raw/TBX11K/imgs/sick/s3953.png,512,512,OK
TBX11K,s3614.png,data/raw/TBX11K/imgs/sick/s3614.png,512,512,OK
TBX11K,s1003.png,data/raw/TBX11K/imgs/sick/s1003.png,512,512,OK
TBX11K,s1765.png,data/raw/TBX11K/imgs/sick/s1765.png,512,512,OK
TBX11K,s3172.png,data/raw/TBX11K/imgs/sick/s3172.png,512,512,OK
TBX11K,s3166.png,data/raw/TBX11K/imgs/sick/s3166.png,512,512,OK
TBX11K,s4609.png,data/raw/TBX11K/imgs/sick/s4609.png,512,512,OK
TBX11K,s1771.png,data/raw/TBX11K/imgs/sick/s1771.png,512,512,OK
TBX11K,s0309.png,data/raw/TBX11K/imgs/sick/s0309.png,512,512,OK
TBX11K,s1017.png,data/raw/TBX11K/imgs/sick/s1017.png,512,512,OK
TBX11K,s3600.png,data/raw/TBX11K/imgs/sick/s3600.png,512,512,OK
TBX11K,s0321.png,data/raw/TBX11K/imgs/sick/s0321.png,512,512,OK
TBX11K,s2536.png,data/raw/TBX11K/imgs/sick/s2536.png,512,512,OK
TBX11K,s4147.png,data/raw/TBX11K/imgs/sick/s4147.png,512,512,OK
TBX11K,s3628.png,data/raw/TBX11K/imgs/sick/s3628.png,512,512,OK
TBX11K,s4621.png,data/raw/TBX11K/imgs/sick/s4621.png,512,512,OK
TBX11K,s1981.png,data/raw/TBX11K/imgs/sick/s1981.png,512,512,OK
TBX11K,s0447.png,data/raw/TBX11K/imgs/sick/s0447.png,512,512,OK
TBX11K,s1995.png,data/raw/TBX11K/imgs/sick/s1995.png,512,512,OK
TBX11K,s0453.png,data/raw/TBX11K/imgs/sick/s0453.png,512,512,OK
TBX11K,s4635.png,data/raw/TBX11K/imgs/sick/s4635.png,512,512,OK
TBX11K,s2244.png,data/raw/TBX11K/imgs/sick/s2244.png,512,512,OK
TBX11K,s2522.png,data/raw/TBX11K/imgs/sick/s2522.png,512,512,OK
TBX11K,s4153.png,data/raw/TBX11K/imgs/sick/s4153.png,512,512,OK
TBX11K,s0335.png,data/raw/TBX11K/imgs/sick/s0335.png,512,512,OK
TBX11K,s4812.png,data/raw/TBX11K/imgs/sick/s4812.png,512,512,OK
TBX11K,s4184.png,data/raw/TBX11K/imgs/sick/s4184.png,512,512,OK
TBX11K,s3833.png,data/raw/TBX11K/imgs/sick/s3833.png,512,512,OK
TBX11K,s1942.png,data/raw/TBX11K/imgs/sick/s1942.png,512,512,OK
TBX11K,s0484.png,data/raw/TBX11K/imgs/sick/s0484.png,512,512,OK
TBX11K,s2293.png,data/raw/TBX11K/imgs/sick/s2293.png,512,512,OK
TBX11K,s2287.png,data/raw/TBX11K/imgs/sick/s2287.png,512,512,OK
TBX11K,s3199.png,data/raw/TBX11K/imgs/sick/s3199.png,512,512,OK
TBX11K,s0490.png,data/raw/TBX11K/imgs/sick/s0490.png,512,512,OK
TBX11K,s4190.png,data/raw/TBX11K/imgs/sick/s4190.png,512,512,OK
TBX11K,s3827.png,data/raw/TBX11K/imgs/sick/s3827.png,512,512,OK
TBX11K,s3370.png,data/raw/TBX11K/imgs/sick/s3370.png,512,512,OK
TBX11K,s0679.png,data/raw/TBX11K/imgs/sick/s0679.png,512,512,OK
TBX11K,s1567.png,data/raw/TBX11K/imgs/sick/s1567.png,512,512,OK
TBX11K,s1201.png,data/raw/TBX11K/imgs/sick/s1201.png,512,512,OK
TBX11K,s3416.png,data/raw/TBX11K/imgs/sick/s3416.png,512,512,OK
TBX11K,s3402.png,data/raw/TBX11K/imgs/sick/s3402.png,512,512,OK
TBX11K,s1215.png,data/raw/TBX11K/imgs/sick/s1215.png,512,512,OK
TBX11K,s1573.png,data/raw/TBX11K/imgs/sick/s1573.png,512,512,OK
TBX11K,s3364.png,data/raw/TBX11K/imgs/sick/s3364.png,512,512,OK
TBX11K,s2052.png,data/raw/TBX11K/imgs/sick/s2052.png,512,512,OK
TBX11K,s4423.png,data/raw/TBX11K/imgs/sick/s4423.png,512,512,OK
TBX11K,s4345.png,data/raw/TBX11K/imgs/sick/s4345.png,512,512,OK
TBX11K,s2734.png,data/raw/TBX11K/imgs/sick/s2734.png,512,512,OK
TBX11K,s0123.png,data/raw/TBX11K/imgs/sick/s0123.png,512,512,OK
TBX11K,s1229.png,data/raw/TBX11K/imgs/sick/s1229.png,512,512,OK
TBX11K,s0137.png,data/raw/TBX11K/imgs/sick/s0137.png,512,512,OK
TBX11K,s4351.png,data/raw/TBX11K/imgs/sick/s4351.png,512,512,OK
TBX11K,s2720.png,data/raw/TBX11K/imgs/sick/s2720.png,512,512,OK
TBX11K,s4437.png,data/raw/TBX11K/imgs/sick/s4437.png,512,512,OK
TBX11K,s0651.png,data/raw/TBX11K/imgs/sick/s0651.png,512,512,OK
TBX11K,s0889.png,data/raw/TBX11K/imgs/sick/s0889.png,512,512,OK
TBX11K,s0862.png,data/raw/TBX11K/imgs/sick/s0862.png,512,512,OK
TBX11K,s2913.png,data/raw/TBX11K/imgs/sick/s2913.png,512,512,OK
TBX11K,s2907.png,data/raw/TBX11K/imgs/sick/s2907.png,512,512,OK
TBX11K,s0876.png,data/raw/TBX11K/imgs/sick/s0876.png,512,512,OK
TBX11K,s2091.png,data/raw/TBX11K/imgs/sick/s2091.png,512,512,OK
TBX11K,s1598.png,data/raw/TBX11K/imgs/sick/s1598.png,512,512,OK
TBX11K,s0686.png,data/raw/TBX11K/imgs/sick/s0686.png,512,512,OK
TBX11K,s4386.png,data/raw/TBX11K/imgs/sick/s4386.png,512,512,OK
TBX11K,s4392.png,data/raw/TBX11K/imgs/sick/s4392.png,512,512,OK
TBX11K,s0692.png,data/raw/TBX11K/imgs/sick/s0692.png,512,512,OK
TBX11K,s2085.png,data/raw/TBX11K/imgs/sick/s2085.png,512,512,OK
TBX11K,s4393.png,data/raw/TBX11K/imgs/sick/s4393.png,512,512,OK
TBX11K,s2084.png,data/raw/TBX11K/imgs/sick/s2084.png,512,512,OK
TBX11K,s0693.png,data/raw/TBX11K/imgs/sick/s0693.png,512,512,OK
TBX11K,s0687.png,data/raw/TBX11K/imgs/sick/s0687.png,512,512,OK
TBX11K,s1599.png,data/raw/TBX11K/imgs/sick/s1599.png,512,512,OK
TBX11K,s2090.png,data/raw/TBX11K/imgs/sick/s2090.png,512,512,OK
TBX11K,s4387.png,data/raw/TBX11K/imgs/sick/s4387.png,512,512,OK
TBX11K,s2906.png,data/raw/TBX11K/imgs/sick/s2906.png,512,512,OK
TBX11K,s0863.png,data/raw/TBX11K/imgs/sick/s0863.png,512,512,OK
TBX11K,s2912.png,data/raw/TBX11K/imgs/sick/s2912.png,512,512,OK
TBX11K,s2721.png,data/raw/TBX11K/imgs/sick/s2721.png,512,512,OK
TBX11K,s0136.png,data/raw/TBX11K/imgs/sick/s0136.png,512,512,OK
TBX11K,s1228.png,data/raw/TBX11K/imgs/sick/s1228.png,512,512,OK
TBX11K,s0888.png,data/raw/TBX11K/imgs/sick/s0888.png,512,512,OK
TBX11K,s0650.png,data/raw/TBX11K/imgs/sick/s0650.png,512,512,OK
TBX11K,s3359.png,data/raw/TBX11K/imgs/sick/s3359.png,512,512,OK
TBX11K,s2047.png,data/raw/TBX11K/imgs/sick/s2047.png,512,512,OK
TBX11K,s4422.png,data/raw/TBX11K/imgs/sick/s4422.png,512,512,OK
TBX11K,s2053.png,data/raw/TBX11K/imgs/sick/s2053.png,512,512,OK
TBX11K,s0644.png,data/raw/TBX11K/imgs/sick/s0644.png,512,512,OK
TBX11K,s0122.png,data/raw/TBX11K/imgs/sick/s0122.png,512,512,OK
TBX11K,s2735.png,data/raw/TBX11K/imgs/sick/s2735.png,512,512,OK
TBX11K,s4344.png,data/raw/TBX11K/imgs/sick/s4344.png,512,512,OK
TBX11K,s1214.png,data/raw/TBX11K/imgs/sick/s1214.png,512,512,OK
TBX11K,s3403.png,data/raw/TBX11K/imgs/sick/s3403.png,512,512,OK
TBX11K,s3365.png,data/raw/TBX11K/imgs/sick/s3365.png,512,512,OK
TBX11K,s1572.png,data/raw/TBX11K/imgs/sick/s1572.png,512,512,OK
TBX11K,s1566.png,data/raw/TBX11K/imgs/sick/s1566.png,512,512,OK
TBX11K,s2709.png,data/raw/TBX11K/imgs/sick/s2709.png,512,512,OK
TBX11K,s1200.png,data/raw/TBX11K/imgs/sick/s1200.png,512,512,OK
TBX11K,s0491.png,data/raw/TBX11K/imgs/sick/s0491.png,512,512,OK
TBX11K,s1957.png,data/raw/TBX11K/imgs/sick/s1957.png,512,512,OK
TBX11K,s2286.png,data/raw/TBX11K/imgs/sick/s2286.png,512,512,OK
TBX11K,s3826.png,data/raw/TBX11K/imgs/sick/s3826.png,512,512,OK
TBX11K,s4191.png,data/raw/TBX11K/imgs/sick/s4191.png,512,512,OK
TBX11K,s3832.png,data/raw/TBX11K/imgs/sick/s3832.png,512,512,OK
TBX11K,s2292.png,data/raw/TBX11K/imgs/sick/s2292.png,512,512,OK
TBX11K,s0485.png,data/raw/TBX11K/imgs/sick/s0485.png,512,512,OK
TBX11K,s1943.png,data/raw/TBX11K/imgs/sick/s1943.png,512,512,OK
TBX11K,s4813.png,data/raw/TBX11K/imgs/sick/s4813.png,512,512,OK
TBX11K,s4807.png,data/raw/TBX11K/imgs/sick/s4807.png,512,512,OK
TBX11K,s4634.png,data/raw/TBX11K/imgs/sick/s4634.png,512,512,OK
TBX11K,s0452.png,data/raw/TBX11K/imgs/sick/s0452.png,512,512,OK
TBX11K,s1994.png,data/raw/TBX11K/imgs/sick/s1994.png,512,512,OK
TBX11K,s0334.png,data/raw/TBX11K/imgs/sick/s0334.png,512,512,OK
TBX11K,s4152.png,data/raw/TBX11K/imgs/sick/s4152.png,512,512,OK
TBX11K,s2523.png,data/raw/TBX11K/imgs/sick/s2523.png,512,512,OK
TBX11K,s4146.png,data/raw/TBX11K/imgs/sick/s4146.png,512,512,OK
TBX11K,s2537.png,data/raw/TBX11K/imgs/sick/s2537.png,512,512,OK
TBX11K,s0320.png,data/raw/TBX11K/imgs/sick/s0320.png,512,512,OK
TBX11K,s0446.png,data/raw/TBX11K/imgs/sick/s0446.png,512,512,OK
TBX11K,s1980.png,data/raw/TBX11K/imgs/sick/s1980.png,512,512,OK
TBX11K,s1758.png,data/raw/TBX11K/imgs/sick/s1758.png,512,512,OK
TBX11K,s2251.png,data/raw/TBX11K/imgs/sick/s2251.png,512,512,OK
TBX11K,s1770.png,data/raw/TBX11K/imgs/sick/s1770.png,512,512,OK
TBX11K,s2279.png,data/raw/TBX11K/imgs/sick/s2279.png,512,512,OK
TBX11K,s3167.png,data/raw/TBX11K/imgs/sick/s3167.png,512,512,OK
TBX11K,s3601.png,data/raw/TBX11K/imgs/sick/s3601.png,512,512,OK
TBX11K,s1016.png,data/raw/TBX11K/imgs/sick/s1016.png,512,512,OK
TBX11K,s3615.png,data/raw/TBX11K/imgs/sick/s3615.png,512,512,OK
TBX11K,s3173.png,data/raw/TBX11K/imgs/sick/s3173.png,512,512,OK
TBX11K,s1764.png,data/raw/TBX11K/imgs/sick/s1764.png,512,512,OK
TBX11K,s1823.png,data/raw/TBX11K/imgs/sick/s1823.png,512,512,OK
TBX11K,s4783.png,data/raw/TBX11K/imgs/sick/s4783.png,512,512,OK
TBX11K,s3952.png,data/raw/TBX11K/imgs/sick/s3952.png,512,512,OK
TBX11K,s0283.png,data/raw/TBX11K/imgs/sick/s0283.png,512,512,OK
TBX11K,s1189.png,data/raw/TBX11K/imgs/sick/s1189.png,512,512,OK
TBX11K,s0297.png,data/raw/TBX11K/imgs/sick/s0297.png,512,512,OK
TBX11K,s2480.png,data/raw/TBX11K/imgs/sick/s2480.png,512,512,OK
TBX11K,s3946.png,data/raw/TBX11K/imgs/sick/s3946.png,512,512,OK
TBX11K,s1837.png,data/raw/TBX11K/imgs/sick/s1837.png,512,512,OK
TBX11K,s4967.png,data/raw/TBX11K/imgs/sick/s4967.png,512,512,OK
TBX11K,s4973.png,data/raw/TBX11K/imgs/sick/s4973.png,512,512,OK
TBX11K,s4740.png,data/raw/TBX11K/imgs/sick/s4740.png,512,512,OK
TBX11K,s2331.png,data/raw/TBX11K/imgs/sick/s2331.png,512,512,OK
TBX11K,s4998.png,data/raw/TBX11K/imgs/sick/s4998.png,512,512,OK
TBX11K,s1638.png,data/raw/TBX11K/imgs/sick/s1638.png,512,512,OK
TBX11K,s0526.png,data/raw/TBX11K/imgs/sick/s0526.png,512,512,OK
TBX11K,s0240.png,data/raw/TBX11K/imgs/sick/s0240.png,512,512,OK
TBX11K,s3991.png,data/raw/TBX11K/imgs/sick/s3991.png,512,512,OK
TBX11K,s4026.png,data/raw/TBX11K/imgs/sick/s4026.png,512,512,OK
TBX11K,s2443.png,data/raw/TBX11K/imgs/sick/s2443.png,512,512,OK
TBX11K,s4032.png,data/raw/TBX11K/imgs/sick/s4032.png,512,512,OK
TBX11K,s0532.png,data/raw/TBX11K/imgs/sick/s0532.png,512,512,OK
TBX11K,s4754.png,data/raw/TBX11K/imgs/sick/s4754.png,512,512,OK
TBX11K,s1604.png,data/raw/TBX11K/imgs/sick/s1604.png,512,512,OK
TBX11K,s0268.png,data/raw/TBX11K/imgs/sick/s0268.png,512,512,OK
TBX11K,s1176.png,data/raw/TBX11K/imgs/sick/s1176.png,512,512,OK
TBX11K,s3761.png,data/raw/TBX11K/imgs/sick/s3761.png,512,512,OK
TBX11K,s2319.png,data/raw/TBX11K/imgs/sick/s2319.png,512,512,OK
TBX11K,s1610.png,data/raw/TBX11K/imgs/sick/s1610.png,512,512,OK
TBX11K,s0081.png,data/raw/TBX11K/imgs/sick/s0081.png,512,512,OK
TBX11K,s2696.png,data/raw/TBX11K/imgs/sick/s2696.png,512,512,OK
TBX11K,s3588.png,data/raw/TBX11K/imgs/sick/s3588.png,512,512,OK
TBX11K,s4581.png,data/raw/TBX11K/imgs/sick/s4581.png,512,512,OK
TBX11K,s4595.png,data/raw/TBX11K/imgs/sick/s4595.png,512,512,OK
TBX11K,s0095.png,data/raw/TBX11K/imgs/sick/s0095.png,512,512,OK
TBX11K,s2872.png,data/raw/TBX11K/imgs/sick/s2872.png,512,512,OK
TBX11K,s0903.png,data/raw/TBX11K/imgs/sick/s0903.png,512,512,OK
TBX11K,s2866.png,data/raw/TBX11K/imgs/sick/s2866.png,512,512,OK
TBX11K,s4224.png,data/raw/TBX11K/imgs/sick/s4224.png,512,512,OK
TBX11K,s2655.png,data/raw/TBX11K/imgs/sick/s2655.png,512,512,OK
TBX11K,s0042.png,data/raw/TBX11K/imgs/sick/s0042.png,512,512,OK
TBX11K,s2133.png,data/raw/TBX11K/imgs/sick/s2133.png,512,512,OK
TBX11K,s4542.png,data/raw/TBX11K/imgs/sick/s4542.png,512,512,OK
TBX11K,s2127.png,data/raw/TBX11K/imgs/sick/s2127.png,512,512,OK
TBX11K,s4556.png,data/raw/TBX11K/imgs/sick/s4556.png,512,512,OK
TBX11K,s4230.png,data/raw/TBX11K/imgs/sick/s4230.png,512,512,OK
TBX11K,s2899.png,data/raw/TBX11K/imgs/sick/s2899.png,512,512,OK
TBX11K,s3577.png,data/raw/TBX11K/imgs/sick/s3577.png,512,512,OK
TBX11K,s4218.png,data/raw/TBX11K/imgs/sick/s4218.png,512,512,OK
TBX11K,s2669.png,data/raw/TBX11K/imgs/sick/s2669.png,512,512,OK
TBX11K,s3211.png,data/raw/TBX11K/imgs/sick/s3211.png,512,512,OK
TBX11K,s0718.png,data/raw/TBX11K/imgs/sick/s0718.png,512,512,OK
TBX11K,s1412.png,data/raw/TBX11K/imgs/sick/s1412.png,512,512,OK
TBX11K,s3205.png,data/raw/TBX11K/imgs/sick/s3205.png,512,512,OK
TBX11K,s3563.png,data/raw/TBX11K/imgs/sick/s3563.png,512,512,OK
TBX11K,s1374.png,data/raw/TBX11K/imgs/sick/s1374.png,512,512,OK
TBX11K,s2645.png,data/raw/TBX11K/imgs/sick/s2645.png,512,512,OK
TBX11K,s4234.png,data/raw/TBX11K/imgs/sick/s4234.png,512,512,OK
TBX11K,s0052.png,data/raw/TBX11K/imgs/sick/s0052.png,512,512,OK
TBX11K,s4552.png,data/raw/TBX11K/imgs/sick/s4552.png,512,512,OK
TBX11K,s2123.png,data/raw/TBX11K/imgs/sick/s2123.png,512,512,OK
TBX11K,s3229.png,data/raw/TBX11K/imgs/sick/s3229.png,512,512,OK
TBX11K,s2137.png,data/raw/TBX11K/imgs/sick/s2137.png,512,512,OK
TBX11K,s0720.png,data/raw/TBX11K/imgs/sick/s0720.png,512,512,OK
TBX11K,s1358.png,data/raw/TBX11K/imgs/sick/s1358.png,512,512,OK
TBX11K,s2889.png,data/raw/TBX11K/imgs/sick/s2889.png,512,512,OK
TBX11K,s4220.png,data/raw/TBX11K/imgs/sick/s4220.png,512,512,OK
TBX11K,s1370.png,data/raw/TBX11K/imgs/sick/s1370.png,512,512,OK
TBX11K,s2679.png,data/raw/TBX11K/imgs/sick/s2679.png,512,512,OK
TBX11K,s3567.png,data/raw/TBX11K/imgs/sick/s3567.png,512,512,OK
TBX11K,s4208.png,data/raw/TBX11K/imgs/sick/s4208.png,512,512,OK
TBX11K,s3201.png,data/raw/TBX11K/imgs/sick/s3201.png,512,512,OK
TBX11K,s0708.png,data/raw/TBX11K/imgs/sick/s0708.png,512,512,OK
TBX11K,s1402.png,data/raw/TBX11K/imgs/sick/s1402.png,512,512,OK
TBX11K,s1364.png,data/raw/TBX11K/imgs/sick/s1364.png,512,512,OK
TBX11K,s0091.png,data/raw/TBX11K/imgs/sick/s0091.png,512,512,OK
TBX11K,s3598.png,data/raw/TBX11K/imgs/sick/s3598.png,512,512,OK
TBX11K,s2686.png,data/raw/TBX11K/imgs/sick/s2686.png,512,512,OK
TBX11K,s4585.png,data/raw/TBX11K/imgs/sick/s4585.png,512,512,OK
TBX11K,s2692.png,data/raw/TBX11K/imgs/sick/s2692.png,512,512,OK
TBX11K,s0085.png,data/raw/TBX11K/imgs/sick/s0085.png,512,512,OK
TBX11K,s0913.png,data/raw/TBX11K/imgs/sick/s0913.png,512,512,OK
TBX11K,s2876.png,data/raw/TBX11K/imgs/sick/s2876.png,512,512,OK
TBX11K,s4750.png,data/raw/TBX11K/imgs/sick/s4750.png,512,512,OK
TBX11K,s1628.png,data/raw/TBX11K/imgs/sick/s1628.png,512,512,OK
TBX11K,s4036.png,data/raw/TBX11K/imgs/sick/s4036.png,512,512,OK
TBX11K,s2447.png,data/raw/TBX11K/imgs/sick/s2447.png,512,512,OK
TBX11K,s3981.png,data/raw/TBX11K/imgs/sick/s3981.png,512,512,OK
TBX11K,s4022.png,data/raw/TBX11K/imgs/sick/s4022.png,512,512,OK
TBX11K,s2453.png,data/raw/TBX11K/imgs/sick/s2453.png,512,512,OK
TBX11K,s3995.png,data/raw/TBX11K/imgs/sick/s3995.png,512,512,OK
TBX11K,s2335.png,data/raw/TBX11K/imgs/sick/s2335.png,512,512,OK
TBX11K,s4744.png,data/raw/TBX11K/imgs/sick/s4744.png,512,512,OK
TBX11K,s1614.png,data/raw/TBX11K/imgs/sick/s1614.png,512,512,OK
TBX11K,s3003.png,data/raw/TBX11K/imgs/sick/s3003.png,512,512,OK
TBX11K,s3765.png,data/raw/TBX11K/imgs/sick/s3765.png,512,512,OK
TBX11K,s1172.png,data/raw/TBX11K/imgs/sick/s1172.png,512,512,OK
TBX11K,s1166.png,data/raw/TBX11K/imgs/sick/s1166.png,512,512,OK
TBX11K,s0278.png,data/raw/TBX11K/imgs/sick/s0278.png,512,512,OK
TBX11K,s2309.png,data/raw/TBX11K/imgs/sick/s2309.png,512,512,OK
TBX11K,s3017.png,data/raw/TBX11K/imgs/sick/s3017.png,512,512,OK
TBX11K,s1600.png,data/raw/TBX11K/imgs/sick/s1600.png,512,512,OK
TBX11K,s1833.png,data/raw/TBX11K/imgs/sick/s1833.png,512,512,OK
TBX11K,s2484.png,data/raw/TBX11K/imgs/sick/s2484.png,512,512,OK
TBX11K,s3942.png,data/raw/TBX11K/imgs/sick/s3942.png,512,512,OK
TBX11K,s0293.png,data/raw/TBX11K/imgs/sick/s0293.png,512,512,OK
TBX11K,s0287.png,data/raw/TBX11K/imgs/sick/s0287.png,512,512,OK
TBX11K,s2490.png,data/raw/TBX11K/imgs/sick/s2490.png,512,512,OK
TBX11K,s3956.png,data/raw/TBX11K/imgs/sick/s3956.png,512,512,OK
TBX11K,s4787.png,data/raw/TBX11K/imgs/sick/s4787.png,512,512,OK
TBX11K,s1827.png,data/raw/TBX11K/imgs/sick/s1827.png,512,512,OK
TBX11K,s4977.png,data/raw/TBX11K/imgs/sick/s4977.png,512,512,OK
TBX11K,s4963.png,data/raw/TBX11K/imgs/sick/s4963.png,512,512,OK
TBX11K,s4624.png,data/raw/TBX11K/imgs/sick/s4624.png,512,512,OK
TBX11K,s2255.png,data/raw/TBX11K/imgs/sick/s2255.png,512,512,OK
TBX11K,s1984.png,data/raw/TBX11K/imgs/sick/s1984.png,512,512,OK
TBX11K,s0324.png,data/raw/TBX11K/imgs/sick/s0324.png,512,512,OK
TBX11K,s4156.png,data/raw/TBX11K/imgs/sick/s4156.png,512,512,OK
TBX11K,s0330.png,data/raw/TBX11K/imgs/sick/s0330.png,512,512,OK
TBX11K,s1748.png,data/raw/TBX11K/imgs/sick/s1748.png,512,512,OK
TBX11K,s0456.png,data/raw/TBX11K/imgs/sick/s0456.png,512,512,OK
TBX11K,s1990.png,data/raw/TBX11K/imgs/sick/s1990.png,512,512,OK
TBX11K,s2241.png,data/raw/TBX11K/imgs/sick/s2241.png,512,512,OK
TBX11K,s1760.png,data/raw/TBX11K/imgs/sick/s1760.png,512,512,OK
TBX11K,s3177.png,data/raw/TBX11K/imgs/sick/s3177.png,512,512,OK
TBX11K,s2269.png,data/raw/TBX11K/imgs/sick/s2269.png,512,512,OK
TBX11K,s3611.png,data/raw/TBX11K/imgs/sick/s3611.png,512,512,OK
TBX11K,s0318.png,data/raw/TBX11K/imgs/sick/s0318.png,512,512,OK
TBX11K,s1006.png,data/raw/TBX11K/imgs/sick/s1006.png,512,512,OK
TBX11K,s1012.png,data/raw/TBX11K/imgs/sick/s1012.png,512,512,OK
TBX11K,s3605.png,data/raw/TBX11K/imgs/sick/s3605.png,512,512,OK
TBX11K,s3163.png,data/raw/TBX11K/imgs/sick/s3163.png,512,512,OK
TBX11K,s1774.png,data/raw/TBX11K/imgs/sick/s1774.png,512,512,OK
TBX11K,s0481.png,data/raw/TBX11K/imgs/sick/s0481.png,512,512,OK
TBX11K,s1947.png,data/raw/TBX11K/imgs/sick/s1947.png,512,512,OK
TBX11K,s2296.png,data/raw/TBX11K/imgs/sick/s2296.png,512,512,OK
TBX11K,s3188.png,data/raw/TBX11K/imgs/sick/s3188.png,512,512,OK
TBX11K,s4181.png,data/raw/TBX11K/imgs/sick/s4181.png,512,512,OK
TBX11K,s3836.png,data/raw/TBX11K/imgs/sick/s3836.png,512,512,OK
TBX11K,s3822.png,data/raw/TBX11K/imgs/sick/s3822.png,512,512,OK
TBX11K,s2282.png,data/raw/TBX11K/imgs/sick/s2282.png,512,512,OK
TBX11K,s0495.png,data/raw/TBX11K/imgs/sick/s0495.png,512,512,OK
TBX11K,s1953.png,data/raw/TBX11K/imgs/sick/s1953.png,512,512,OK
TBX11K,s4803.png,data/raw/TBX11K/imgs/sick/s4803.png,512,512,OK
TBX11K,s4817.png,data/raw/TBX11K/imgs/sick/s4817.png,512,512,OK
TBX11K,s4340.png,data/raw/TBX11K/imgs/sick/s4340.png,512,512,OK
TBX11K,s2731.png,data/raw/TBX11K/imgs/sick/s2731.png,512,512,OK
TBX11K,s1238.png,data/raw/TBX11K/imgs/sick/s1238.png,512,512,OK
TBX11K,s0126.png,data/raw/TBX11K/imgs/sick/s0126.png,512,512,OK
TBX11K,s0640.png,data/raw/TBX11K/imgs/sick/s0640.png,512,512,OK
TBX11K,s0898.png,data/raw/TBX11K/imgs/sick/s0898.png,512,512,OK
TBX11K,s2057.png,data/raw/TBX11K/imgs/sick/s2057.png,512,512,OK
TBX11K,s3349.png,data/raw/TBX11K/imgs/sick/s3349.png,512,512,OK
TBX11K,s4426.png,data/raw/TBX11K/imgs/sick/s4426.png,512,512,OK
TBX11K,s2043.png,data/raw/TBX11K/imgs/sick/s2043.png,512,512,OK
TBX11K,s4432.png,data/raw/TBX11K/imgs/sick/s4432.png,512,512,OK
TBX11K,s0654.png,data/raw/TBX11K/imgs/sick/s0654.png,512,512,OK
TBX11K,s0132.png,data/raw/TBX11K/imgs/sick/s0132.png,512,512,OK
TBX11K,s2725.png,data/raw/TBX11K/imgs/sick/s2725.png,512,512,OK
TBX11K,s1204.png,data/raw/TBX11K/imgs/sick/s1204.png,512,512,OK
TBX11K,s3413.png,data/raw/TBX11K/imgs/sick/s3413.png,512,512,OK
TBX11K,s1562.png,data/raw/TBX11K/imgs/sick/s1562.png,512,512,OK
TBX11K,s0668.png,data/raw/TBX11K/imgs/sick/s0668.png,512,512,OK
TBX11K,s1576.png,data/raw/TBX11K/imgs/sick/s1576.png,512,512,OK
TBX11K,s3361.png,data/raw/TBX11K/imgs/sick/s3361.png,512,512,OK
TBX11K,s3407.png,data/raw/TBX11K/imgs/sick/s3407.png,512,512,OK
TBX11K,s2719.png,data/raw/TBX11K/imgs/sick/s2719.png,512,512,OK
TBX11K,s1210.png,data/raw/TBX11K/imgs/sick/s1210.png,512,512,OK
TBX11K,s4383.png,data/raw/TBX11K/imgs/sick/s4383.png,512,512,OK
TBX11K,s2094.png,data/raw/TBX11K/imgs/sick/s2094.png,512,512,OK
TBX11K,s0683.png,data/raw/TBX11K/imgs/sick/s0683.png,512,512,OK
TBX11K,s1589.png,data/raw/TBX11K/imgs/sick/s1589.png,512,512,OK
TBX11K,s2080.png,data/raw/TBX11K/imgs/sick/s2080.png,512,512,OK
TBX11K,s4397.png,data/raw/TBX11K/imgs/sick/s4397.png,512,512,OK
TBX11K,s0867.png,data/raw/TBX11K/imgs/sick/s0867.png,512,512,OK
TBX11K,s0872.png,data/raw/TBX11K/imgs/sick/s0872.png,512,512,OK
TBX11K,s2917.png,data/raw/TBX11K/imgs/sick/s2917.png,512,512,OK
TBX11K,s0866.png,data/raw/TBX11K/imgs/sick/s0866.png,512,512,OK
TBX11K,s1588.png,data/raw/TBX11K/imgs/sick/s1588.png,512,512,OK
TBX11K,s0682.png,data/raw/TBX11K/imgs/sick/s0682.png,512,512,OK
TBX11K,s2095.png,data/raw/TBX11K/imgs/sick/s2095.png,512,512,OK
TBX11K,s3360.png,data/raw/TBX11K/imgs/sick/s3360.png,512,512,OK
TBX11K,s0669.png,data/raw/TBX11K/imgs/sick/s0669.png,512,512,OK
TBX11K,s1211.png,data/raw/TBX11K/imgs/sick/s1211.png,512,512,OK
TBX11K,s2718.png,data/raw/TBX11K/imgs/sick/s2718.png,512,512,OK
TBX11K,s4369.png,data/raw/TBX11K/imgs/sick/s4369.png,512,512,OK
TBX11K,s3412.png,data/raw/TBX11K/imgs/sick/s3412.png,512,512,OK
TBX11K,s1205.png,data/raw/TBX11K/imgs/sick/s1205.png,512,512,OK
TBX11K,s0655.png,data/raw/TBX11K/imgs/sick/s0655.png,512,512,OK
TBX11K,s2042.png,data/raw/TBX11K/imgs/sick/s2042.png,512,512,OK
TBX11K,s2724.png,data/raw/TBX11K/imgs/sick/s2724.png,512,512,OK
TBX11K,s0133.png,data/raw/TBX11K/imgs/sick/s0133.png,512,512,OK
TBX11K,s0127.png,data/raw/TBX11K/imgs/sick/s0127.png,512,512,OK
TBX11K,s1239.png,data/raw/TBX11K/imgs/sick/s1239.png,512,512,OK
TBX11K,s2730.png,data/raw/TBX11K/imgs/sick/s2730.png,512,512,OK
TBX11K,s4427.png,data/raw/TBX11K/imgs/sick/s4427.png,512,512,OK
TBX11K,s3348.png,data/raw/TBX11K/imgs/sick/s3348.png,512,512,OK
TBX11K,s2056.png,data/raw/TBX11K/imgs/sick/s2056.png,512,512,OK
TBX11K,s0899.png,data/raw/TBX11K/imgs/sick/s0899.png,512,512,OK
TBX11K,s0641.png,data/raw/TBX11K/imgs/sick/s0641.png,512,512,OK
TBX11K,s4816.png,data/raw/TBX11K/imgs/sick/s4816.png,512,512,OK
TBX11K,s4802.png,data/raw/TBX11K/imgs/sick/s4802.png,512,512,OK
TBX11K,s3823.png,data/raw/TBX11K/imgs/sick/s3823.png,512,512,OK
TBX11K,s1952.png,data/raw/TBX11K/imgs/sick/s1952.png,512,512,OK
TBX11K,s0494.png,data/raw/TBX11K/imgs/sick/s0494.png,512,512,OK
TBX11K,s2283.png,data/raw/TBX11K/imgs/sick/s2283.png,512,512,OK
TBX11K,s3189.png,data/raw/TBX11K/imgs/sick/s3189.png,512,512,OK
TBX11K,s2297.png,data/raw/TBX11K/imgs/sick/s2297.png,512,512,OK
TBX11K,s1946.png,data/raw/TBX11K/imgs/sick/s1946.png,512,512,OK
TBX11K,s0480.png,data/raw/TBX11K/imgs/sick/s0480.png,512,512,OK
TBX11K,s3837.png,data/raw/TBX11K/imgs/sick/s3837.png,512,512,OK
TBX11K,s4180.png,data/raw/TBX11K/imgs/sick/s4180.png,512,512,OK
TBX11K,s3604.png,data/raw/TBX11K/imgs/sick/s3604.png,512,512,OK
TBX11K,s2268.png,data/raw/TBX11K/imgs/sick/s2268.png,512,512,OK
TBX11K,s3176.png,data/raw/TBX11K/imgs/sick/s3176.png,512,512,OK
TBX11K,s4619.png,data/raw/TBX11K/imgs/sick/s4619.png,512,512,OK
TBX11K,s1761.png,data/raw/TBX11K/imgs/sick/s1761.png,512,512,OK
TBX11K,s1007.png,data/raw/TBX11K/imgs/sick/s1007.png,512,512,OK
TBX11K,s3610.png,data/raw/TBX11K/imgs/sick/s3610.png,512,512,OK
TBX11K,s0331.png,data/raw/TBX11K/imgs/sick/s0331.png,512,512,OK
TBX11K,s4157.png,data/raw/TBX11K/imgs/sick/s4157.png,512,512,OK
TBX11K,s2240.png,data/raw/TBX11K/imgs/sick/s2240.png,512,512,OK
TBX11K,s4631.png,data/raw/TBX11K/imgs/sick/s4631.png,512,512,OK
TBX11K,s1991.png,data/raw/TBX11K/imgs/sick/s1991.png,512,512,OK
TBX11K,s0457.png,data/raw/TBX11K/imgs/sick/s0457.png,512,512,OK
TBX11K,s1749.png,data/raw/TBX11K/imgs/sick/s1749.png,512,512,OK
TBX11K,s1985.png,data/raw/TBX11K/imgs/sick/s1985.png,512,512,OK
TBX11K,s2254.png,data/raw/TBX11K/imgs/sick/s2254.png,512,512,OK
TBX11K,s4625.png,data/raw/TBX11K/imgs/sick/s4625.png,512,512,OK
TBX11K,s4143.png,data/raw/TBX11K/imgs/sick/s4143.png,512,512,OK
TBX11K,s0325.png,data/raw/TBX11K/imgs/sick/s0325.png,512,512,OK
TBX11K,s4962.png,data/raw/TBX11K/imgs/sick/s4962.png,512,512,OK
TBX11K,s4976.png,data/raw/TBX11K/imgs/sick/s4976.png,512,512,OK
TBX11K,s2491.png,data/raw/TBX11K/imgs/sick/s2491.png,512,512,OK
TBX11K,s0286.png,data/raw/TBX11K/imgs/sick/s0286.png,512,512,OK
TBX11K,s1826.png,data/raw/TBX11K/imgs/sick/s1826.png,512,512,OK
TBX11K,s4786.png,data/raw/TBX11K/imgs/sick/s4786.png,512,512,OK
TBX11K,s4792.png,data/raw/TBX11K/imgs/sick/s4792.png,512,512,OK
TBX11K,s0292.png,data/raw/TBX11K/imgs/sick/s0292.png,512,512,OK
TBX11K,s3943.png,data/raw/TBX11K/imgs/sick/s3943.png,512,512,OK
TBX11K,s2485.png,data/raw/TBX11K/imgs/sick/s2485.png,512,512,OK
TBX11K,s1167.png,data/raw/TBX11K/imgs/sick/s1167.png,512,512,OK
TBX11K,s1601.png,data/raw/TBX11K/imgs/sick/s1601.png,512,512,OK
TBX11K,s3002.png,data/raw/TBX11K/imgs/sick/s3002.png,512,512,OK
TBX11K,s3764.png,data/raw/TBX11K/imgs/sick/s3764.png,512,512,OK
TBX11K,s0245.png,data/raw/TBX11K/imgs/sick/s0245.png,512,512,OK
TBX11K,s3994.png,data/raw/TBX11K/imgs/sick/s3994.png,512,512,OK
TBX11K,s2452.png,data/raw/TBX11K/imgs/sick/s2452.png,512,512,OK
TBX11K,s4023.png,data/raw/TBX11K/imgs/sick/s4023.png,512,512,OK
TBX11K,s4745.png,data/raw/TBX11K/imgs/sick/s4745.png,512,512,OK
TBX11K,s2334.png,data/raw/TBX11K/imgs/sick/s2334.png,512,512,OK
TBX11K,s0523.png,data/raw/TBX11K/imgs/sick/s0523.png,512,512,OK
TBX11K,s1629.png,data/raw/TBX11K/imgs/sick/s1629.png,512,512,OK
TBX11K,s0537.png,data/raw/TBX11K/imgs/sick/s0537.png,512,512,OK
TBX11K,s4751.png,data/raw/TBX11K/imgs/sick/s4751.png,512,512,OK
TBX11K,s4989.png,data/raw/TBX11K/imgs/sick/s4989.png,512,512,OK
TBX11K,s2446.png,data/raw/TBX11K/imgs/sick/s2446.png,512,512,OK
TBX11K,s3758.png,data/raw/TBX11K/imgs/sick/s3758.png,512,512,OK
TBX11K,s4037.png,data/raw/TBX11K/imgs/sick/s4037.png,512,512,OK
TBX11K,s0251.png,data/raw/TBX11K/imgs/sick/s0251.png,512,512,OK
TBX11K,s0906.png,data/raw/TBX11K/imgs/sick/s0906.png,512,512,OK
TBX11K,s2863.png,data/raw/TBX11K/imgs/sick/s2863.png,512,512,OK
TBX11K,s0912.png,data/raw/TBX11K/imgs/sick/s0912.png,512,512,OK
TBX11K,s4584.png,data/raw/TBX11K/imgs/sick/s4584.png,512,512,OK
TBX11K,s2693.png,data/raw/TBX11K/imgs/sick/s2693.png,512,512,OK
TBX11K,s2687.png,data/raw/TBX11K/imgs/sick/s2687.png,512,512,OK
TBX11K,s3599.png,data/raw/TBX11K/imgs/sick/s3599.png,512,512,OK
TBX11K,s0090.png,data/raw/TBX11K/imgs/sick/s0090.png,512,512,OK
TBX11K,s4590.png,data/raw/TBX11K/imgs/sick/s4590.png,512,512,OK
TBX11K,s3214.png,data/raw/TBX11K/imgs/sick/s3214.png,512,512,OK
TBX11K,s1403.png,data/raw/TBX11K/imgs/sick/s1403.png,512,512,OK
TBX11K,s3572.png,data/raw/TBX11K/imgs/sick/s3572.png,512,512,OK
TBX11K,s3566.png,data/raw/TBX11K/imgs/sick/s3566.png,512,512,OK
TBX11K,s2678.png,data/raw/TBX11K/imgs/sick/s2678.png,512,512,OK
TBX11K,s1371.png,data/raw/TBX11K/imgs/sick/s1371.png,512,512,OK
TBX11K,s0709.png,data/raw/TBX11K/imgs/sick/s0709.png,512,512,OK
TBX11K,s0721.png,data/raw/TBX11K/imgs/sick/s0721.png,512,512,OK
TBX11K,s2136.png,data/raw/TBX11K/imgs/sick/s2136.png,512,512,OK
TBX11K,s3228.png,data/raw/TBX11K/imgs/sick/s3228.png,512,512,OK
TBX11K,s4547.png,data/raw/TBX11K/imgs/sick/s4547.png,512,512,OK
TBX11K,s2888.png,data/raw/TBX11K/imgs/sick/s2888.png,512,512,OK
TBX11K,s2650.png,data/raw/TBX11K/imgs/sick/s2650.png,512,512,OK
TBX11K,s1359.png,data/raw/TBX11K/imgs/sick/s1359.png,512,512,OK
TBX11K,s0047.png,data/raw/TBX11K/imgs/sick/s0047.png,512,512,OK
TBX11K,s0053.png,data/raw/TBX11K/imgs/sick/s0053.png,512,512,OK
TBX11K,s4235.png,data/raw/TBX11K/imgs/sick/s4235.png,512,512,OK
TBX11K,s2644.png,data/raw/TBX11K/imgs/sick/s2644.png,512,512,OK
TBX11K,s2122.png,data/raw/TBX11K/imgs/sick/s2122.png,512,512,OK
TBX11K,s0045.png,data/raw/TBX11K/imgs/sick/s0045.png,512,512,OK
TBX11K,s2652.png,data/raw/TBX11K/imgs/sick/s2652.png,512,512,OK
TBX11K,s2134.png,data/raw/TBX11K/imgs/sick/s2134.png,512,512,OK
TBX11K,s4551.png,data/raw/TBX11K/imgs/sick/s4551.png,512,512,OK
TBX11K,s2120.png,data/raw/TBX11K/imgs/sick/s2120.png,512,512,OK
TBX11K,s2646.png,data/raw/TBX11K/imgs/sick/s2646.png,512,512,OK
TBX11K,s4237.png,data/raw/TBX11K/imgs/sick/s4237.png,512,512,OK
TBX11K,s0079.png,data/raw/TBX11K/imgs/sick/s0079.png,512,512,OK
TBX11K,s1367.png,data/raw/TBX11K/imgs/sick/s1367.png,512,512,OK
TBX11K,s1401.png,data/raw/TBX11K/imgs/sick/s1401.png,512,512,OK
TBX11K,s4579.png,data/raw/TBX11K/imgs/sick/s4579.png,512,512,OK
TBX11K,s3216.png,data/raw/TBX11K/imgs/sick/s3216.png,512,512,OK
TBX11K,s2108.png,data/raw/TBX11K/imgs/sick/s2108.png,512,512,OK
TBX11K,s1373.png,data/raw/TBX11K/imgs/sick/s1373.png,512,512,OK
TBX11K,s3564.png,data/raw/TBX11K/imgs/sick/s3564.png,512,512,OK
TBX11K,s2691.png,data/raw/TBX11K/imgs/sick/s2691.png,512,512,OK
TBX11K,s1398.png,data/raw/TBX11K/imgs/sick/s1398.png,512,512,OK
TBX11K,s0086.png,data/raw/TBX11K/imgs/sick/s0086.png,512,512,OK
TBX11K,s0938.png,data/raw/TBX11K/imgs/sick/s0938.png,512,512,OK
TBX11K,s4586.png,data/raw/TBX11K/imgs/sick/s4586.png,512,512,OK
TBX11K,s0092.png,data/raw/TBX11K/imgs/sick/s0092.png,512,512,OK
TBX11K,s2685.png,data/raw/TBX11K/imgs/sick/s2685.png,512,512,OK
TBX11K,s2875.png,data/raw/TBX11K/imgs/sick/s2875.png,512,512,OK
TBX11K,s2861.png,data/raw/TBX11K/imgs/sick/s2861.png,512,512,OK
TBX11K,s0521.png,data/raw/TBX11K/imgs/sick/s0521.png,512,512,OK
TBX11K,s3028.png,data/raw/TBX11K/imgs/sick/s3028.png,512,512,OK
TBX11K,s4747.png,data/raw/TBX11K/imgs/sick/s4747.png,512,512,OK
TBX11K,s4021.png,data/raw/TBX11K/imgs/sick/s4021.png,512,512,OK
TBX11K,s2450.png,data/raw/TBX11K/imgs/sick/s2450.png,512,512,OK
TBX11K,s3996.png,data/raw/TBX11K/imgs/sick/s3996.png,512,512,OK
TBX11K,s1159.png,data/raw/TBX11K/imgs/sick/s1159.png,512,512,OK
TBX11K,s0247.png,data/raw/TBX11K/imgs/sick/s0247.png,512,512,OK
TBX11K,s0253.png,data/raw/TBX11K/imgs/sick/s0253.png,512,512,OK
TBX11K,s4035.png,data/raw/TBX11K/imgs/sick/s4035.png,512,512,OK
TBX11K,s2444.png,data/raw/TBX11K/imgs/sick/s2444.png,512,512,OK
TBX11K,s3982.png,data/raw/TBX11K/imgs/sick/s3982.png,512,512,OK
TBX11K,s2322.png,data/raw/TBX11K/imgs/sick/s2322.png,512,512,OK
TBX11K,s0535.png,data/raw/TBX11K/imgs/sick/s0535.png,512,512,OK
TBX11K,s3014.png,data/raw/TBX11K/imgs/sick/s3014.png,512,512,OK
TBX11K,s1603.png,data/raw/TBX11K/imgs/sick/s1603.png,512,512,OK
TBX11K,s3772.png,data/raw/TBX11K/imgs/sick/s3772.png,512,512,OK
TBX11K,s4009.png,data/raw/TBX11K/imgs/sick/s4009.png,512,512,OK
TBX11K,s2478.png,data/raw/TBX11K/imgs/sick/s2478.png,512,512,OK
TBX11K,s0509.png,data/raw/TBX11K/imgs/sick/s0509.png,512,512,OK
TBX11K,s3000.png,data/raw/TBX11K/imgs/sick/s3000.png,512,512,OK
TBX11K,s4784.png,data/raw/TBX11K/imgs/sick/s4784.png,512,512,OK
TBX11K,s0284.png,data/raw/TBX11K/imgs/sick/s0284.png,512,512,OK
TBX11K,s2493.png,data/raw/TBX11K/imgs/sick/s2493.png,512,512,OK
TBX11K,s3955.png,data/raw/TBX11K/imgs/sick/s3955.png,512,512,OK
TBX11K,s3941.png,data/raw/TBX11K/imgs/sick/s3941.png,512,512,OK
TBX11K,s3799.png,data/raw/TBX11K/imgs/sick/s3799.png,512,512,OK
TBX11K,s0290.png,data/raw/TBX11K/imgs/sick/s0290.png,512,512,OK
TBX11K,s4790.png,data/raw/TBX11K/imgs/sick/s4790.png,512,512,OK
TBX11K,s4948.png,data/raw/TBX11K/imgs/sick/s4948.png,512,512,OK
TBX11K,s1818.png,data/raw/TBX11K/imgs/sick/s1818.png,512,512,OK
TBX11K,s4960.png,data/raw/TBX11K/imgs/sick/s4960.png,512,512,OK
TBX11K,s3969.png,data/raw/TBX11K/imgs/sick/s3969.png,512,512,OK
TBX11K,s4974.png,data/raw/TBX11K/imgs/sick/s4974.png,512,512,OK
TBX11K,s0455.png,data/raw/TBX11K/imgs/sick/s0455.png,512,512,OK
TBX11K,s1993.png,data/raw/TBX11K/imgs/sick/s1993.png,512,512,OK
TBX11K,s4633.png,data/raw/TBX11K/imgs/sick/s4633.png,512,512,OK
TBX11K,s2242.png,data/raw/TBX11K/imgs/sick/s2242.png,512,512,OK
TBX11K,s2524.png,data/raw/TBX11K/imgs/sick/s2524.png,512,512,OK
TBX11K,s0333.png,data/raw/TBX11K/imgs/sick/s0333.png,512,512,OK
TBX11K,s1039.png,data/raw/TBX11K/imgs/sick/s1039.png,512,512,OK
TBX11K,s3148.png,data/raw/TBX11K/imgs/sick/s3148.png,512,512,OK
TBX11K,s2256.png,data/raw/TBX11K/imgs/sick/s2256.png,512,512,OK
TBX11K,s1987.png,data/raw/TBX11K/imgs/sick/s1987.png,512,512,OK
TBX11K,s3160.png,data/raw/TBX11K/imgs/sick/s3160.png,512,512,OK
TBX11K,s1777.png,data/raw/TBX11K/imgs/sick/s1777.png,512,512,OK
TBX11K,s0469.png,data/raw/TBX11K/imgs/sick/s0469.png,512,512,OK
TBX11K,s1011.png,data/raw/TBX11K/imgs/sick/s1011.png,512,512,OK
TBX11K,s2518.png,data/raw/TBX11K/imgs/sick/s2518.png,512,512,OK
TBX11K,s3606.png,data/raw/TBX11K/imgs/sick/s3606.png,512,512,OK
TBX11K,s3612.png,data/raw/TBX11K/imgs/sick/s3612.png,512,512,OK
TBX11K,s1763.png,data/raw/TBX11K/imgs/sick/s1763.png,512,512,OK
TBX11K,s3174.png,data/raw/TBX11K/imgs/sick/s3174.png,512,512,OK
TBX11K,s2281.png,data/raw/TBX11K/imgs/sick/s2281.png,512,512,OK
TBX11K,s4828.png,data/raw/TBX11K/imgs/sick/s4828.png,512,512,OK
TBX11K,s0496.png,data/raw/TBX11K/imgs/sick/s0496.png,512,512,OK
TBX11K,s1950.png,data/raw/TBX11K/imgs/sick/s1950.png,512,512,OK
TBX11K,s1788.png,data/raw/TBX11K/imgs/sick/s1788.png,512,512,OK
TBX11K,s4196.png,data/raw/TBX11K/imgs/sick/s4196.png,512,512,OK
TBX11K,s3821.png,data/raw/TBX11K/imgs/sick/s3821.png,512,512,OK
TBX11K,s3835.png,data/raw/TBX11K/imgs/sick/s3835.png,512,512,OK
TBX11K,s0482.png,data/raw/TBX11K/imgs/sick/s0482.png,512,512,OK
TBX11K,s2295.png,data/raw/TBX11K/imgs/sick/s2295.png,512,512,OK
TBX11K,s4814.png,data/raw/TBX11K/imgs/sick/s4814.png,512,512,OK
TBX11K,s3809.png,data/raw/TBX11K/imgs/sick/s3809.png,512,512,OK
TBX11K,s4800.png,data/raw/TBX11K/imgs/sick/s4800.png,512,512,OK
TBX11K,s0131.png,data/raw/TBX11K/imgs/sick/s0131.png,512,512,OK
TBX11K,s4357.png,data/raw/TBX11K/imgs/sick/s4357.png,512,512,OK
TBX11K,s3438.png,data/raw/TBX11K/imgs/sick/s3438.png,512,512,OK
TBX11K,s2040.png,data/raw/TBX11K/imgs/sick/s2040.png,512,512,OK
TBX11K,s4431.png,data/raw/TBX11K/imgs/sick/s4431.png,512,512,OK
TBX11K,s1549.png,data/raw/TBX11K/imgs/sick/s1549.png,512,512,OK
TBX11K,s0643.png,data/raw/TBX11K/imgs/sick/s0643.png,512,512,OK
TBX11K,s2054.png,data/raw/TBX11K/imgs/sick/s2054.png,512,512,OK
TBX11K,s4425.png,data/raw/TBX11K/imgs/sick/s4425.png,512,512,OK
TBX11K,s4343.png,data/raw/TBX11K/imgs/sick/s4343.png,512,512,OK
TBX11K,s2732.png,data/raw/TBX11K/imgs/sick/s2732.png,512,512,OK
TBX11K,s0125.png,data/raw/TBX11K/imgs/sick/s0125.png,512,512,OK
TBX11K,s3404.png,data/raw/TBX11K/imgs/sick/s3404.png,512,512,OK
TBX11K,s1575.png,data/raw/TBX11K/imgs/sick/s1575.png,512,512,OK
TBX11K,s3362.png,data/raw/TBX11K/imgs/sick/s3362.png,512,512,OK
TBX11K,s2068.png,data/raw/TBX11K/imgs/sick/s2068.png,512,512,OK
TBX11K,s3376.png,data/raw/TBX11K/imgs/sick/s3376.png,512,512,OK
TBX11K,s1561.png,data/raw/TBX11K/imgs/sick/s1561.png,512,512,OK
TBX11K,s0119.png,data/raw/TBX11K/imgs/sick/s0119.png,512,512,OK
TBX11K,s3410.png,data/raw/TBX11K/imgs/sick/s3410.png,512,512,OK
TBX11K,s4394.png,data/raw/TBX11K/imgs/sick/s4394.png,512,512,OK
TBX11K,s0694.png,data/raw/TBX11K/imgs/sick/s0694.png,512,512,OK
TBX11K,s3389.png,data/raw/TBX11K/imgs/sick/s3389.png,512,512,OK
TBX11K,s2097.png,data/raw/TBX11K/imgs/sick/s2097.png,512,512,OK
TBX11K,s0858.png,data/raw/TBX11K/imgs/sick/s0858.png,512,512,OK
TBX11K,s0680.png,data/raw/TBX11K/imgs/sick/s0680.png,512,512,OK
TBX11K,s4380.png,data/raw/TBX11K/imgs/sick/s4380.png,512,512,OK
TBX11K,s2929.png,data/raw/TBX11K/imgs/sick/s2929.png,512,512,OK
TBX11K,s0870.png,data/raw/TBX11K/imgs/sick/s0870.png,512,512,OK
TBX11K,s0864.png,data/raw/TBX11K/imgs/sick/s0864.png,512,512,OK
TBX11K,s2915.png,data/raw/TBX11K/imgs/sick/s2915.png,512,512,OK
TBX11K,s0865.png,data/raw/TBX11K/imgs/sick/s0865.png,512,512,OK
TBX11K,s2914.png,data/raw/TBX11K/imgs/sick/s2914.png,512,512,OK
TBX11K,s0871.png,data/raw/TBX11K/imgs/sick/s0871.png,512,512,OK
TBX11K,s0681.png,data/raw/TBX11K/imgs/sick/s0681.png,512,512,OK
TBX11K,s0859.png,data/raw/TBX11K/imgs/sick/s0859.png,512,512,OK
TBX11K,s2096.png,data/raw/TBX11K/imgs/sick/s2096.png,512,512,OK
TBX11K,s3388.png,data/raw/TBX11K/imgs/sick/s3388.png,512,512,OK
TBX11K,s2928.png,data/raw/TBX11K/imgs/sick/s2928.png,512,512,OK
TBX11K,s4395.png,data/raw/TBX11K/imgs/sick/s4395.png,512,512,OK
TBX11K,s2082.png,data/raw/TBX11K/imgs/sick/s2082.png,512,512,OK
TBX11K,s0695.png,data/raw/TBX11K/imgs/sick/s0695.png,512,512,OK
TBX11K,s1560.png,data/raw/TBX11K/imgs/sick/s1560.png,512,512,OK
TBX11K,s4418.png,data/raw/TBX11K/imgs/sick/s4418.png,512,512,OK
TBX11K,s2069.png,data/raw/TBX11K/imgs/sick/s2069.png,512,512,OK
TBX11K,s3411.png,data/raw/TBX11K/imgs/sick/s3411.png,512,512,OK
TBX11K,s1206.png,data/raw/TBX11K/imgs/sick/s1206.png,512,512,OK
TBX11K,s3405.png,data/raw/TBX11K/imgs/sick/s3405.png,512,512,OK
TBX11K,s4424.png,data/raw/TBX11K/imgs/sick/s4424.png,512,512,OK
TBX11K,s2055.png,data/raw/TBX11K/imgs/sick/s2055.png,512,512,OK
TBX11K,s0642.png,data/raw/TBX11K/imgs/sick/s0642.png,512,512,OK
TBX11K,s2733.png,data/raw/TBX11K/imgs/sick/s2733.png,512,512,OK
TBX11K,s4342.png,data/raw/TBX11K/imgs/sick/s4342.png,512,512,OK
TBX11K,s2727.png,data/raw/TBX11K/imgs/sick/s2727.png,512,512,OK
TBX11K,s3439.png,data/raw/TBX11K/imgs/sick/s3439.png,512,512,OK
TBX11K,s1548.png,data/raw/TBX11K/imgs/sick/s1548.png,512,512,OK
TBX11K,s0656.png,data/raw/TBX11K/imgs/sick/s0656.png,512,512,OK
TBX11K,s4430.png,data/raw/TBX11K/imgs/sick/s4430.png,512,512,OK
TBX11K,s2041.png,data/raw/TBX11K/imgs/sick/s2041.png,512,512,OK
TBX11K,s1979.png,data/raw/TBX11K/imgs/sick/s1979.png,512,512,OK
TBX11K,s4801.png,data/raw/TBX11K/imgs/sick/s4801.png,512,512,OK
TBX11K,s4815.png,data/raw/TBX11K/imgs/sick/s4815.png,512,512,OK
TBX11K,s3834.png,data/raw/TBX11K/imgs/sick/s3834.png,512,512,OK
TBX11K,s4183.png,data/raw/TBX11K/imgs/sick/s4183.png,512,512,OK
TBX11K,s2294.png,data/raw/TBX11K/imgs/sick/s2294.png,512,512,OK
TBX11K,s1945.png,data/raw/TBX11K/imgs/sick/s1945.png,512,512,OK
TBX11K,s1789.png,data/raw/TBX11K/imgs/sick/s1789.png,512,512,OK
TBX11K,s1951.png,data/raw/TBX11K/imgs/sick/s1951.png,512,512,OK
TBX11K,s0497.png,data/raw/TBX11K/imgs/sick/s0497.png,512,512,OK
TBX11K,s4829.png,data/raw/TBX11K/imgs/sick/s4829.png,512,512,OK
TBX11K,s2280.png,data/raw/TBX11K/imgs/sick/s2280.png,512,512,OK
TBX11K,s3820.png,data/raw/TBX11K/imgs/sick/s3820.png,512,512,OK
TBX11K,s4197.png,data/raw/TBX11K/imgs/sick/s4197.png,512,512,OK
TBX11K,s1004.png,data/raw/TBX11K/imgs/sick/s1004.png,512,512,OK
TBX11K,s3613.png,data/raw/TBX11K/imgs/sick/s3613.png,512,512,OK
TBX11K,s3175.png,data/raw/TBX11K/imgs/sick/s3175.png,512,512,OK
TBX11K,s1762.png,data/raw/TBX11K/imgs/sick/s1762.png,512,512,OK
TBX11K,s0468.png,data/raw/TBX11K/imgs/sick/s0468.png,512,512,OK
TBX11K,s1776.png,data/raw/TBX11K/imgs/sick/s1776.png,512,512,OK
TBX11K,s3161.png,data/raw/TBX11K/imgs/sick/s3161.png,512,512,OK
TBX11K,s4168.png,data/raw/TBX11K/imgs/sick/s4168.png,512,512,OK
TBX11K,s1010.png,data/raw/TBX11K/imgs/sick/s1010.png,512,512,OK
TBX11K,s4140.png,data/raw/TBX11K/imgs/sick/s4140.png,512,512,OK
TBX11K,s2531.png,data/raw/TBX11K/imgs/sick/s2531.png,512,512,OK
TBX11K,s1038.png,data/raw/TBX11K/imgs/sick/s1038.png,512,512,OK
TBX11K,s0326.png,data/raw/TBX11K/imgs/sick/s0326.png,512,512,OK
TBX11K,s1986.png,data/raw/TBX11K/imgs/sick/s1986.png,512,512,OK
TBX11K,s3149.png,data/raw/TBX11K/imgs/sick/s3149.png,512,512,OK
TBX11K,s4626.png,data/raw/TBX11K/imgs/sick/s4626.png,512,512,OK
TBX11K,s2243.png,data/raw/TBX11K/imgs/sick/s2243.png,512,512,OK
TBX11K,s0332.png,data/raw/TBX11K/imgs/sick/s0332.png,512,512,OK
TBX11K,s4975.png,data/raw/TBX11K/imgs/sick/s4975.png,512,512,OK
TBX11K,s4961.png,data/raw/TBX11K/imgs/sick/s4961.png,512,512,OK
TBX11K,s1819.png,data/raw/TBX11K/imgs/sick/s1819.png,512,512,OK
TBX11K,s3968.png,data/raw/TBX11K/imgs/sick/s3968.png,512,512,OK
TBX11K,s0291.png,data/raw/TBX11K/imgs/sick/s0291.png,512,512,OK
TBX11K,s3798.png,data/raw/TBX11K/imgs/sick/s3798.png,512,512,OK
TBX11K,s3940.png,data/raw/TBX11K/imgs/sick/s3940.png,512,512,OK
TBX11K,s2486.png,data/raw/TBX11K/imgs/sick/s2486.png,512,512,OK
TBX11K,s4949.png,data/raw/TBX11K/imgs/sick/s4949.png,512,512,OK
TBX11K,s4791.png,data/raw/TBX11K/imgs/sick/s4791.png,512,512,OK
TBX11K,s1831.png,data/raw/TBX11K/imgs/sick/s1831.png,512,512,OK
TBX11K,s1825.png,data/raw/TBX11K/imgs/sick/s1825.png,512,512,OK
TBX11K,s3954.png,data/raw/TBX11K/imgs/sick/s3954.png,512,512,OK
TBX11K,s2492.png,data/raw/TBX11K/imgs/sick/s2492.png,512,512,OK
TBX11K,s0285.png,data/raw/TBX11K/imgs/sick/s0285.png,512,512,OK
TBX11K,s1170.png,data/raw/TBX11K/imgs/sick/s1170.png,512,512,OK
TBX11K,s2479.png,data/raw/TBX11K/imgs/sick/s2479.png,512,512,OK
TBX11K,s3767.png,data/raw/TBX11K/imgs/sick/s3767.png,512,512,OK
TBX11K,s4008.png,data/raw/TBX11K/imgs/sick/s4008.png,512,512,OK
TBX11K,s1616.png,data/raw/TBX11K/imgs/sick/s1616.png,512,512,OK
TBX11K,s1602.png,data/raw/TBX11K/imgs/sick/s1602.png,512,512,OK
TBX11K,s3015.png,data/raw/TBX11K/imgs/sick/s3015.png,512,512,OK
TBX11K,s3773.png,data/raw/TBX11K/imgs/sick/s3773.png,512,512,OK
TBX11K,s1164.png,data/raw/TBX11K/imgs/sick/s1164.png,512,512,OK
TBX11K,s3983.png,data/raw/TBX11K/imgs/sick/s3983.png,512,512,OK
TBX11K,s2445.png,data/raw/TBX11K/imgs/sick/s2445.png,512,512,OK
TBX11K,s0534.png,data/raw/TBX11K/imgs/sick/s0534.png,512,512,OK
TBX11K,s4752.png,data/raw/TBX11K/imgs/sick/s4752.png,512,512,OK
TBX11K,s2323.png,data/raw/TBX11K/imgs/sick/s2323.png,512,512,OK
TBX11K,s3029.png,data/raw/TBX11K/imgs/sick/s3029.png,512,512,OK
TBX11K,s2337.png,data/raw/TBX11K/imgs/sick/s2337.png,512,512,OK
TBX11K,s1158.png,data/raw/TBX11K/imgs/sick/s1158.png,512,512,OK
TBX11K,s3997.png,data/raw/TBX11K/imgs/sick/s3997.png,512,512,OK
TBX11K,s2451.png,data/raw/TBX11K/imgs/sick/s2451.png,512,512,OK
TBX11K,s4020.png,data/raw/TBX11K/imgs/sick/s4020.png,512,512,OK
TBX11K,s2874.png,data/raw/TBX11K/imgs/sick/s2874.png,512,512,OK
TBX11K,s0905.png,data/raw/TBX11K/imgs/sick/s0905.png,512,512,OK
TBX11K,s4593.png,data/raw/TBX11K/imgs/sick/s4593.png,512,512,OK
TBX11K,s0093.png,data/raw/TBX11K/imgs/sick/s0093.png,512,512,OK
TBX11K,s2690.png,data/raw/TBX11K/imgs/sick/s2690.png,512,512,OK
TBX11K,s2848.png,data/raw/TBX11K/imgs/sick/s2848.png,512,512,OK
TBX11K,s4587.png,data/raw/TBX11K/imgs/sick/s4587.png,512,512,OK
TBX11K,s0939.png,data/raw/TBX11K/imgs/sick/s0939.png,512,512,OK
TBX11K,s1414.png,data/raw/TBX11K/imgs/sick/s1414.png,512,512,OK
TBX11K,s3203.png,data/raw/TBX11K/imgs/sick/s3203.png,512,512,OK
TBX11K,s3565.png,data/raw/TBX11K/imgs/sick/s3565.png,512,512,OK
TBX11K,s1372.png,data/raw/TBX11K/imgs/sick/s1372.png,512,512,OK
TBX11K,s1366.png,data/raw/TBX11K/imgs/sick/s1366.png,512,512,OK
TBX11K,s0078.png,data/raw/TBX11K/imgs/sick/s0078.png,512,512,OK
TBX11K,s3571.png,data/raw/TBX11K/imgs/sick/s3571.png,512,512,OK
TBX11K,s2109.png,data/raw/TBX11K/imgs/sick/s2109.png,512,512,OK
TBX11K,s3217.png,data/raw/TBX11K/imgs/sick/s3217.png,512,512,OK
TBX11K,s4578.png,data/raw/TBX11K/imgs/sick/s4578.png,512,512,OK
TBX11K,s0736.png,data/raw/TBX11K/imgs/sick/s0736.png,512,512,OK
TBX11K,s1428.png,data/raw/TBX11K/imgs/sick/s1428.png,512,512,OK
TBX11K,s0050.png,data/raw/TBX11K/imgs/sick/s0050.png,512,512,OK
TBX11K,s4236.png,data/raw/TBX11K/imgs/sick/s4236.png,512,512,OK
TBX11K,s2647.png,data/raw/TBX11K/imgs/sick/s2647.png,512,512,OK
TBX11K,s4222.png,data/raw/TBX11K/imgs/sick/s4222.png,512,512,OK
TBX11K,s2653.png,data/raw/TBX11K/imgs/sick/s2653.png,512,512,OK
TBX11K,s0044.png,data/raw/TBX11K/imgs/sick/s0044.png,512,512,OK
TBX11K,s0722.png,data/raw/TBX11K/imgs/sick/s0722.png,512,512,OK
TBX11K,s2135.png,data/raw/TBX11K/imgs/sick/s2135.png,512,512,OK
TBX11K,s4544.png,data/raw/TBX11K/imgs/sick/s4544.png,512,512,OK
TBX11K,s1301.png,data/raw/TBX11K/imgs/sick/s1301.png,512,512,OK
TBX11K,s4279.png,data/raw/TBX11K/imgs/sick/s4279.png,512,512,OK
TBX11K,s3516.png,data/raw/TBX11K/imgs/sick/s3516.png,512,512,OK
TBX11K,s3270.png,data/raw/TBX11K/imgs/sick/s3270.png,512,512,OK
TBX11K,s1467.png,data/raw/TBX11K/imgs/sick/s1467.png,512,512,OK
TBX11K,s0779.png,data/raw/TBX11K/imgs/sick/s0779.png,512,512,OK
TBX11K,s3264.png,data/raw/TBX11K/imgs/sick/s3264.png,512,512,OK
TBX11K,s3502.png,data/raw/TBX11K/imgs/sick/s3502.png,512,512,OK
TBX11K,s2634.png,data/raw/TBX11K/imgs/sick/s2634.png,512,512,OK
TBX11K,s4245.png,data/raw/TBX11K/imgs/sick/s4245.png,512,512,OK
TBX11K,s0023.png,data/raw/TBX11K/imgs/sick/s0023.png,512,512,OK
TBX11K,s3258.png,data/raw/TBX11K/imgs/sick/s3258.png,512,512,OK
TBX11K,s4537.png,data/raw/TBX11K/imgs/sick/s4537.png,512,512,OK
TBX11K,s2146.png,data/raw/TBX11K/imgs/sick/s2146.png,512,512,OK
TBX11K,s0989.png,data/raw/TBX11K/imgs/sick/s0989.png,512,512,OK
TBX11K,s0751.png,data/raw/TBX11K/imgs/sick/s0751.png,512,512,OK
TBX11K,s0037.png,data/raw/TBX11K/imgs/sick/s0037.png,512,512,OK
TBX11K,s1329.png,data/raw/TBX11K/imgs/sick/s1329.png,512,512,OK
TBX11K,s2620.png,data/raw/TBX11K/imgs/sick/s2620.png,512,512,OK
TBX11K,s4251.png,data/raw/TBX11K/imgs/sick/s4251.png,512,512,OK
TBX11K,s2813.png,data/raw/TBX11K/imgs/sick/s2813.png,512,512,OK
TBX11K,s0962.png,data/raw/TBX11K/imgs/sick/s0962.png,512,512,OK
TBX11K,s2807.png,data/raw/TBX11K/imgs/sick/s2807.png,512,512,OK
TBX11K,s4286.png,data/raw/TBX11K/imgs/sick/s4286.png,512,512,OK
TBX11K,s2191.png,data/raw/TBX11K/imgs/sick/s2191.png,512,512,OK
TBX11K,s0786.png,data/raw/TBX11K/imgs/sick/s0786.png,512,512,OK
TBX11K,s0792.png,data/raw/TBX11K/imgs/sick/s0792.png,512,512,OK
TBX11K,s2185.png,data/raw/TBX11K/imgs/sick/s2185.png,512,512,OK
TBX11K,s4292.png,data/raw/TBX11K/imgs/sick/s4292.png,512,512,OK
TBX11K,s1665.png,data/raw/TBX11K/imgs/sick/s1665.png,512,512,OK
TBX11K,s3714.png,data/raw/TBX11K/imgs/sick/s3714.png,512,512,OK
TBX11K,s1117.png,data/raw/TBX11K/imgs/sick/s1117.png,512,512,OK
TBX11K,s0209.png,data/raw/TBX11K/imgs/sick/s0209.png,512,512,OK
TBX11K,s3700.png,data/raw/TBX11K/imgs/sick/s3700.png,512,512,OK
TBX11K,s2378.png,data/raw/TBX11K/imgs/sick/s2378.png,512,512,OK
TBX11K,s4709.png,data/raw/TBX11K/imgs/sick/s4709.png,512,512,OK
TBX11K,s3066.png,data/raw/TBX11K/imgs/sick/s3066.png,512,512,OK
TBX11K,s1671.png,data/raw/TBX11K/imgs/sick/s1671.png,512,512,OK
TBX11K,s4721.png,data/raw/TBX11K/imgs/sick/s4721.png,512,512,OK
TBX11K,s0547.png,data/raw/TBX11K/imgs/sick/s0547.png,512,512,OK
TBX11K,s1881.png,data/raw/TBX11K/imgs/sick/s1881.png,512,512,OK
TBX11K,s0221.png,data/raw/TBX11K/imgs/sick/s0221.png,512,512,OK
TBX11K,s3728.png,data/raw/TBX11K/imgs/sick/s3728.png,512,512,OK
TBX11K,s4047.png,data/raw/TBX11K/imgs/sick/s4047.png,512,512,OK
TBX11K,s4053.png,data/raw/TBX11K/imgs/sick/s4053.png,512,512,OK
TBX11K,s2422.png,data/raw/TBX11K/imgs/sick/s2422.png,512,512,OK
TBX11K,s0553.png,data/raw/TBX11K/imgs/sick/s0553.png,512,512,OK
TBX11K,s1895.png,data/raw/TBX11K/imgs/sick/s1895.png,512,512,OK
TBX11K,s2344.png,data/raw/TBX11K/imgs/sick/s2344.png,512,512,OK
TBX11K,s4906.png,data/raw/TBX11K/imgs/sick/s4906.png,512,512,OK
TBX11K,s0584.png,data/raw/TBX11K/imgs/sick/s0584.png,512,512,OK
TBX11K,s2393.png,data/raw/TBX11K/imgs/sick/s2393.png,512,512,OK
TBX11K,s4084.png,data/raw/TBX11K/imgs/sick/s4084.png,512,512,OK
TBX11K,s3927.png,data/raw/TBX11K/imgs/sick/s3927.png,512,512,OK
TBX11K,s4090.png,data/raw/TBX11K/imgs/sick/s4090.png,512,512,OK
TBX11K,s3099.png,data/raw/TBX11K/imgs/sick/s3099.png,512,512,OK
TBX11K,s2387.png,data/raw/TBX11K/imgs/sick/s2387.png,512,512,OK
TBX11K,s0590.png,data/raw/TBX11K/imgs/sick/s0590.png,512,512,OK
TBX11K,s1856.png,data/raw/TBX11K/imgs/sick/s1856.png,512,512,OK
TBX11K,s1711.png,data/raw/TBX11K/imgs/sick/s1711.png,512,512,OK
TBX11K,s3106.png,data/raw/TBX11K/imgs/sick/s3106.png,512,512,OK
TBX11K,s4669.png,data/raw/TBX11K/imgs/sick/s4669.png,512,512,OK
TBX11K,s2218.png,data/raw/TBX11K/imgs/sick/s2218.png,512,512,OK
TBX11K,s3660.png,data/raw/TBX11K/imgs/sick/s3660.png,512,512,OK
TBX11K,s0369.png,data/raw/TBX11K/imgs/sick/s0369.png,512,512,OK
TBX11K,s1077.png,data/raw/TBX11K/imgs/sick/s1077.png,512,512,OK
TBX11K,s1063.png,data/raw/TBX11K/imgs/sick/s1063.png,512,512,OK
TBX11K,s3112.png,data/raw/TBX11K/imgs/sick/s3112.png,512,512,OK
TBX11K,s1705.png,data/raw/TBX11K/imgs/sick/s1705.png,512,512,OK
TBX11K,s4655.png,data/raw/TBX11K/imgs/sick/s4655.png,512,512,OK
TBX11K,s2224.png,data/raw/TBX11K/imgs/sick/s2224.png,512,512,OK
TBX11K,s0433.png,data/raw/TBX11K/imgs/sick/s0433.png,512,512,OK
TBX11K,s0355.png,data/raw/TBX11K/imgs/sick/s0355.png,512,512,OK
TBX11K,s2542.png,data/raw/TBX11K/imgs/sick/s2542.png,512,512,OK
TBX11K,s3884.png,data/raw/TBX11K/imgs/sick/s3884.png,512,512,OK
TBX11K,s2556.png,data/raw/TBX11K/imgs/sick/s2556.png,512,512,OK
TBX11K,s3890.png,data/raw/TBX11K/imgs/sick/s3890.png,512,512,OK
TBX11K,s4127.png,data/raw/TBX11K/imgs/sick/s4127.png,512,512,OK
TBX11K,s3648.png,data/raw/TBX11K/imgs/sick/s3648.png,512,512,OK
TBX11K,s1739.png,data/raw/TBX11K/imgs/sick/s1739.png,512,512,OK
TBX11K,s0427.png,data/raw/TBX11K/imgs/sick/s0427.png,512,512,OK
TBX11K,s4641.png,data/raw/TBX11K/imgs/sick/s4641.png,512,512,OK
TBX11K,s4899.png,data/raw/TBX11K/imgs/sick/s4899.png,512,512,OK
TBX11K,s2230.png,data/raw/TBX11K/imgs/sick/s2230.png,512,512,OK
TBX11K,s4866.png,data/raw/TBX11K/imgs/sick/s4866.png,512,512,OK
TBX11K,s1936.png,data/raw/TBX11K/imgs/sick/s1936.png,512,512,OK
TBX11K,s4696.png,data/raw/TBX11K/imgs/sick/s4696.png,512,512,OK
TBX11K,s2581.png,data/raw/TBX11K/imgs/sick/s2581.png,512,512,OK
TBX11K,s3847.png,data/raw/TBX11K/imgs/sick/s3847.png,512,512,OK
TBX11K,s1088.png,data/raw/TBX11K/imgs/sick/s1088.png,512,512,OK
TBX11K,s0396.png,data/raw/TBX11K/imgs/sick/s0396.png,512,512,OK
TBX11K,s0382.png,data/raw/TBX11K/imgs/sick/s0382.png,512,512,OK
TBX11K,s2595.png,data/raw/TBX11K/imgs/sick/s2595.png,512,512,OK
TBX11K,s3853.png,data/raw/TBX11K/imgs/sick/s3853.png,512,512,OK
TBX11K,s4682.png,data/raw/TBX11K/imgs/sick/s4682.png,512,512,OK
TBX11K,s1922.png,data/raw/TBX11K/imgs/sick/s1922.png,512,512,OK
TBX11K,s1275.png,data/raw/TBX11K/imgs/sick/s1275.png,512,512,OK
TBX11K,s3462.png,data/raw/TBX11K/imgs/sick/s3462.png,512,512,OK
TBX11K,s3304.png,data/raw/TBX11K/imgs/sick/s3304.png,512,512,OK
TBX11K,s1513.png,data/raw/TBX11K/imgs/sick/s1513.png,512,512,OK
TBX11K,s0619.png,data/raw/TBX11K/imgs/sick/s0619.png,512,512,OK
TBX11K,s1507.png,data/raw/TBX11K/imgs/sick/s1507.png,512,512,OK
TBX11K,s3310.png,data/raw/TBX11K/imgs/sick/s3310.png,512,512,OK
TBX11K,s3476.png,data/raw/TBX11K/imgs/sick/s3476.png,512,512,OK
TBX11K,s4319.png,data/raw/TBX11K/imgs/sick/s4319.png,512,512,OK
TBX11K,s2768.png,data/raw/TBX11K/imgs/sick/s2768.png,512,512,OK
TBX11K,s1261.png,data/raw/TBX11K/imgs/sick/s1261.png,512,512,OK
TBX11K,s1249.png,data/raw/TBX11K/imgs/sick/s1249.png,512,512,OK
TBX11K,s4457.png,data/raw/TBX11K/imgs/sick/s4457.png,512,512,OK
TBX11K,s2032.png,data/raw/TBX11K/imgs/sick/s2032.png,512,512,OK
TBX11K,s4443.png,data/raw/TBX11K/imgs/sick/s4443.png,512,512,OK
TBX11K,s0625.png,data/raw/TBX11K/imgs/sick/s0625.png,512,512,OK
TBX11K,s0143.png,data/raw/TBX11K/imgs/sick/s0143.png,512,512,OK
TBX11K,s2967.png,data/raw/TBX11K/imgs/sick/s2967.png,512,512,OK
TBX11K,s0816.png,data/raw/TBX11K/imgs/sick/s0816.png,512,512,OK
TBX11K,s0802.png,data/raw/TBX11K/imgs/sick/s0802.png,512,512,OK
TBX11K,s2973.png,data/raw/TBX11K/imgs/sick/s2973.png,512,512,OK
TBX11K,s0194.png,data/raw/TBX11K/imgs/sick/s0194.png,512,512,OK
TBX11K,s2783.png,data/raw/TBX11K/imgs/sick/s2783.png,512,512,OK
TBX11K,s4480.png,data/raw/TBX11K/imgs/sick/s4480.png,512,512,OK
TBX11K,s2797.png,data/raw/TBX11K/imgs/sick/s2797.png,512,512,OK
TBX11K,s3489.png,data/raw/TBX11K/imgs/sick/s3489.png,512,512,OK
TBX11K,s0180.png,data/raw/TBX11K/imgs/sick/s0180.png,512,512,OK
TBX11K,s4481.png,data/raw/TBX11K/imgs/sick/s4481.png,512,512,OK
TBX11K,s3488.png,data/raw/TBX11K/imgs/sick/s3488.png,512,512,OK
TBX11K,s0195.png,data/raw/TBX11K/imgs/sick/s0195.png,512,512,OK
TBX11K,s0803.png,data/raw/TBX11K/imgs/sick/s0803.png,512,512,OK
TBX11K,s2972.png,data/raw/TBX11K/imgs/sick/s2972.png,512,512,OK
TBX11K,s0817.png,data/raw/TBX11K/imgs/sick/s0817.png,512,512,OK
TBX11K,s4442.png,data/raw/TBX11K/imgs/sick/s4442.png,512,512,OK
TBX11K,s2033.png,data/raw/TBX11K/imgs/sick/s2033.png,512,512,OK
TBX11K,s0142.png,data/raw/TBX11K/imgs/sick/s0142.png,512,512,OK
TBX11K,s0156.png,data/raw/TBX11K/imgs/sick/s0156.png,512,512,OK
TBX11K,s1248.png,data/raw/TBX11K/imgs/sick/s1248.png,512,512,OK
TBX11K,s2741.png,data/raw/TBX11K/imgs/sick/s2741.png,512,512,OK
TBX11K,s4330.png,data/raw/TBX11K/imgs/sick/s4330.png,512,512,OK
TBX11K,s2999.png,data/raw/TBX11K/imgs/sick/s2999.png,512,512,OK
TBX11K,s3339.png,data/raw/TBX11K/imgs/sick/s3339.png,512,512,OK
TBX11K,s4456.png,data/raw/TBX11K/imgs/sick/s4456.png,512,512,OK
TBX11K,s2027.png,data/raw/TBX11K/imgs/sick/s2027.png,512,512,OK
TBX11K,s0630.png,data/raw/TBX11K/imgs/sick/s0630.png,512,512,OK
TBX11K,s3311.png,data/raw/TBX11K/imgs/sick/s3311.png,512,512,OK
TBX11K,s1506.png,data/raw/TBX11K/imgs/sick/s1506.png,512,512,OK
TBX11K,s0618.png,data/raw/TBX11K/imgs/sick/s0618.png,512,512,OK
TBX11K,s1260.png,data/raw/TBX11K/imgs/sick/s1260.png,512,512,OK
TBX11K,s4318.png,data/raw/TBX11K/imgs/sick/s4318.png,512,512,OK
TBX11K,s3463.png,data/raw/TBX11K/imgs/sick/s3463.png,512,512,OK
TBX11K,s1274.png,data/raw/TBX11K/imgs/sick/s1274.png,512,512,OK
TBX11K,s1512.png,data/raw/TBX11K/imgs/sick/s1512.png,512,512,OK
TBX11K,s3305.png,data/raw/TBX11K/imgs/sick/s3305.png,512,512,OK
TBX11K,s2594.png,data/raw/TBX11K/imgs/sick/s2594.png,512,512,OK
TBX11K,s0383.png,data/raw/TBX11K/imgs/sick/s0383.png,512,512,OK
TBX11K,s1923.png,data/raw/TBX11K/imgs/sick/s1923.png,512,512,OK
TBX11K,s4697.png,data/raw/TBX11K/imgs/sick/s4697.png,512,512,OK
TBX11K,s1937.png,data/raw/TBX11K/imgs/sick/s1937.png,512,512,OK
TBX11K,s1089.png,data/raw/TBX11K/imgs/sick/s1089.png,512,512,OK
TBX11K,s3846.png,data/raw/TBX11K/imgs/sick/s3846.png,512,512,OK
TBX11K,s2580.png,data/raw/TBX11K/imgs/sick/s2580.png,512,512,OK
TBX11K,s3649.png,data/raw/TBX11K/imgs/sick/s3649.png,512,512,OK
TBX11K,s4126.png,data/raw/TBX11K/imgs/sick/s4126.png,512,512,OK
TBX11K,s3891.png,data/raw/TBX11K/imgs/sick/s3891.png,512,512,OK
TBX11K,s2557.png,data/raw/TBX11K/imgs/sick/s2557.png,512,512,OK
TBX11K,s2231.png,data/raw/TBX11K/imgs/sick/s2231.png,512,512,OK
TBX11K,s4898.png,data/raw/TBX11K/imgs/sick/s4898.png,512,512,OK
TBX11K,s4640.png,data/raw/TBX11K/imgs/sick/s4640.png,512,512,OK
TBX11K,s0426.png,data/raw/TBX11K/imgs/sick/s0426.png,512,512,OK
TBX11K,s1738.png,data/raw/TBX11K/imgs/sick/s1738.png,512,512,OK
TBX11K,s4654.png,data/raw/TBX11K/imgs/sick/s4654.png,512,512,OK
TBX11K,s4132.png,data/raw/TBX11K/imgs/sick/s4132.png,512,512,OK
TBX11K,s3885.png,data/raw/TBX11K/imgs/sick/s3885.png,512,512,OK
TBX11K,s2543.png,data/raw/TBX11K/imgs/sick/s2543.png,512,512,OK
TBX11K,s0354.png,data/raw/TBX11K/imgs/sick/s0354.png,512,512,OK
TBX11K,s1704.png,data/raw/TBX11K/imgs/sick/s1704.png,512,512,OK
TBX11K,s3113.png,data/raw/TBX11K/imgs/sick/s3113.png,512,512,OK
TBX11K,s4668.png,data/raw/TBX11K/imgs/sick/s4668.png,512,512,OK
TBX11K,s3107.png,data/raw/TBX11K/imgs/sick/s3107.png,512,512,OK
TBX11K,s1710.png,data/raw/TBX11K/imgs/sick/s1710.png,512,512,OK
TBX11K,s1076.png,data/raw/TBX11K/imgs/sick/s1076.png,512,512,OK
TBX11K,s0368.png,data/raw/TBX11K/imgs/sick/s0368.png,512,512,OK
TBX11K,s3661.png,data/raw/TBX11K/imgs/sick/s3661.png,512,512,OK
TBX11K,s4091.png,data/raw/TBX11K/imgs/sick/s4091.png,512,512,OK
TBX11K,s3926.png,data/raw/TBX11K/imgs/sick/s3926.png,512,512,OK
TBX11K,s1857.png,data/raw/TBX11K/imgs/sick/s1857.png,512,512,OK
TBX11K,s0591.png,data/raw/TBX11K/imgs/sick/s0591.png,512,512,OK
TBX11K,s2386.png,data/raw/TBX11K/imgs/sick/s2386.png,512,512,OK
TBX11K,s3098.png,data/raw/TBX11K/imgs/sick/s3098.png,512,512,OK
TBX11K,s1843.png,data/raw/TBX11K/imgs/sick/s1843.png,512,512,OK
TBX11K,s0585.png,data/raw/TBX11K/imgs/sick/s0585.png,512,512,OK
TBX11K,s4913.png,data/raw/TBX11K/imgs/sick/s4913.png,512,512,OK
TBX11K,s4907.png,data/raw/TBX11K/imgs/sick/s4907.png,512,512,OK
TBX11K,s4052.png,data/raw/TBX11K/imgs/sick/s4052.png,512,512,OK
TBX11K,s4734.png,data/raw/TBX11K/imgs/sick/s4734.png,512,512,OK
TBX11K,s2345.png,data/raw/TBX11K/imgs/sick/s2345.png,512,512,OK
TBX11K,s1894.png,data/raw/TBX11K/imgs/sick/s1894.png,512,512,OK
TBX11K,s0552.png,data/raw/TBX11K/imgs/sick/s0552.png,512,512,OK
TBX11K,s1658.png,data/raw/TBX11K/imgs/sick/s1658.png,512,512,OK
TBX11K,s1880.png,data/raw/TBX11K/imgs/sick/s1880.png,512,512,OK
TBX11K,s4720.png,data/raw/TBX11K/imgs/sick/s4720.png,512,512,OK
TBX11K,s2351.png,data/raw/TBX11K/imgs/sick/s2351.png,512,512,OK
TBX11K,s2437.png,data/raw/TBX11K/imgs/sick/s2437.png,512,512,OK
TBX11K,s4046.png,data/raw/TBX11K/imgs/sick/s4046.png,512,512,OK
TBX11K,s0220.png,data/raw/TBX11K/imgs/sick/s0220.png,512,512,OK
TBX11K,s3701.png,data/raw/TBX11K/imgs/sick/s3701.png,512,512,OK
TBX11K,s0208.png,data/raw/TBX11K/imgs/sick/s0208.png,512,512,OK
TBX11K,s1116.png,data/raw/TBX11K/imgs/sick/s1116.png,512,512,OK
TBX11K,s1670.png,data/raw/TBX11K/imgs/sick/s1670.png,512,512,OK
TBX11K,s3067.png,data/raw/TBX11K/imgs/sick/s3067.png,512,512,OK
TBX11K,s4708.png,data/raw/TBX11K/imgs/sick/s4708.png,512,512,OK
TBX11K,s2379.png,data/raw/TBX11K/imgs/sick/s2379.png,512,512,OK
TBX11K,s3073.png,data/raw/TBX11K/imgs/sick/s3073.png,512,512,OK
TBX11K,s1664.png,data/raw/TBX11K/imgs/sick/s1664.png,512,512,OK
TBX11K,s1102.png,data/raw/TBX11K/imgs/sick/s1102.png,512,512,OK
TBX11K,s3715.png,data/raw/TBX11K/imgs/sick/s3715.png,512,512,OK
TBX11K,s2184.png,data/raw/TBX11K/imgs/sick/s2184.png,512,512,OK
TBX11K,s0793.png,data/raw/TBX11K/imgs/sick/s0793.png,512,512,OK
TBX11K,s4293.png,data/raw/TBX11K/imgs/sick/s4293.png,512,512,OK
TBX11K,s1499.png,data/raw/TBX11K/imgs/sick/s1499.png,512,512,OK
TBX11K,s2190.png,data/raw/TBX11K/imgs/sick/s2190.png,512,512,OK
TBX11K,s2806.png,data/raw/TBX11K/imgs/sick/s2806.png,512,512,OK
TBX11K,s2812.png,data/raw/TBX11K/imgs/sick/s2812.png,512,512,OK
TBX11K,s0963.png,data/raw/TBX11K/imgs/sick/s0963.png,512,512,OK
TBX11K,s0750.png,data/raw/TBX11K/imgs/sick/s0750.png,512,512,OK
TBX11K,s2147.png,data/raw/TBX11K/imgs/sick/s2147.png,512,512,OK
TBX11K,s4536.png,data/raw/TBX11K/imgs/sick/s4536.png,512,512,OK
TBX11K,s3259.png,data/raw/TBX11K/imgs/sick/s3259.png,512,512,OK
TBX11K,s4250.png,data/raw/TBX11K/imgs/sick/s4250.png,512,512,OK
TBX11K,s1328.png,data/raw/TBX11K/imgs/sick/s1328.png,512,512,OK
TBX11K,s0036.png,data/raw/TBX11K/imgs/sick/s0036.png,512,512,OK
TBX11K,s4244.png,data/raw/TBX11K/imgs/sick/s4244.png,512,512,OK
TBX11K,s2635.png,data/raw/TBX11K/imgs/sick/s2635.png,512,512,OK
TBX11K,s1472.png,data/raw/TBX11K/imgs/sick/s1472.png,512,512,OK
TBX11K,s1314.png,data/raw/TBX11K/imgs/sick/s1314.png,512,512,OK
TBX11K,s3503.png,data/raw/TBX11K/imgs/sick/s3503.png,512,512,OK
TBX11K,s3517.png,data/raw/TBX11K/imgs/sick/s3517.png,512,512,OK
TBX11K,s4278.png,data/raw/TBX11K/imgs/sick/s4278.png,512,512,OK
TBX11K,s2609.png,data/raw/TBX11K/imgs/sick/s2609.png,512,512,OK
TBX11K,s1300.png,data/raw/TBX11K/imgs/sick/s1300.png,512,512,OK
TBX11K,s0778.png,data/raw/TBX11K/imgs/sick/s0778.png,512,512,OK
TBX11K,s1466.png,data/raw/TBX11K/imgs/sick/s1466.png,512,512,OK
TBX11K,s3271.png,data/raw/TBX11K/imgs/sick/s3271.png,512,512,OK
TBX11K,s3501.png,data/raw/TBX11K/imgs/sick/s3501.png,512,512,OK
TBX11K,s0008.png,data/raw/TBX11K/imgs/sick/s0008.png,512,512,OK
TBX11K,s1470.png,data/raw/TBX11K/imgs/sick/s1470.png,512,512,OK
TBX11K,s3267.png,data/raw/TBX11K/imgs/sick/s3267.png,512,512,OK
TBX11K,s4508.png,data/raw/TBX11K/imgs/sick/s4508.png,512,512,OK
TBX11K,s2179.png,data/raw/TBX11K/imgs/sick/s2179.png,512,512,OK
TBX11K,s3273.png,data/raw/TBX11K/imgs/sick/s3273.png,512,512,OK
TBX11K,s1302.png,data/raw/TBX11K/imgs/sick/s1302.png,512,512,OK
TBX11K,s3515.png,data/raw/TBX11K/imgs/sick/s3515.png,512,512,OK
TBX11K,s0034.png,data/raw/TBX11K/imgs/sick/s0034.png,512,512,OK
TBX11K,s4252.png,data/raw/TBX11K/imgs/sick/s4252.png,512,512,OK
TBX11K,s4534.png,data/raw/TBX11K/imgs/sick/s4534.png,512,512,OK
TBX11K,s1458.png,data/raw/TBX11K/imgs/sick/s1458.png,512,512,OK
TBX11K,s0746.png,data/raw/TBX11K/imgs/sick/s0746.png,512,512,OK
TBX11K,s4520.png,data/raw/TBX11K/imgs/sick/s4520.png,512,512,OK
TBX11K,s2151.png,data/raw/TBX11K/imgs/sick/s2151.png,512,512,OK
TBX11K,s2637.png,data/raw/TBX11K/imgs/sick/s2637.png,512,512,OK
TBX11K,s4246.png,data/raw/TBX11K/imgs/sick/s4246.png,512,512,OK
TBX11K,s3529.png,data/raw/TBX11K/imgs/sick/s3529.png,512,512,OK
TBX11K,s0020.png,data/raw/TBX11K/imgs/sick/s0020.png,512,512,OK
TBX11K,s0975.png,data/raw/TBX11K/imgs/sick/s0975.png,512,512,OK
TBX11K,s0961.png,data/raw/TBX11K/imgs/sick/s0961.png,512,512,OK
TBX11K,s2810.png,data/raw/TBX11K/imgs/sick/s2810.png,512,512,OK
TBX11K,s4291.png,data/raw/TBX11K/imgs/sick/s4291.png,512,512,OK
TBX11K,s2838.png,data/raw/TBX11K/imgs/sick/s2838.png,512,512,OK
TBX11K,s0791.png,data/raw/TBX11K/imgs/sick/s0791.png,512,512,OK
TBX11K,s0949.png,data/raw/TBX11K/imgs/sick/s0949.png,512,512,OK
TBX11K,s3298.png,data/raw/TBX11K/imgs/sick/s3298.png,512,512,OK
TBX11K,s2192.png,data/raw/TBX11K/imgs/sick/s2192.png,512,512,OK
TBX11K,s0785.png,data/raw/TBX11K/imgs/sick/s0785.png,512,512,OK
TBX11K,s3065.png,data/raw/TBX11K/imgs/sick/s3065.png,512,512,OK
TBX11K,s1114.png,data/raw/TBX11K/imgs/sick/s1114.png,512,512,OK
TBX11K,s3703.png,data/raw/TBX11K/imgs/sick/s3703.png,512,512,OK
TBX11K,s4078.png,data/raw/TBX11K/imgs/sick/s4078.png,512,512,OK
TBX11K,s1100.png,data/raw/TBX11K/imgs/sick/s1100.png,512,512,OK
TBX11K,s0578.png,data/raw/TBX11K/imgs/sick/s0578.png,512,512,OK
TBX11K,s1666.png,data/raw/TBX11K/imgs/sick/s1666.png,512,512,OK
TBX11K,s0550.png,data/raw/TBX11K/imgs/sick/s0550.png,512,512,OK
TBX11K,s2347.png,data/raw/TBX11K/imgs/sick/s2347.png,512,512,OK
TBX11K,s4736.png,data/raw/TBX11K/imgs/sick/s4736.png,512,512,OK
TBX11K,s3059.png,data/raw/TBX11K/imgs/sick/s3059.png,512,512,OK
TBX11K,s4050.png,data/raw/TBX11K/imgs/sick/s4050.png,512,512,OK
TBX11K,s2421.png,data/raw/TBX11K/imgs/sick/s2421.png,512,512,OK
TBX11K,s0236.png,data/raw/TBX11K/imgs/sick/s0236.png,512,512,OK
TBX11K,s0222.png,data/raw/TBX11K/imgs/sick/s0222.png,512,512,OK
TBX11K,s4044.png,data/raw/TBX11K/imgs/sick/s4044.png,512,512,OK
TBX11K,s2435.png,data/raw/TBX11K/imgs/sick/s2435.png,512,512,OK
TBX11K,s2353.png,data/raw/TBX11K/imgs/sick/s2353.png,512,512,OK
TBX11K,s0544.png,data/raw/TBX11K/imgs/sick/s0544.png,512,512,OK
TBX11K,s1869.png,data/raw/TBX11K/imgs/sick/s1869.png,512,512,OK
TBX11K,s4911.png,data/raw/TBX11K/imgs/sick/s4911.png,512,512,OK
TBX11K,s3918.png,data/raw/TBX11K/imgs/sick/s3918.png,512,512,OK
TBX11K,s4905.png,data/raw/TBX11K/imgs/sick/s4905.png,512,512,OK
TBX11K,s2384.png,data/raw/TBX11K/imgs/sick/s2384.png,512,512,OK
TBX11K,s0593.png,data/raw/TBX11K/imgs/sick/s0593.png,512,512,OK
TBX11K,s1855.png,data/raw/TBX11K/imgs/sick/s1855.png,512,512,OK
TBX11K,s3924.png,data/raw/TBX11K/imgs/sick/s3924.png,512,512,OK
TBX11K,s4093.png,data/raw/TBX11K/imgs/sick/s4093.png,512,512,OK
TBX11K,s4087.png,data/raw/TBX11K/imgs/sick/s4087.png,512,512,OK
TBX11K,s0587.png,data/raw/TBX11K/imgs/sick/s0587.png,512,512,OK
TBX11K,s1841.png,data/raw/TBX11K/imgs/sick/s1841.png,512,512,OK
TBX11K,s3111.png,data/raw/TBX11K/imgs/sick/s3111.png,512,512,OK
TBX11K,s1706.png,data/raw/TBX11K/imgs/sick/s1706.png,512,512,OK
TBX11K,s0418.png,data/raw/TBX11K/imgs/sick/s0418.png,512,512,OK
TBX11K,s1060.png,data/raw/TBX11K/imgs/sick/s1060.png,512,512,OK
TBX11K,s4118.png,data/raw/TBX11K/imgs/sick/s4118.png,512,512,OK
TBX11K,s3677.png,data/raw/TBX11K/imgs/sick/s3677.png,512,512,OK
TBX11K,s1712.png,data/raw/TBX11K/imgs/sick/s1712.png,512,512,OK
TBX11K,s3105.png,data/raw/TBX11K/imgs/sick/s3105.png,512,512,OK
TBX11K,s4642.png,data/raw/TBX11K/imgs/sick/s4642.png,512,512,OK
TBX11K,s2233.png,data/raw/TBX11K/imgs/sick/s2233.png,512,512,OK
TBX11K,s2555.png,data/raw/TBX11K/imgs/sick/s2555.png,512,512,OK
TBX11K,s4124.png,data/raw/TBX11K/imgs/sick/s4124.png,512,512,OK
TBX11K,s1048.png,data/raw/TBX11K/imgs/sick/s1048.png,512,512,OK
TBX11K,s2541.png,data/raw/TBX11K/imgs/sick/s2541.png,512,512,OK
TBX11K,s3887.png,data/raw/TBX11K/imgs/sick/s3887.png,512,512,OK
TBX11K,s4130.png,data/raw/TBX11K/imgs/sick/s4130.png,512,512,OK
TBX11K,s3139.png,data/raw/TBX11K/imgs/sick/s3139.png,512,512,OK
TBX11K,s0430.png,data/raw/TBX11K/imgs/sick/s0430.png,512,512,OK
TBX11K,s4865.png,data/raw/TBX11K/imgs/sick/s4865.png,512,512,OK
TBX11K,s3878.png,data/raw/TBX11K/imgs/sick/s3878.png,512,512,OK
TBX11K,s4871.png,data/raw/TBX11K/imgs/sick/s4871.png,512,512,OK
TBX11K,s1909.png,data/raw/TBX11K/imgs/sick/s1909.png,512,512,OK
TBX11K,s4859.png,data/raw/TBX11K/imgs/sick/s4859.png,512,512,OK
TBX11K,s4681.png,data/raw/TBX11K/imgs/sick/s4681.png,512,512,OK
TBX11K,s1921.png,data/raw/TBX11K/imgs/sick/s1921.png,512,512,OK
TBX11K,s2596.png,data/raw/TBX11K/imgs/sick/s2596.png,512,512,OK
TBX11K,s2582.png,data/raw/TBX11K/imgs/sick/s2582.png,512,512,OK
TBX11K,s3844.png,data/raw/TBX11K/imgs/sick/s3844.png,512,512,OK
TBX11K,s0395.png,data/raw/TBX11K/imgs/sick/s0395.png,512,512,OK
TBX11K,s3475.png,data/raw/TBX11K/imgs/sick/s3475.png,512,512,OK
TBX11K,s1504.png,data/raw/TBX11K/imgs/sick/s1504.png,512,512,OK
TBX11K,s3313.png,data/raw/TBX11K/imgs/sick/s3313.png,512,512,OK
TBX11K,s3307.png,data/raw/TBX11K/imgs/sick/s3307.png,512,512,OK
TBX11K,s1276.png,data/raw/TBX11K/imgs/sick/s1276.png,512,512,OK
TBX11K,s0168.png,data/raw/TBX11K/imgs/sick/s0168.png,512,512,OK
TBX11K,s3461.png,data/raw/TBX11K/imgs/sick/s3461.png,512,512,OK
TBX11K,s0140.png,data/raw/TBX11K/imgs/sick/s0140.png,512,512,OK
TBX11K,s3449.png,data/raw/TBX11K/imgs/sick/s3449.png,512,512,OK
TBX11K,s2757.png,data/raw/TBX11K/imgs/sick/s2757.png,512,512,OK
TBX11K,s2031.png,data/raw/TBX11K/imgs/sick/s2031.png,512,512,OK
TBX11K,s4440.png,data/raw/TBX11K/imgs/sick/s4440.png,512,512,OK
TBX11K,s1538.png,data/raw/TBX11K/imgs/sick/s1538.png,512,512,OK
TBX11K,s0632.png,data/raw/TBX11K/imgs/sick/s0632.png,512,512,OK
TBX11K,s2025.png,data/raw/TBX11K/imgs/sick/s2025.png,512,512,OK
TBX11K,s4454.png,data/raw/TBX11K/imgs/sick/s4454.png,512,512,OK
TBX11K,s2743.png,data/raw/TBX11K/imgs/sick/s2743.png,512,512,OK
TBX11K,s2970.png,data/raw/TBX11K/imgs/sick/s2970.png,512,512,OK
TBX11K,s0801.png,data/raw/TBX11K/imgs/sick/s0801.png,512,512,OK
TBX11K,s0815.png,data/raw/TBX11K/imgs/sick/s0815.png,512,512,OK
TBX11K,s2964.png,data/raw/TBX11K/imgs/sick/s2964.png,512,512,OK
TBX11K,s2794.png,data/raw/TBX11K/imgs/sick/s2794.png,512,512,OK
TBX11K,s0183.png,data/raw/TBX11K/imgs/sick/s0183.png,512,512,OK
TBX11K,s4483.png,data/raw/TBX11K/imgs/sick/s4483.png,512,512,OK
TBX11K,s0197.png,data/raw/TBX11K/imgs/sick/s0197.png,512,512,OK
TBX11K,s1289.png,data/raw/TBX11K/imgs/sick/s1289.png,512,512,OK
TBX11K,s2958.png,data/raw/TBX11K/imgs/sick/s2958.png,512,512,OK
TBX11K,s0828.png,data/raw/TBX11K/imgs/sick/s0828.png,512,512,OK
TBX11K,s4496.png,data/raw/TBX11K/imgs/sick/s4496.png,512,512,OK
TBX11K,s2781.png,data/raw/TBX11K/imgs/sick/s2781.png,512,512,OK
TBX11K,s1288.png,data/raw/TBX11K/imgs/sick/s1288.png,512,512,OK
TBX11K,s0196.png,data/raw/TBX11K/imgs/sick/s0196.png,512,512,OK
TBX11K,s0182.png,data/raw/TBX11K/imgs/sick/s0182.png,512,512,OK
TBX11K,s2795.png,data/raw/TBX11K/imgs/sick/s2795.png,512,512,OK
TBX11K,s4482.png,data/raw/TBX11K/imgs/sick/s4482.png,512,512,OK
TBX11K,s0814.png,data/raw/TBX11K/imgs/sick/s0814.png,512,512,OK
TBX11K,s2965.png,data/raw/TBX11K/imgs/sick/s2965.png,512,512,OK
TBX11K,s2971.png,data/raw/TBX11K/imgs/sick/s2971.png,512,512,OK
TBX11K,s0800.png,data/raw/TBX11K/imgs/sick/s0800.png,512,512,OK
TBX11K,s4455.png,data/raw/TBX11K/imgs/sick/s4455.png,512,512,OK
TBX11K,s2024.png,data/raw/TBX11K/imgs/sick/s2024.png,512,512,OK
TBX11K,s0633.png,data/raw/TBX11K/imgs/sick/s0633.png,512,512,OK
TBX11K,s0155.png,data/raw/TBX11K/imgs/sick/s0155.png,512,512,OK
TBX11K,s2742.png,data/raw/TBX11K/imgs/sick/s2742.png,512,512,OK
TBX11K,s4333.png,data/raw/TBX11K/imgs/sick/s4333.png,512,512,OK
TBX11K,s4327.png,data/raw/TBX11K/imgs/sick/s4327.png,512,512,OK
TBX11K,s3448.png,data/raw/TBX11K/imgs/sick/s3448.png,512,512,OK
TBX11K,s0141.png,data/raw/TBX11K/imgs/sick/s0141.png,512,512,OK
TBX11K,s4441.png,data/raw/TBX11K/imgs/sick/s4441.png,512,512,OK
TBX11K,s2030.png,data/raw/TBX11K/imgs/sick/s2030.png,512,512,OK
TBX11K,s3306.png,data/raw/TBX11K/imgs/sick/s3306.png,512,512,OK
TBX11K,s4469.png,data/raw/TBX11K/imgs/sick/s4469.png,512,512,OK
TBX11K,s3460.png,data/raw/TBX11K/imgs/sick/s3460.png,512,512,OK
TBX11K,s0169.png,data/raw/TBX11K/imgs/sick/s0169.png,512,512,OK
TBX11K,s3474.png,data/raw/TBX11K/imgs/sick/s3474.png,512,512,OK
TBX11K,s1505.png,data/raw/TBX11K/imgs/sick/s1505.png,512,512,OK
TBX11K,s0394.png,data/raw/TBX11K/imgs/sick/s0394.png,512,512,OK
TBX11K,s2583.png,data/raw/TBX11K/imgs/sick/s2583.png,512,512,OK
TBX11K,s4694.png,data/raw/TBX11K/imgs/sick/s4694.png,512,512,OK
TBX11K,s1934.png,data/raw/TBX11K/imgs/sick/s1934.png,512,512,OK
TBX11K,s1920.png,data/raw/TBX11K/imgs/sick/s1920.png,512,512,OK
TBX11K,s4680.png,data/raw/TBX11K/imgs/sick/s4680.png,512,512,OK
TBX11K,s4858.png,data/raw/TBX11K/imgs/sick/s4858.png,512,512,OK
TBX11K,s2597.png,data/raw/TBX11K/imgs/sick/s2597.png,512,512,OK
TBX11K,s3689.png,data/raw/TBX11K/imgs/sick/s3689.png,512,512,OK
TBX11K,s0380.png,data/raw/TBX11K/imgs/sick/s0380.png,512,512,OK
TBX11K,s1908.png,data/raw/TBX11K/imgs/sick/s1908.png,512,512,OK
TBX11K,s4870.png,data/raw/TBX11K/imgs/sick/s4870.png,512,512,OK
TBX11K,s4864.png,data/raw/TBX11K/imgs/sick/s4864.png,512,512,OK
TBX11K,s4131.png,data/raw/TBX11K/imgs/sick/s4131.png,512,512,OK
TBX11K,s3886.png,data/raw/TBX11K/imgs/sick/s3886.png,512,512,OK
TBX11K,s2540.png,data/raw/TBX11K/imgs/sick/s2540.png,512,512,OK
TBX11K,s1049.png,data/raw/TBX11K/imgs/sick/s1049.png,512,512,OK
TBX11K,s0431.png,data/raw/TBX11K/imgs/sick/s0431.png,512,512,OK
TBX11K,s4657.png,data/raw/TBX11K/imgs/sick/s4657.png,512,512,OK
TBX11K,s3138.png,data/raw/TBX11K/imgs/sick/s3138.png,512,512,OK
TBX11K,s2232.png,data/raw/TBX11K/imgs/sick/s2232.png,512,512,OK
TBX11K,s4643.png,data/raw/TBX11K/imgs/sick/s4643.png,512,512,OK
TBX11K,s0425.png,data/raw/TBX11K/imgs/sick/s0425.png,512,512,OK
TBX11K,s4125.png,data/raw/TBX11K/imgs/sick/s4125.png,512,512,OK
TBX11K,s3892.png,data/raw/TBX11K/imgs/sick/s3892.png,512,512,OK
TBX11K,s2554.png,data/raw/TBX11K/imgs/sick/s2554.png,512,512,OK
TBX11K,s1075.png,data/raw/TBX11K/imgs/sick/s1075.png,512,512,OK
TBX11K,s3662.png,data/raw/TBX11K/imgs/sick/s3662.png,512,512,OK
TBX11K,s3104.png,data/raw/TBX11K/imgs/sick/s3104.png,512,512,OK
TBX11K,s1713.png,data/raw/TBX11K/imgs/sick/s1713.png,512,512,OK
TBX11K,s1707.png,data/raw/TBX11K/imgs/sick/s1707.png,512,512,OK
TBX11K,s3676.png,data/raw/TBX11K/imgs/sick/s3676.png,512,512,OK
TBX11K,s4119.png,data/raw/TBX11K/imgs/sick/s4119.png,512,512,OK
TBX11K,s2568.png,data/raw/TBX11K/imgs/sick/s2568.png,512,512,OK
TBX11K,s1061.png,data/raw/TBX11K/imgs/sick/s1061.png,512,512,OK
TBX11K,s3931.png,data/raw/TBX11K/imgs/sick/s3931.png,512,512,OK
TBX11K,s1840.png,data/raw/TBX11K/imgs/sick/s1840.png,512,512,OK
TBX11K,s0586.png,data/raw/TBX11K/imgs/sick/s0586.png,512,512,OK
TBX11K,s1698.png,data/raw/TBX11K/imgs/sick/s1698.png,512,512,OK
TBX11K,s0592.png,data/raw/TBX11K/imgs/sick/s0592.png,512,512,OK
TBX11K,s2385.png,data/raw/TBX11K/imgs/sick/s2385.png,512,512,OK
TBX11K,s4092.png,data/raw/TBX11K/imgs/sick/s4092.png,512,512,OK
TBX11K,s3925.png,data/raw/TBX11K/imgs/sick/s3925.png,512,512,OK
TBX11K,s4904.png,data/raw/TBX11K/imgs/sick/s4904.png,512,512,OK
TBX11K,s4910.png,data/raw/TBX11K/imgs/sick/s4910.png,512,512,OK
TBX11K,s1868.png,data/raw/TBX11K/imgs/sick/s1868.png,512,512,OK
TBX11K,s3919.png,data/raw/TBX11K/imgs/sick/s3919.png,512,512,OK
TBX11K,s4045.png,data/raw/TBX11K/imgs/sick/s4045.png,512,512,OK
TBX11K,s0223.png,data/raw/TBX11K/imgs/sick/s0223.png,512,512,OK
TBX11K,s1883.png,data/raw/TBX11K/imgs/sick/s1883.png,512,512,OK
TBX11K,s4723.png,data/raw/TBX11K/imgs/sick/s4723.png,512,512,OK
TBX11K,s2352.png,data/raw/TBX11K/imgs/sick/s2352.png,512,512,OK
TBX11K,s3058.png,data/raw/TBX11K/imgs/sick/s3058.png,512,512,OK
TBX11K,s4737.png,data/raw/TBX11K/imgs/sick/s4737.png,512,512,OK
TBX11K,s2346.png,data/raw/TBX11K/imgs/sick/s2346.png,512,512,OK
TBX11K,s1129.png,data/raw/TBX11K/imgs/sick/s1129.png,512,512,OK
TBX11K,s2420.png,data/raw/TBX11K/imgs/sick/s2420.png,512,512,OK
TBX11K,s4051.png,data/raw/TBX11K/imgs/sick/s4051.png,512,512,OK
TBX11K,s1101.png,data/raw/TBX11K/imgs/sick/s1101.png,512,512,OK
TBX11K,s2408.png,data/raw/TBX11K/imgs/sick/s2408.png,512,512,OK
TBX11K,s4079.png,data/raw/TBX11K/imgs/sick/s4079.png,512,512,OK
TBX11K,s3716.png,data/raw/TBX11K/imgs/sick/s3716.png,512,512,OK
TBX11K,s3070.png,data/raw/TBX11K/imgs/sick/s3070.png,512,512,OK
TBX11K,s0579.png,data/raw/TBX11K/imgs/sick/s0579.png,512,512,OK
TBX11K,s1673.png,data/raw/TBX11K/imgs/sick/s1673.png,512,512,OK
TBX11K,s3064.png,data/raw/TBX11K/imgs/sick/s3064.png,512,512,OK
TBX11K,s1115.png,data/raw/TBX11K/imgs/sick/s1115.png,512,512,OK
TBX11K,s0784.png,data/raw/TBX11K/imgs/sick/s0784.png,512,512,OK
TBX11K,s2193.png,data/raw/TBX11K/imgs/sick/s2193.png,512,512,OK
TBX11K,s4284.png,data/raw/TBX11K/imgs/sick/s4284.png,512,512,OK
TBX11K,s2839.png,data/raw/TBX11K/imgs/sick/s2839.png,512,512,OK
TBX11K,s4290.png,data/raw/TBX11K/imgs/sick/s4290.png,512,512,OK
TBX11K,s3299.png,data/raw/TBX11K/imgs/sick/s3299.png,512,512,OK
TBX11K,s2187.png,data/raw/TBX11K/imgs/sick/s2187.png,512,512,OK
TBX11K,s0948.png,data/raw/TBX11K/imgs/sick/s0948.png,512,512,OK
TBX11K,s2811.png,data/raw/TBX11K/imgs/sick/s2811.png,512,512,OK
TBX11K,s2805.png,data/raw/TBX11K/imgs/sick/s2805.png,512,512,OK
TBX11K,s0974.png,data/raw/TBX11K/imgs/sick/s0974.png,512,512,OK
TBX11K,s2150.png,data/raw/TBX11K/imgs/sick/s2150.png,512,512,OK
TBX11K,s4521.png,data/raw/TBX11K/imgs/sick/s4521.png,512,512,OK
TBX11K,s0747.png,data/raw/TBX11K/imgs/sick/s0747.png,512,512,OK
TBX11K,s1459.png,data/raw/TBX11K/imgs/sick/s1459.png,512,512,OK
TBX11K,s0021.png,data/raw/TBX11K/imgs/sick/s0021.png,512,512,OK
TBX11K,s3528.png,data/raw/TBX11K/imgs/sick/s3528.png,512,512,OK
TBX11K,s4247.png,data/raw/TBX11K/imgs/sick/s4247.png,512,512,OK
TBX11K,s2636.png,data/raw/TBX11K/imgs/sick/s2636.png,512,512,OK
TBX11K,s4253.png,data/raw/TBX11K/imgs/sick/s4253.png,512,512,OK
TBX11K,s2622.png,data/raw/TBX11K/imgs/sick/s2622.png,512,512,OK
TBX11K,s0035.png,data/raw/TBX11K/imgs/sick/s0035.png,512,512,OK
TBX11K,s0753.png,data/raw/TBX11K/imgs/sick/s0753.png,512,512,OK
TBX11K,s2144.png,data/raw/TBX11K/imgs/sick/s2144.png,512,512,OK
TBX11K,s4535.png,data/raw/TBX11K/imgs/sick/s4535.png,512,512,OK
TBX11K,s3272.png,data/raw/TBX11K/imgs/sick/s3272.png,512,512,OK
TBX11K,s3514.png,data/raw/TBX11K/imgs/sick/s3514.png,512,512,OK
TBX11K,s1303.png,data/raw/TBX11K/imgs/sick/s1303.png,512,512,OK
TBX11K,s1317.png,data/raw/TBX11K/imgs/sick/s1317.png,512,512,OK
TBX11K,s0009.png,data/raw/TBX11K/imgs/sick/s0009.png,512,512,OK
TBX11K,s2178.png,data/raw/TBX11K/imgs/sick/s2178.png,512,512,OK
TBX11K,s4509.png,data/raw/TBX11K/imgs/sick/s4509.png,512,512,OK
TBX11K,s3266.png,data/raw/TBX11K/imgs/sick/s3266.png,512,512,OK
TBX11K,s1471.png,data/raw/TBX11K/imgs/sick/s1471.png,512,512,OK
TBX11K,s4531.png,data/raw/TBX11K/imgs/sick/s4531.png,512,512,OK
TBX11K,s2140.png,data/raw/TBX11K/imgs/sick/s2140.png,512,512,OK
TBX11K,s1449.png,data/raw/TBX11K/imgs/sick/s1449.png,512,512,OK
TBX11K,s0757.png,data/raw/TBX11K/imgs/sick/s0757.png,512,512,OK
TBX11K,s0031.png,data/raw/TBX11K/imgs/sick/s0031.png,512,512,OK
TBX11K,s4257.png,data/raw/TBX11K/imgs/sick/s4257.png,512,512,OK
TBX11K,s2632.png,data/raw/TBX11K/imgs/sick/s2632.png,512,512,OK
TBX11K,s4243.png,data/raw/TBX11K/imgs/sick/s4243.png,512,512,OK
TBX11K,s0743.png,data/raw/TBX11K/imgs/sick/s0743.png,512,512,OK
TBX11K,s4525.png,data/raw/TBX11K/imgs/sick/s4525.png,512,512,OK
TBX11K,s2154.png,data/raw/TBX11K/imgs/sick/s2154.png,512,512,OK
TBX11K,s1475.png,data/raw/TBX11K/imgs/sick/s1475.png,512,512,OK
TBX11K,s3262.png,data/raw/TBX11K/imgs/sick/s3262.png,512,512,OK
TBX11K,s3504.png,data/raw/TBX11K/imgs/sick/s3504.png,512,512,OK
TBX11K,s1313.png,data/raw/TBX11K/imgs/sick/s1313.png,512,512,OK
TBX11K,s0019.png,data/raw/TBX11K/imgs/sick/s0019.png,512,512,OK
TBX11K,s1307.png,data/raw/TBX11K/imgs/sick/s1307.png,512,512,OK
TBX11K,s3510.png,data/raw/TBX11K/imgs/sick/s3510.png,512,512,OK
TBX11K,s3276.png,data/raw/TBX11K/imgs/sick/s3276.png,512,512,OK
TBX11K,s2168.png,data/raw/TBX11K/imgs/sick/s2168.png,512,512,OK
TBX11K,s2183.png,data/raw/TBX11K/imgs/sick/s2183.png,512,512,OK
TBX11K,s4294.png,data/raw/TBX11K/imgs/sick/s4294.png,512,512,OK
TBX11K,s4280.png,data/raw/TBX11K/imgs/sick/s4280.png,512,512,OK
TBX11K,s2829.png,data/raw/TBX11K/imgs/sick/s2829.png,512,512,OK
TBX11K,s2197.png,data/raw/TBX11K/imgs/sick/s2197.png,512,512,OK
TBX11K,s3289.png,data/raw/TBX11K/imgs/sick/s3289.png,512,512,OK
TBX11K,s0780.png,data/raw/TBX11K/imgs/sick/s0780.png,512,512,OK
TBX11K,s0958.png,data/raw/TBX11K/imgs/sick/s0958.png,512,512,OK
TBX11K,s0970.png,data/raw/TBX11K/imgs/sick/s0970.png,512,512,OK
TBX11K,s2801.png,data/raw/TBX11K/imgs/sick/s2801.png,512,512,OK
TBX11K,s2815.png,data/raw/TBX11K/imgs/sick/s2815.png,512,512,OK
TBX11K,s0964.png,data/raw/TBX11K/imgs/sick/s0964.png,512,512,OK
TBX11K,s2424.png,data/raw/TBX11K/imgs/sick/s2424.png,512,512,OK
TBX11K,s0233.png,data/raw/TBX11K/imgs/sick/s0233.png,512,512,OK
TBX11K,s1893.png,data/raw/TBX11K/imgs/sick/s1893.png,512,512,OK
TBX11K,s0555.png,data/raw/TBX11K/imgs/sick/s0555.png,512,512,OK
TBX11K,s2342.png,data/raw/TBX11K/imgs/sick/s2342.png,512,512,OK
TBX11K,s4733.png,data/raw/TBX11K/imgs/sick/s4733.png,512,512,OK
TBX11K,s2356.png,data/raw/TBX11K/imgs/sick/s2356.png,512,512,OK
TBX11K,s3048.png,data/raw/TBX11K/imgs/sick/s3048.png,512,512,OK
TBX11K,s4727.png,data/raw/TBX11K/imgs/sick/s4727.png,512,512,OK
TBX11K,s0541.png,data/raw/TBX11K/imgs/sick/s0541.png,512,512,OK
TBX11K,s1139.png,data/raw/TBX11K/imgs/sick/s1139.png,512,512,OK
TBX11K,s0227.png,data/raw/TBX11K/imgs/sick/s0227.png,512,512,OK
TBX11K,s4041.png,data/raw/TBX11K/imgs/sick/s4041.png,512,512,OK
TBX11K,s2430.png,data/raw/TBX11K/imgs/sick/s2430.png,512,512,OK
TBX11K,s1111.png,data/raw/TBX11K/imgs/sick/s1111.png,512,512,OK
TBX11K,s4069.png,data/raw/TBX11K/imgs/sick/s4069.png,512,512,OK
TBX11K,s3706.png,data/raw/TBX11K/imgs/sick/s3706.png,512,512,OK
TBX11K,s2418.png,data/raw/TBX11K/imgs/sick/s2418.png,512,512,OK
TBX11K,s1663.png,data/raw/TBX11K/imgs/sick/s1663.png,512,512,OK
TBX11K,s3074.png,data/raw/TBX11K/imgs/sick/s3074.png,512,512,OK
TBX11K,s3712.png,data/raw/TBX11K/imgs/sick/s3712.png,512,512,OK
TBX11K,s1105.png,data/raw/TBX11K/imgs/sick/s1105.png,512,512,OK
TBX11K,s3921.png,data/raw/TBX11K/imgs/sick/s3921.png,512,512,OK
TBX11K,s4096.png,data/raw/TBX11K/imgs/sick/s4096.png,512,512,OK
TBX11K,s2381.png,data/raw/TBX11K/imgs/sick/s2381.png,512,512,OK
TBX11K,s4928.png,data/raw/TBX11K/imgs/sick/s4928.png,512,512,OK
TBX11K,s1688.png,data/raw/TBX11K/imgs/sick/s1688.png,512,512,OK
TBX11K,s1844.png,data/raw/TBX11K/imgs/sick/s1844.png,512,512,OK
TBX11K,s0582.png,data/raw/TBX11K/imgs/sick/s0582.png,512,512,OK
TBX11K,s2395.png,data/raw/TBX11K/imgs/sick/s2395.png,512,512,OK
TBX11K,s3935.png,data/raw/TBX11K/imgs/sick/s3935.png,512,512,OK
TBX11K,s4082.png,data/raw/TBX11K/imgs/sick/s4082.png,512,512,OK
TBX11K,s4914.png,data/raw/TBX11K/imgs/sick/s4914.png,512,512,OK
TBX11K,s1878.png,data/raw/TBX11K/imgs/sick/s1878.png,512,512,OK
TBX11K,s2550.png,data/raw/TBX11K/imgs/sick/s2550.png,512,512,OK
TBX11K,s4121.png,data/raw/TBX11K/imgs/sick/s4121.png,512,512,OK
TBX11K,s0347.png,data/raw/TBX11K/imgs/sick/s0347.png,512,512,OK
TBX11K,s0421.png,data/raw/TBX11K/imgs/sick/s0421.png,512,512,OK
TBX11K,s4647.png,data/raw/TBX11K/imgs/sick/s4647.png,512,512,OK
TBX11K,s3128.png,data/raw/TBX11K/imgs/sick/s3128.png,512,512,OK
TBX11K,s2236.png,data/raw/TBX11K/imgs/sick/s2236.png,512,512,OK
TBX11K,s4653.png,data/raw/TBX11K/imgs/sick/s4653.png,512,512,OK
TBX11K,s2222.png,data/raw/TBX11K/imgs/sick/s2222.png,512,512,OK
TBX11K,s0435.png,data/raw/TBX11K/imgs/sick/s0435.png,512,512,OK
TBX11K,s3882.png,data/raw/TBX11K/imgs/sick/s3882.png,512,512,OK
TBX11K,s2544.png,data/raw/TBX11K/imgs/sick/s2544.png,512,512,OK
TBX11K,s4135.png,data/raw/TBX11K/imgs/sick/s4135.png,512,512,OK
TBX11K,s3672.png,data/raw/TBX11K/imgs/sick/s3672.png,512,512,OK
TBX11K,s3114.png,data/raw/TBX11K/imgs/sick/s3114.png,512,512,OK
TBX11K,s1703.png,data/raw/TBX11K/imgs/sick/s1703.png,512,512,OK
TBX11K,s1717.png,data/raw/TBX11K/imgs/sick/s1717.png,512,512,OK
TBX11K,s2578.png,data/raw/TBX11K/imgs/sick/s2578.png,512,512,OK
TBX11K,s3666.png,data/raw/TBX11K/imgs/sick/s3666.png,512,512,OK
TBX11K,s4109.png,data/raw/TBX11K/imgs/sick/s4109.png,512,512,OK
TBX11K,s1071.png,data/raw/TBX11K/imgs/sick/s1071.png,512,512,OK
TBX11K,s0384.png,data/raw/TBX11K/imgs/sick/s0384.png,512,512,OK
TBX11K,s3855.png,data/raw/TBX11K/imgs/sick/s3855.png,512,512,OK
TBX11K,s2593.png,data/raw/TBX11K/imgs/sick/s2593.png,512,512,OK
TBX11K,s4684.png,data/raw/TBX11K/imgs/sick/s4684.png,512,512,OK
TBX11K,s4690.png,data/raw/TBX11K/imgs/sick/s4690.png,512,512,OK
TBX11K,s3841.png,data/raw/TBX11K/imgs/sick/s3841.png,512,512,OK
TBX11K,s2587.png,data/raw/TBX11K/imgs/sick/s2587.png,512,512,OK
TBX11K,s0390.png,data/raw/TBX11K/imgs/sick/s0390.png,512,512,OK
TBX11K,s1918.png,data/raw/TBX11K/imgs/sick/s1918.png,512,512,OK
TBX11K,s4860.png,data/raw/TBX11K/imgs/sick/s4860.png,512,512,OK
TBX11K,s4874.png,data/raw/TBX11K/imgs/sick/s4874.png,512,512,OK
TBX11K,s2034.png,data/raw/TBX11K/imgs/sick/s2034.png,512,512,OK
TBX11K,s0623.png,data/raw/TBX11K/imgs/sick/s0623.png,512,512,OK
TBX11K,s4323.png,data/raw/TBX11K/imgs/sick/s4323.png,512,512,OK
TBX11K,s2752.png,data/raw/TBX11K/imgs/sick/s2752.png,512,512,OK
TBX11K,s4337.png,data/raw/TBX11K/imgs/sick/s4337.png,512,512,OK
TBX11K,s3458.png,data/raw/TBX11K/imgs/sick/s3458.png,512,512,OK
TBX11K,s0151.png,data/raw/TBX11K/imgs/sick/s0151.png,512,512,OK
TBX11K,s1529.png,data/raw/TBX11K/imgs/sick/s1529.png,512,512,OK
TBX11K,s2020.png,data/raw/TBX11K/imgs/sick/s2020.png,512,512,OK
TBX11K,s4451.png,data/raw/TBX11K/imgs/sick/s4451.png,512,512,OK
TBX11K,s1501.png,data/raw/TBX11K/imgs/sick/s1501.png,512,512,OK
TBX11K,s2008.png,data/raw/TBX11K/imgs/sick/s2008.png,512,512,OK
TBX11K,s3316.png,data/raw/TBX11K/imgs/sick/s3316.png,512,512,OK
TBX11K,s1267.png,data/raw/TBX11K/imgs/sick/s1267.png,512,512,OK
TBX11K,s0179.png,data/raw/TBX11K/imgs/sick/s0179.png,512,512,OK
TBX11K,s1273.png,data/raw/TBX11K/imgs/sick/s1273.png,512,512,OK
TBX11K,s1515.png,data/raw/TBX11K/imgs/sick/s1515.png,512,512,OK
TBX11K,s4486.png,data/raw/TBX11K/imgs/sick/s4486.png,512,512,OK
TBX11K,s2791.png,data/raw/TBX11K/imgs/sick/s2791.png,512,512,OK
TBX11K,s1298.png,data/raw/TBX11K/imgs/sick/s1298.png,512,512,OK
TBX11K,s0192.png,data/raw/TBX11K/imgs/sick/s0192.png,512,512,OK
TBX11K,s2785.png,data/raw/TBX11K/imgs/sick/s2785.png,512,512,OK
TBX11K,s4492.png,data/raw/TBX11K/imgs/sick/s4492.png,512,512,OK
TBX11K,s2975.png,data/raw/TBX11K/imgs/sick/s2975.png,512,512,OK
TBX11K,s2961.png,data/raw/TBX11K/imgs/sick/s2961.png,512,512,OK
TBX11K,s0810.png,data/raw/TBX11K/imgs/sick/s0810.png,512,512,OK
TBX11K,s0811.png,data/raw/TBX11K/imgs/sick/s0811.png,512,512,OK
TBX11K,s0805.png,data/raw/TBX11K/imgs/sick/s0805.png,512,512,OK
TBX11K,s2974.png,data/raw/TBX11K/imgs/sick/s2974.png,512,512,OK
TBX11K,s0193.png,data/raw/TBX11K/imgs/sick/s0193.png,512,512,OK
TBX11K,s0839.png,data/raw/TBX11K/imgs/sick/s0839.png,512,512,OK
TBX11K,s0187.png,data/raw/TBX11K/imgs/sick/s0187.png,512,512,OK
TBX11K,s2948.png,data/raw/TBX11K/imgs/sick/s2948.png,512,512,OK
TBX11K,s2790.png,data/raw/TBX11K/imgs/sick/s2790.png,512,512,OK
TBX11K,s3465.png,data/raw/TBX11K/imgs/sick/s3465.png,512,512,OK
TBX11K,s1514.png,data/raw/TBX11K/imgs/sick/s1514.png,512,512,OK
TBX11K,s3303.png,data/raw/TBX11K/imgs/sick/s3303.png,512,512,OK
TBX11K,s4478.png,data/raw/TBX11K/imgs/sick/s4478.png,512,512,OK
TBX11K,s3317.png,data/raw/TBX11K/imgs/sick/s3317.png,512,512,OK
TBX11K,s2009.png,data/raw/TBX11K/imgs/sick/s2009.png,512,512,OK
TBX11K,s0178.png,data/raw/TBX11K/imgs/sick/s0178.png,512,512,OK
TBX11K,s1266.png,data/raw/TBX11K/imgs/sick/s1266.png,512,512,OK
TBX11K,s2747.png,data/raw/TBX11K/imgs/sick/s2747.png,512,512,OK
TBX11K,s4336.png,data/raw/TBX11K/imgs/sick/s4336.png,512,512,OK
TBX11K,s2021.png,data/raw/TBX11K/imgs/sick/s2021.png,512,512,OK
TBX11K,s1528.png,data/raw/TBX11K/imgs/sick/s1528.png,512,512,OK
TBX11K,s0636.png,data/raw/TBX11K/imgs/sick/s0636.png,512,512,OK
TBX11K,s0622.png,data/raw/TBX11K/imgs/sick/s0622.png,512,512,OK
TBX11K,s4444.png,data/raw/TBX11K/imgs/sick/s4444.png,512,512,OK
TBX11K,s2035.png,data/raw/TBX11K/imgs/sick/s2035.png,512,512,OK
TBX11K,s2753.png,data/raw/TBX11K/imgs/sick/s2753.png,512,512,OK
TBX11K,s4322.png,data/raw/TBX11K/imgs/sick/s4322.png,512,512,OK
TBX11K,s4875.png,data/raw/TBX11K/imgs/sick/s4875.png,512,512,OK
TBX11K,s3868.png,data/raw/TBX11K/imgs/sick/s3868.png,512,512,OK
TBX11K,s4861.png,data/raw/TBX11K/imgs/sick/s4861.png,512,512,OK
TBX11K,s1919.png,data/raw/TBX11K/imgs/sick/s1919.png,512,512,OK
TBX11K,s4691.png,data/raw/TBX11K/imgs/sick/s4691.png,512,512,OK
TBX11K,s1931.png,data/raw/TBX11K/imgs/sick/s1931.png,512,512,OK
TBX11K,s0391.png,data/raw/TBX11K/imgs/sick/s0391.png,512,512,OK
TBX11K,s3840.png,data/raw/TBX11K/imgs/sick/s3840.png,512,512,OK
TBX11K,s2592.png,data/raw/TBX11K/imgs/sick/s2592.png,512,512,OK
TBX11K,s3854.png,data/raw/TBX11K/imgs/sick/s3854.png,512,512,OK
TBX11K,s0385.png,data/raw/TBX11K/imgs/sick/s0385.png,512,512,OK
TBX11K,s1925.png,data/raw/TBX11K/imgs/sick/s1925.png,512,512,OK
TBX11K,s4685.png,data/raw/TBX11K/imgs/sick/s4685.png,512,512,OK
TBX11K,s3101.png,data/raw/TBX11K/imgs/sick/s3101.png,512,512,OK
TBX11K,s0408.png,data/raw/TBX11K/imgs/sick/s0408.png,512,512,OK
TBX11K,s1070.png,data/raw/TBX11K/imgs/sick/s1070.png,512,512,OK
TBX11K,s4108.png,data/raw/TBX11K/imgs/sick/s4108.png,512,512,OK
TBX11K,s3667.png,data/raw/TBX11K/imgs/sick/s3667.png,512,512,OK
TBX11K,s3673.png,data/raw/TBX11K/imgs/sick/s3673.png,512,512,OK
TBX11K,s1702.png,data/raw/TBX11K/imgs/sick/s1702.png,512,512,OK
TBX11K,s3115.png,data/raw/TBX11K/imgs/sick/s3115.png,512,512,OK
TBX11K,s0434.png,data/raw/TBX11K/imgs/sick/s0434.png,512,512,OK
TBX11K,s2223.png,data/raw/TBX11K/imgs/sick/s2223.png,512,512,OK
TBX11K,s4652.png,data/raw/TBX11K/imgs/sick/s4652.png,512,512,OK
TBX11K,s2545.png,data/raw/TBX11K/imgs/sick/s2545.png,512,512,OK
TBX11K,s0352.png,data/raw/TBX11K/imgs/sick/s0352.png,512,512,OK
TBX11K,s1058.png,data/raw/TBX11K/imgs/sick/s1058.png,512,512,OK
TBX11K,s0346.png,data/raw/TBX11K/imgs/sick/s0346.png,512,512,OK
TBX11K,s4120.png,data/raw/TBX11K/imgs/sick/s4120.png,512,512,OK
TBX11K,s2551.png,data/raw/TBX11K/imgs/sick/s2551.png,512,512,OK
TBX11K,s3897.png,data/raw/TBX11K/imgs/sick/s3897.png,512,512,OK
TBX11K,s0420.png,data/raw/TBX11K/imgs/sick/s0420.png,512,512,OK
TBX11K,s1879.png,data/raw/TBX11K/imgs/sick/s1879.png,512,512,OK
TBX11K,s4901.png,data/raw/TBX11K/imgs/sick/s4901.png,512,512,OK
TBX11K,s4915.png,data/raw/TBX11K/imgs/sick/s4915.png,512,512,OK
TBX11K,s0583.png,data/raw/TBX11K/imgs/sick/s0583.png,512,512,OK
TBX11K,s1845.png,data/raw/TBX11K/imgs/sick/s1845.png,512,512,OK
TBX11K,s4083.png,data/raw/TBX11K/imgs/sick/s4083.png,512,512,OK
TBX11K,s3934.png,data/raw/TBX11K/imgs/sick/s3934.png,512,512,OK
TBX11K,s4097.png,data/raw/TBX11K/imgs/sick/s4097.png,512,512,OK
TBX11K,s3920.png,data/raw/TBX11K/imgs/sick/s3920.png,512,512,OK
TBX11K,s1851.png,data/raw/TBX11K/imgs/sick/s1851.png,512,512,OK
TBX11K,s1689.png,data/raw/TBX11K/imgs/sick/s1689.png,512,512,OK
TBX11K,s4929.png,data/raw/TBX11K/imgs/sick/s4929.png,512,512,OK
TBX11K,s2380.png,data/raw/TBX11K/imgs/sick/s2380.png,512,512,OK
TBX11K,s3075.png,data/raw/TBX11K/imgs/sick/s3075.png,512,512,OK
TBX11K,s1662.png,data/raw/TBX11K/imgs/sick/s1662.png,512,512,OK
TBX11K,s1104.png,data/raw/TBX11K/imgs/sick/s1104.png,512,512,OK
TBX11K,s3713.png,data/raw/TBX11K/imgs/sick/s3713.png,512,512,OK
TBX11K,s4068.png,data/raw/TBX11K/imgs/sick/s4068.png,512,512,OK
TBX11K,s0568.png,data/raw/TBX11K/imgs/sick/s0568.png,512,512,OK
TBX11K,s3061.png,data/raw/TBX11K/imgs/sick/s3061.png,512,512,OK
TBX11K,s1886.png,data/raw/TBX11K/imgs/sick/s1886.png,512,512,OK
TBX11K,s4726.png,data/raw/TBX11K/imgs/sick/s4726.png,512,512,OK
TBX11K,s3049.png,data/raw/TBX11K/imgs/sick/s3049.png,512,512,OK
TBX11K,s2357.png,data/raw/TBX11K/imgs/sick/s2357.png,512,512,OK
TBX11K,s4040.png,data/raw/TBX11K/imgs/sick/s4040.png,512,512,OK
TBX11K,s0226.png,data/raw/TBX11K/imgs/sick/s0226.png,512,512,OK
TBX11K,s1138.png,data/raw/TBX11K/imgs/sick/s1138.png,512,512,OK
TBX11K,s0232.png,data/raw/TBX11K/imgs/sick/s0232.png,512,512,OK
TBX11K,s2425.png,data/raw/TBX11K/imgs/sick/s2425.png,512,512,OK
TBX11K,s4732.png,data/raw/TBX11K/imgs/sick/s4732.png,512,512,OK
TBX11K,s2343.png,data/raw/TBX11K/imgs/sick/s2343.png,512,512,OK
TBX11K,s0554.png,data/raw/TBX11K/imgs/sick/s0554.png,512,512,OK
TBX11K,s2814.png,data/raw/TBX11K/imgs/sick/s2814.png,512,512,OK
TBX11K,s0965.png,data/raw/TBX11K/imgs/sick/s0965.png,512,512,OK
TBX11K,s2800.png,data/raw/TBX11K/imgs/sick/s2800.png,512,512,OK
TBX11K,s0781.png,data/raw/TBX11K/imgs/sick/s0781.png,512,512,OK
TBX11K,s3288.png,data/raw/TBX11K/imgs/sick/s3288.png,512,512,OK
TBX11K,s0795.png,data/raw/TBX11K/imgs/sick/s0795.png,512,512,OK
TBX11K,s4295.png,data/raw/TBX11K/imgs/sick/s4295.png,512,512,OK
TBX11K,s3511.png,data/raw/TBX11K/imgs/sick/s3511.png,512,512,OK
TBX11K,s1306.png,data/raw/TBX11K/imgs/sick/s1306.png,512,512,OK
TBX11K,s2169.png,data/raw/TBX11K/imgs/sick/s2169.png,512,512,OK
TBX11K,s3263.png,data/raw/TBX11K/imgs/sick/s3263.png,512,512,OK
TBX11K,s1474.png,data/raw/TBX11K/imgs/sick/s1474.png,512,512,OK
TBX11K,s1312.png,data/raw/TBX11K/imgs/sick/s1312.png,512,512,OK
TBX11K,s3505.png,data/raw/TBX11K/imgs/sick/s3505.png,512,512,OK
TBX11K,s0024.png,data/raw/TBX11K/imgs/sick/s0024.png,512,512,OK
TBX11K,s4242.png,data/raw/TBX11K/imgs/sick/s4242.png,512,512,OK
TBX11K,s2155.png,data/raw/TBX11K/imgs/sick/s2155.png,512,512,OK
TBX11K,s4524.png,data/raw/TBX11K/imgs/sick/s4524.png,512,512,OK
TBX11K,s0742.png,data/raw/TBX11K/imgs/sick/s0742.png,512,512,OK
TBX11K,s0756.png,data/raw/TBX11K/imgs/sick/s0756.png,512,512,OK
TBX11K,s1448.png,data/raw/TBX11K/imgs/sick/s1448.png,512,512,OK
TBX11K,s4530.png,data/raw/TBX11K/imgs/sick/s4530.png,512,512,OK
TBX11K,s4256.png,data/raw/TBX11K/imgs/sick/s4256.png,512,512,OK
TBX11K,s2627.png,data/raw/TBX11K/imgs/sick/s2627.png,512,512,OK
TBX11K,s0030.png,data/raw/TBX11K/imgs/sick/s0030.png,512,512,OK
TBX11K,s0740.png,data/raw/TBX11K/imgs/sick/s0740.png,512,512,OK
TBX11K,s4526.png,data/raw/TBX11K/imgs/sick/s4526.png,512,512,OK
TBX11K,s3249.png,data/raw/TBX11K/imgs/sick/s3249.png,512,512,OK
TBX11K,s2157.png,data/raw/TBX11K/imgs/sick/s2157.png,512,512,OK
TBX11K,s4240.png,data/raw/TBX11K/imgs/sick/s4240.png,512,512,OK
TBX11K,s1338.png,data/raw/TBX11K/imgs/sick/s1338.png,512,512,OK
TBX11K,s2625.png,data/raw/TBX11K/imgs/sick/s2625.png,512,512,OK
TBX11K,s4254.png,data/raw/TBX11K/imgs/sick/s4254.png,512,512,OK
TBX11K,s4532.png,data/raw/TBX11K/imgs/sick/s4532.png,512,512,OK
TBX11K,s2143.png,data/raw/TBX11K/imgs/sick/s2143.png,512,512,OK
TBX11K,s0754.png,data/raw/TBX11K/imgs/sick/s0754.png,512,512,OK
TBX11K,s3275.png,data/raw/TBX11K/imgs/sick/s3275.png,512,512,OK
TBX11K,s1462.png,data/raw/TBX11K/imgs/sick/s1462.png,512,512,OK
TBX11K,s1304.png,data/raw/TBX11K/imgs/sick/s1304.png,512,512,OK
TBX11K,s3513.png,data/raw/TBX11K/imgs/sick/s3513.png,512,512,OK
TBX11K,s2619.png,data/raw/TBX11K/imgs/sick/s2619.png,512,512,OK
TBX11K,s4268.png,data/raw/TBX11K/imgs/sick/s4268.png,512,512,OK
TBX11K,s1310.png,data/raw/TBX11K/imgs/sick/s1310.png,512,512,OK
TBX11K,s1476.png,data/raw/TBX11K/imgs/sick/s1476.png,512,512,OK
TBX11K,s0768.png,data/raw/TBX11K/imgs/sick/s0768.png,512,512,OK
TBX11K,s3261.png,data/raw/TBX11K/imgs/sick/s3261.png,512,512,OK
TBX11K,s2194.png,data/raw/TBX11K/imgs/sick/s2194.png,512,512,OK
TBX11K,s4283.png,data/raw/TBX11K/imgs/sick/s4283.png,512,512,OK
TBX11K,s1489.png,data/raw/TBX11K/imgs/sick/s1489.png,512,512,OK
TBX11K,s2180.png,data/raw/TBX11K/imgs/sick/s2180.png,512,512,OK
TBX11K,s0967.png,data/raw/TBX11K/imgs/sick/s0967.png,512,512,OK
TBX11K,s0973.png,data/raw/TBX11K/imgs/sick/s0973.png,512,512,OK
TBX11K,s0224.png,data/raw/TBX11K/imgs/sick/s0224.png,512,512,OK
TBX11K,s2355.png,data/raw/TBX11K/imgs/sick/s2355.png,512,512,OK
TBX11K,s4724.png,data/raw/TBX11K/imgs/sick/s4724.png,512,512,OK
TBX11K,s1884.png,data/raw/TBX11K/imgs/sick/s1884.png,512,512,OK
TBX11K,s0542.png,data/raw/TBX11K/imgs/sick/s0542.png,512,512,OK
TBX11K,s1890.png,data/raw/TBX11K/imgs/sick/s1890.png,512,512,OK
TBX11K,s0556.png,data/raw/TBX11K/imgs/sick/s0556.png,512,512,OK
TBX11K,s1648.png,data/raw/TBX11K/imgs/sick/s1648.png,512,512,OK
TBX11K,s2341.png,data/raw/TBX11K/imgs/sick/s2341.png,512,512,OK
TBX11K,s4730.png,data/raw/TBX11K/imgs/sick/s4730.png,512,512,OK
TBX11K,s4056.png,data/raw/TBX11K/imgs/sick/s4056.png,512,512,OK
TBX11K,s2427.png,data/raw/TBX11K/imgs/sick/s2427.png,512,512,OK
TBX11K,s0230.png,data/raw/TBX11K/imgs/sick/s0230.png,512,512,OK
TBX11K,s3711.png,data/raw/TBX11K/imgs/sick/s3711.png,512,512,OK
TBX11K,s1106.png,data/raw/TBX11K/imgs/sick/s1106.png,512,512,OK
TBX11K,s0218.png,data/raw/TBX11K/imgs/sick/s0218.png,512,512,OK
TBX11K,s1660.png,data/raw/TBX11K/imgs/sick/s1660.png,512,512,OK
TBX11K,s2369.png,data/raw/TBX11K/imgs/sick/s2369.png,512,512,OK
TBX11K,s3077.png,data/raw/TBX11K/imgs/sick/s3077.png,512,512,OK
TBX11K,s4718.png,data/raw/TBX11K/imgs/sick/s4718.png,512,512,OK
TBX11K,s3063.png,data/raw/TBX11K/imgs/sick/s3063.png,512,512,OK
TBX11K,s1112.png,data/raw/TBX11K/imgs/sick/s1112.png,512,512,OK
TBX11K,s3936.png,data/raw/TBX11K/imgs/sick/s3936.png,512,512,OK
TBX11K,s4081.png,data/raw/TBX11K/imgs/sick/s4081.png,512,512,OK
TBX11K,s1847.png,data/raw/TBX11K/imgs/sick/s1847.png,512,512,OK
TBX11K,s0581.png,data/raw/TBX11K/imgs/sick/s0581.png,512,512,OK
TBX11K,s3088.png,data/raw/TBX11K/imgs/sick/s3088.png,512,512,OK
TBX11K,s2396.png,data/raw/TBX11K/imgs/sick/s2396.png,512,512,OK
TBX11K,s1853.png,data/raw/TBX11K/imgs/sick/s1853.png,512,512,OK
TBX11K,s0595.png,data/raw/TBX11K/imgs/sick/s0595.png,512,512,OK
TBX11K,s4095.png,data/raw/TBX11K/imgs/sick/s4095.png,512,512,OK
TBX11K,s4903.png,data/raw/TBX11K/imgs/sick/s4903.png,512,512,OK
TBX11K,s0350.png,data/raw/TBX11K/imgs/sick/s0350.png,512,512,OK
TBX11K,s2547.png,data/raw/TBX11K/imgs/sick/s2547.png,512,512,OK
TBX11K,s3659.png,data/raw/TBX11K/imgs/sick/s3659.png,512,512,OK
TBX11K,s4136.png,data/raw/TBX11K/imgs/sick/s4136.png,512,512,OK
TBX11K,s4650.png,data/raw/TBX11K/imgs/sick/s4650.png,512,512,OK
TBX11K,s4888.png,data/raw/TBX11K/imgs/sick/s4888.png,512,512,OK
TBX11K,s2221.png,data/raw/TBX11K/imgs/sick/s2221.png,512,512,OK
TBX11K,s1728.png,data/raw/TBX11K/imgs/sick/s1728.png,512,512,OK
TBX11K,s4644.png,data/raw/TBX11K/imgs/sick/s4644.png,512,512,OK
TBX11K,s2235.png,data/raw/TBX11K/imgs/sick/s2235.png,512,512,OK
TBX11K,s3895.png,data/raw/TBX11K/imgs/sick/s3895.png,512,512,OK
TBX11K,s2553.png,data/raw/TBX11K/imgs/sick/s2553.png,512,512,OK
TBX11K,s4122.png,data/raw/TBX11K/imgs/sick/s4122.png,512,512,OK
TBX11K,s3665.png,data/raw/TBX11K/imgs/sick/s3665.png,512,512,OK
TBX11K,s1072.png,data/raw/TBX11K/imgs/sick/s1072.png,512,512,OK
TBX11K,s1714.png,data/raw/TBX11K/imgs/sick/s1714.png,512,512,OK
TBX11K,s3103.png,data/raw/TBX11K/imgs/sick/s3103.png,512,512,OK
TBX11K,s4678.png,data/raw/TBX11K/imgs/sick/s4678.png,512,512,OK
TBX11K,s3117.png,data/raw/TBX11K/imgs/sick/s3117.png,512,512,OK
TBX11K,s1700.png,data/raw/TBX11K/imgs/sick/s1700.png,512,512,OK
TBX11K,s0378.png,data/raw/TBX11K/imgs/sick/s0378.png,512,512,OK
TBX11K,s1066.png,data/raw/TBX11K/imgs/sick/s1066.png,512,512,OK
TBX11K,s3671.png,data/raw/TBX11K/imgs/sick/s3671.png,512,512,OK
TBX11K,s3842.png,data/raw/TBX11K/imgs/sick/s3842.png,512,512,OK
TBX11K,s2584.png,data/raw/TBX11K/imgs/sick/s2584.png,512,512,OK
TBX11K,s0393.png,data/raw/TBX11K/imgs/sick/s0393.png,512,512,OK
TBX11K,s1933.png,data/raw/TBX11K/imgs/sick/s1933.png,512,512,OK
TBX11K,s4693.png,data/raw/TBX11K/imgs/sick/s4693.png,512,512,OK
TBX11K,s1099.png,data/raw/TBX11K/imgs/sick/s1099.png,512,512,OK
TBX11K,s0387.png,data/raw/TBX11K/imgs/sick/s0387.png,512,512,OK
TBX11K,s2590.png,data/raw/TBX11K/imgs/sick/s2590.png,512,512,OK
TBX11K,s4877.png,data/raw/TBX11K/imgs/sick/s4877.png,512,512,OK
TBX11K,s0634.png,data/raw/TBX11K/imgs/sick/s0634.png,512,512,OK
TBX11K,s2023.png,data/raw/TBX11K/imgs/sick/s2023.png,512,512,OK
TBX11K,s4452.png,data/raw/TBX11K/imgs/sick/s4452.png,512,512,OK
TBX11K,s2745.png,data/raw/TBX11K/imgs/sick/s2745.png,512,512,OK
TBX11K,s0152.png,data/raw/TBX11K/imgs/sick/s0152.png,512,512,OK
TBX11K,s1258.png,data/raw/TBX11K/imgs/sick/s1258.png,512,512,OK
TBX11K,s2989.png,data/raw/TBX11K/imgs/sick/s2989.png,512,512,OK
TBX11K,s4320.png,data/raw/TBX11K/imgs/sick/s4320.png,512,512,OK
TBX11K,s2751.png,data/raw/TBX11K/imgs/sick/s2751.png,512,512,OK
TBX11K,s2037.png,data/raw/TBX11K/imgs/sick/s2037.png,512,512,OK
TBX11K,s3329.png,data/raw/TBX11K/imgs/sick/s3329.png,512,512,OK
TBX11K,s4446.png,data/raw/TBX11K/imgs/sick/s4446.png,512,512,OK
TBX11K,s0620.png,data/raw/TBX11K/imgs/sick/s0620.png,512,512,OK
TBX11K,s0608.png,data/raw/TBX11K/imgs/sick/s0608.png,512,512,OK
TBX11K,s1516.png,data/raw/TBX11K/imgs/sick/s1516.png,512,512,OK
TBX11K,s1270.png,data/raw/TBX11K/imgs/sick/s1270.png,512,512,OK
TBX11K,s4308.png,data/raw/TBX11K/imgs/sick/s4308.png,512,512,OK
TBX11K,s3467.png,data/raw/TBX11K/imgs/sick/s3467.png,512,512,OK
TBX11K,s2779.png,data/raw/TBX11K/imgs/sick/s2779.png,512,512,OK
TBX11K,s1264.png,data/raw/TBX11K/imgs/sick/s1264.png,512,512,OK
TBX11K,s1502.png,data/raw/TBX11K/imgs/sick/s1502.png,512,512,OK
TBX11K,s4491.png,data/raw/TBX11K/imgs/sick/s4491.png,512,512,OK
TBX11K,s0191.png,data/raw/TBX11K/imgs/sick/s0191.png,512,512,OK
TBX11K,s2786.png,data/raw/TBX11K/imgs/sick/s2786.png,512,512,OK
TBX11K,s3498.png,data/raw/TBX11K/imgs/sick/s3498.png,512,512,OK
TBX11K,s0185.png,data/raw/TBX11K/imgs/sick/s0185.png,512,512,OK
TBX11K,s4485.png,data/raw/TBX11K/imgs/sick/s4485.png,512,512,OK
TBX11K,s0813.png,data/raw/TBX11K/imgs/sick/s0813.png,512,512,OK
TBX11K,s2976.png,data/raw/TBX11K/imgs/sick/s2976.png,512,512,OK
TBX11K,s0807.png,data/raw/TBX11K/imgs/sick/s0807.png,512,512,OK
TBX11K,s2977.png,data/raw/TBX11K/imgs/sick/s2977.png,512,512,OK
TBX11K,s0806.png,data/raw/TBX11K/imgs/sick/s0806.png,512,512,OK
TBX11K,s0184.png,data/raw/TBX11K/imgs/sick/s0184.png,512,512,OK
TBX11K,s2793.png,data/raw/TBX11K/imgs/sick/s2793.png,512,512,OK
TBX11K,s4484.png,data/raw/TBX11K/imgs/sick/s4484.png,512,512,OK
TBX11K,s4490.png,data/raw/TBX11K/imgs/sick/s4490.png,512,512,OK
TBX11K,s2787.png,data/raw/TBX11K/imgs/sick/s2787.png,512,512,OK
TBX11K,s0190.png,data/raw/TBX11K/imgs/sick/s0190.png,512,512,OK
TBX11K,s1265.png,data/raw/TBX11K/imgs/sick/s1265.png,512,512,OK
TBX11K,s3472.png,data/raw/TBX11K/imgs/sick/s3472.png,512,512,OK
TBX11K,s3314.png,data/raw/TBX11K/imgs/sick/s3314.png,512,512,OK
TBX11K,s1503.png,data/raw/TBX11K/imgs/sick/s1503.png,512,512,OK
TBX11K,s0609.png,data/raw/TBX11K/imgs/sick/s0609.png,512,512,OK
TBX11K,s3300.png,data/raw/TBX11K/imgs/sick/s3300.png,512,512,OK
TBX11K,s2778.png,data/raw/TBX11K/imgs/sick/s2778.png,512,512,OK
TBX11K,s4309.png,data/raw/TBX11K/imgs/sick/s4309.png,512,512,OK
TBX11K,s1271.png,data/raw/TBX11K/imgs/sick/s1271.png,512,512,OK
TBX11K,s2750.png,data/raw/TBX11K/imgs/sick/s2750.png,512,512,OK
TBX11K,s4321.png,data/raw/TBX11K/imgs/sick/s4321.png,512,512,OK
TBX11K,s2988.png,data/raw/TBX11K/imgs/sick/s2988.png,512,512,OK
TBX11K,s0147.png,data/raw/TBX11K/imgs/sick/s0147.png,512,512,OK
TBX11K,s1259.png,data/raw/TBX11K/imgs/sick/s1259.png,512,512,OK
TBX11K,s4447.png,data/raw/TBX11K/imgs/sick/s4447.png,512,512,OK
TBX11K,s2036.png,data/raw/TBX11K/imgs/sick/s2036.png,512,512,OK
TBX11K,s4453.png,data/raw/TBX11K/imgs/sick/s4453.png,512,512,OK
TBX11K,s2022.png,data/raw/TBX11K/imgs/sick/s2022.png,512,512,OK
TBX11K,s0635.png,data/raw/TBX11K/imgs/sick/s0635.png,512,512,OK
TBX11K,s0153.png,data/raw/TBX11K/imgs/sick/s0153.png,512,512,OK
TBX11K,s2744.png,data/raw/TBX11K/imgs/sick/s2744.png,512,512,OK
TBX11K,s4335.png,data/raw/TBX11K/imgs/sick/s4335.png,512,512,OK
TBX11K,s4862.png,data/raw/TBX11K/imgs/sick/s4862.png,512,512,OK
TBX11K,s1926.png,data/raw/TBX11K/imgs/sick/s1926.png,512,512,OK
TBX11K,s4686.png,data/raw/TBX11K/imgs/sick/s4686.png,512,512,OK
TBX11K,s3857.png,data/raw/TBX11K/imgs/sick/s3857.png,512,512,OK
TBX11K,s1098.png,data/raw/TBX11K/imgs/sick/s1098.png,512,512,OK
TBX11K,s0392.png,data/raw/TBX11K/imgs/sick/s0392.png,512,512,OK
TBX11K,s2585.png,data/raw/TBX11K/imgs/sick/s2585.png,512,512,OK
TBX11K,s3843.png,data/raw/TBX11K/imgs/sick/s3843.png,512,512,OK
TBX11K,s4692.png,data/raw/TBX11K/imgs/sick/s4692.png,512,512,OK
TBX11K,s3116.png,data/raw/TBX11K/imgs/sick/s3116.png,512,512,OK
TBX11K,s3670.png,data/raw/TBX11K/imgs/sick/s3670.png,512,512,OK
TBX11K,s1067.png,data/raw/TBX11K/imgs/sick/s1067.png,512,512,OK
TBX11K,s0379.png,data/raw/TBX11K/imgs/sick/s0379.png,512,512,OK
TBX11K,s1073.png,data/raw/TBX11K/imgs/sick/s1073.png,512,512,OK
TBX11K,s3664.png,data/raw/TBX11K/imgs/sick/s3664.png,512,512,OK
TBX11K,s3102.png,data/raw/TBX11K/imgs/sick/s3102.png,512,512,OK
TBX11K,s1715.png,data/raw/TBX11K/imgs/sick/s1715.png,512,512,OK
TBX11K,s2234.png,data/raw/TBX11K/imgs/sick/s2234.png,512,512,OK
TBX11K,s4645.png,data/raw/TBX11K/imgs/sick/s4645.png,512,512,OK
TBX11K,s0345.png,data/raw/TBX11K/imgs/sick/s0345.png,512,512,OK
TBX11K,s4123.png,data/raw/TBX11K/imgs/sick/s4123.png,512,512,OK
TBX11K,s3894.png,data/raw/TBX11K/imgs/sick/s3894.png,512,512,OK
TBX11K,s3658.png,data/raw/TBX11K/imgs/sick/s3658.png,512,512,OK
TBX11K,s2546.png,data/raw/TBX11K/imgs/sick/s2546.png,512,512,OK
TBX11K,s3880.png,data/raw/TBX11K/imgs/sick/s3880.png,512,512,OK
TBX11K,s0437.png,data/raw/TBX11K/imgs/sick/s0437.png,512,512,OK
TBX11K,s1729.png,data/raw/TBX11K/imgs/sick/s1729.png,512,512,OK
TBX11K,s2220.png,data/raw/TBX11K/imgs/sick/s2220.png,512,512,OK
TBX11K,s4889.png,data/raw/TBX11K/imgs/sick/s4889.png,512,512,OK
TBX11K,s4651.png,data/raw/TBX11K/imgs/sick/s4651.png,512,512,OK
TBX11K,s4916.png,data/raw/TBX11K/imgs/sick/s4916.png,512,512,OK
TBX11K,s1852.png,data/raw/TBX11K/imgs/sick/s1852.png,512,512,OK
TBX11K,s4080.png,data/raw/TBX11K/imgs/sick/s4080.png,512,512,OK
TBX11K,s3937.png,data/raw/TBX11K/imgs/sick/s3937.png,512,512,OK
TBX11K,s2397.png,data/raw/TBX11K/imgs/sick/s2397.png,512,512,OK
TBX11K,s3089.png,data/raw/TBX11K/imgs/sick/s3089.png,512,512,OK
TBX11K,s0580.png,data/raw/TBX11K/imgs/sick/s0580.png,512,512,OK
TBX11K,s1846.png,data/raw/TBX11K/imgs/sick/s1846.png,512,512,OK
TBX11K,s1675.png,data/raw/TBX11K/imgs/sick/s1675.png,512,512,OK
TBX11K,s3062.png,data/raw/TBX11K/imgs/sick/s3062.png,512,512,OK
TBX11K,s3704.png,data/raw/TBX11K/imgs/sick/s3704.png,512,512,OK
TBX11K,s0219.png,data/raw/TBX11K/imgs/sick/s0219.png,512,512,OK
TBX11K,s1107.png,data/raw/TBX11K/imgs/sick/s1107.png,512,512,OK
TBX11K,s3710.png,data/raw/TBX11K/imgs/sick/s3710.png,512,512,OK
TBX11K,s4719.png,data/raw/TBX11K/imgs/sick/s4719.png,512,512,OK
TBX11K,s3076.png,data/raw/TBX11K/imgs/sick/s3076.png,512,512,OK
TBX11K,s2368.png,data/raw/TBX11K/imgs/sick/s2368.png,512,512,OK
TBX11K,s1661.png,data/raw/TBX11K/imgs/sick/s1661.png,512,512,OK
TBX11K,s4731.png,data/raw/TBX11K/imgs/sick/s4731.png,512,512,OK
TBX11K,s1649.png,data/raw/TBX11K/imgs/sick/s1649.png,512,512,OK
TBX11K,s0557.png,data/raw/TBX11K/imgs/sick/s0557.png,512,512,OK
TBX11K,s2426.png,data/raw/TBX11K/imgs/sick/s2426.png,512,512,OK
TBX11K,s3738.png,data/raw/TBX11K/imgs/sick/s3738.png,512,512,OK
TBX11K,s2432.png,data/raw/TBX11K/imgs/sick/s2432.png,512,512,OK
TBX11K,s0543.png,data/raw/TBX11K/imgs/sick/s0543.png,512,512,OK
TBX11K,s1885.png,data/raw/TBX11K/imgs/sick/s1885.png,512,512,OK
TBX11K,s4725.png,data/raw/TBX11K/imgs/sick/s4725.png,512,512,OK
TBX11K,s0972.png,data/raw/TBX11K/imgs/sick/s0972.png,512,512,OK
TBX11K,s0966.png,data/raw/TBX11K/imgs/sick/s0966.png,512,512,OK
TBX11K,s2817.png,data/raw/TBX11K/imgs/sick/s2817.png,512,512,OK
TBX11K,s4296.png,data/raw/TBX11K/imgs/sick/s4296.png,512,512,OK
TBX11K,s1488.png,data/raw/TBX11K/imgs/sick/s1488.png,512,512,OK
TBX11K,s0796.png,data/raw/TBX11K/imgs/sick/s0796.png,512,512,OK
TBX11K,s0782.png,data/raw/TBX11K/imgs/sick/s0782.png,512,512,OK
TBX11K,s2195.png,data/raw/TBX11K/imgs/sick/s2195.png,512,512,OK
TBX11K,s2618.png,data/raw/TBX11K/imgs/sick/s2618.png,512,512,OK
TBX11K,s3260.png,data/raw/TBX11K/imgs/sick/s3260.png,512,512,OK
TBX11K,s0769.png,data/raw/TBX11K/imgs/sick/s0769.png,512,512,OK
TBX11K,s1477.png,data/raw/TBX11K/imgs/sick/s1477.png,512,512,OK
TBX11K,s1463.png,data/raw/TBX11K/imgs/sick/s1463.png,512,512,OK
TBX11K,s3512.png,data/raw/TBX11K/imgs/sick/s3512.png,512,512,OK
TBX11K,s1305.png,data/raw/TBX11K/imgs/sick/s1305.png,512,512,OK
TBX11K,s4255.png,data/raw/TBX11K/imgs/sick/s4255.png,512,512,OK
TBX11K,s2624.png,data/raw/TBX11K/imgs/sick/s2624.png,512,512,OK
TBX11K,s0033.png,data/raw/TBX11K/imgs/sick/s0033.png,512,512,OK
TBX11K,s0755.png,data/raw/TBX11K/imgs/sick/s0755.png,512,512,OK
TBX11K,s2142.png,data/raw/TBX11K/imgs/sick/s2142.png,512,512,OK
TBX11K,s4533.png,data/raw/TBX11K/imgs/sick/s4533.png,512,512,OK
TBX11K,s3248.png,data/raw/TBX11K/imgs/sick/s3248.png,512,512,OK
TBX11K,s4527.png,data/raw/TBX11K/imgs/sick/s4527.png,512,512,OK
TBX11K,s4241.png,data/raw/TBX11K/imgs/sick/s4241.png,512,512,OK
TBX11K,unknown_1283.png,data/raw/TBX11K/imgs/test/unknown_1283.png,512,512,OK
TBX11K,unknown_2952.png,data/raw/TBX11K/imgs/test/unknown_2952.png,512,512,OK
TBX11K,unknown_2946.png,data/raw/TBX11K/imgs/test/unknown_2946.png,512,512,OK
TBX11K,unknown_1297.png,data/raw/TBX11K/imgs/test/unknown_1297.png,512,512,OK
TBX11K,unknown_729.png,data/raw/TBX11K/imgs/test/unknown_729.png,512,512,OK
TBX11K,unknown_701.png,data/raw/TBX11K/imgs/test/unknown_701.png,512,512,OK
TBX11K,unknown_715.png,data/raw/TBX11K/imgs/test/unknown_715.png,512,512,OK
TBX11K,unknown_1526.png,data/raw/TBX11K/imgs/test/unknown_1526.png,512,512,OK
TBX11K,unknown_926.png,data/raw/TBX11K/imgs/test/unknown_926.png,512,512,OK
TBX11K,unknown_2749.png,data/raw/TBX11K/imgs/test/unknown_2749.png,512,512,OK
TBX11K,unknown_2991.png,data/raw/TBX11K/imgs/test/unknown_2991.png,512,512,OK
TBX11K,unknown_1240.png,data/raw/TBX11K/imgs/test/unknown_1240.png,512,512,OK
TBX11K,unknown_1254.png,data/raw/TBX11K/imgs/test/unknown_1254.png,512,512,OK
TBX11K,unknown_2985.png,data/raw/TBX11K/imgs/test/unknown_2985.png,512,512,OK
TBX11K,unknown_1532.png,data/raw/TBX11K/imgs/test/unknown_1532.png,512,512,OK
TBX11K,unknown_932.png,data/raw/TBX11K/imgs/test/unknown_932.png,512,512,OK
TBX11K,unknown_2013.png,data/raw/TBX11K/imgs/test/unknown_2013.png,512,512,OK
TBX11K,unknown_2775.png,data/raw/TBX11K/imgs/test/unknown_2775.png,512,512,OK
TBX11K,unknown_2761.png,data/raw/TBX11K/imgs/test/unknown_2761.png,512,512,OK
TBX11K,unknown_1268.png,data/raw/TBX11K/imgs/test/unknown_1268.png,512,512,OK
TBX11K,unknown_2007.png,data/raw/TBX11K/imgs/test/unknown_2007.png,512,512,OK
TBX11K,unknown_2588.png,data/raw/TBX11K/imgs/test/unknown_2588.png,512,512,OK
TBX11K,unknown_259.png,data/raw/TBX11K/imgs/test/unknown_259.png,512,512,OK
TBX11K,unknown_1081.png,data/raw/TBX11K/imgs/test/unknown_1081.png,512,512,OK
TBX11K,unknown_1095.png,data/raw/TBX11K/imgs/test/unknown_1095.png,512,512,OK
TBX11K,unknown_265.png,data/raw/TBX11K/imgs/test/unknown_265.png,512,512,OK
TBX11K,unknown_503.png,data/raw/TBX11K/imgs/test/unknown_503.png,512,512,OK
TBX11K,unknown_1903.png,data/raw/TBX11K/imgs/test/unknown_1903.png,512,512,OK
TBX11K,unknown_517.png,data/raw/TBX11K/imgs/test/unknown_517.png,512,512,OK
TBX11K,unknown_1917.png,data/raw/TBX11K/imgs/test/unknown_1917.png,512,512,OK
TBX11K,unknown_271.png,data/raw/TBX11K/imgs/test/unknown_271.png,512,512,OK
TBX11K,unknown_1042.png,data/raw/TBX11K/imgs/test/unknown_1042.png,512,512,OK
TBX11K,unknown_3133.png,data/raw/TBX11K/imgs/test/unknown_3133.png,512,512,OK
TBX11K,unknown_1724.png,data/raw/TBX11K/imgs/test/unknown_1724.png,512,512,OK
TBX11K,unknown_1730.png,data/raw/TBX11K/imgs/test/unknown_1730.png,512,512,OK
TBX11K,unknown_2239.png,data/raw/TBX11K/imgs/test/unknown_2239.png,512,512,OK
TBX11K,unknown_3127.png,data/raw/TBX11K/imgs/test/unknown_3127.png,512,512,OK
TBX11K,unknown_1056.png,data/raw/TBX11K/imgs/test/unknown_1056.png,512,512,OK
TBX11K,unknown_2577.png,data/raw/TBX11K/imgs/test/unknown_2577.png,512,512,OK
TBX11K,unknown_1718.png,data/raw/TBX11K/imgs/test/unknown_1718.png,512,512,OK
TBX11K,unknown_2211.png,data/raw/TBX11K/imgs/test/unknown_2211.png,512,512,OK
TBX11K,unknown_2205.png,data/raw/TBX11K/imgs/test/unknown_2205.png,512,512,OK
TBX11K,unknown_2563.png,data/raw/TBX11K/imgs/test/unknown_2563.png,512,512,OK
TBX11K,unknown_1693.png,data/raw/TBX11K/imgs/test/unknown_1693.png,512,512,OK
TBX11K,unknown_3084.png,data/raw/TBX11K/imgs/test/unknown_3084.png,512,512,OK
TBX11K,unknown_3090.png,data/raw/TBX11K/imgs/test/unknown_3090.png,512,512,OK
TBX11K,unknown_1687.png,data/raw/TBX11K/imgs/test/unknown_1687.png,512,512,OK
TBX11K,unknown_339.png,data/raw/TBX11K/imgs/test/unknown_339.png,512,512,OK
TBX11K,unknown_311.png,data/raw/TBX11K/imgs/test/unknown_311.png,512,512,OK
TBX11K,unknown_1877.png,data/raw/TBX11K/imgs/test/unknown_1877.png,512,512,OK
TBX11K,unknown_477.png,data/raw/TBX11K/imgs/test/unknown_477.png,512,512,OK
TBX11K,unknown_1863.png,data/raw/TBX11K/imgs/test/unknown_1863.png,512,512,OK
TBX11K,unknown_463.png,data/raw/TBX11K/imgs/test/unknown_463.png,512,512,OK
TBX11K,unknown_305.png,data/raw/TBX11K/imgs/test/unknown_305.png,512,512,OK
TBX11K,unknown_1136.png,data/raw/TBX11K/imgs/test/unknown_1136.png,512,512,OK
TBX11K,unknown_3047.png,data/raw/TBX11K/imgs/test/unknown_3047.png,512,512,OK
TBX11K,unknown_2359.png,data/raw/TBX11K/imgs/test/unknown_2359.png,512,512,OK
TBX11K,unknown_488.png,data/raw/TBX11K/imgs/test/unknown_488.png,512,512,OK
TBX11K,unknown_1650.png,data/raw/TBX11K/imgs/test/unknown_1650.png,512,512,OK
TBX11K,unknown_1888.png,data/raw/TBX11K/imgs/test/unknown_1888.png,512,512,OK
TBX11K,unknown_1644.png,data/raw/TBX11K/imgs/test/unknown_1644.png,512,512,OK
TBX11K,unknown_3053.png,data/raw/TBX11K/imgs/test/unknown_3053.png,512,512,OK
TBX11K,unknown_1122.png,data/raw/TBX11K/imgs/test/unknown_1122.png,512,512,OK
TBX11K,unknown_2403.png,data/raw/TBX11K/imgs/test/unknown_2403.png,512,512,OK
TBX11K,unknown_2365.png,data/raw/TBX11K/imgs/test/unknown_2365.png,512,512,OK
TBX11K,unknown_2371.png,data/raw/TBX11K/imgs/test/unknown_2371.png,512,512,OK
TBX11K,unknown_1678.png,data/raw/TBX11K/imgs/test/unknown_1678.png,512,512,OK
TBX11K,unknown_2417.png,data/raw/TBX11K/imgs/test/unknown_2417.png,512,512,OK
TBX11K,unknown_3286.png,data/raw/TBX11K/imgs/test/unknown_3286.png,512,512,OK
TBX11K,unknown_2198.png,data/raw/TBX11K/imgs/test/unknown_2198.png,512,512,OK
TBX11K,unknown_1491.png,data/raw/TBX11K/imgs/test/unknown_1491.png,512,512,OK
TBX11K,unknown_649.png,data/raw/TBX11K/imgs/test/unknown_649.png,512,512,OK
TBX11K,unknown_891.png,data/raw/TBX11K/imgs/test/unknown_891.png,512,512,OK
TBX11K,unknown_2826.png,data/raw/TBX11K/imgs/test/unknown_2826.png,512,512,OK
TBX11K,unknown_2832.png,data/raw/TBX11K/imgs/test/unknown_2832.png,512,512,OK
TBX11K,unknown_1485.png,data/raw/TBX11K/imgs/test/unknown_1485.png,512,512,OK
TBX11K,unknown_885.png,data/raw/TBX11K/imgs/test/unknown_885.png,512,512,OK
TBX11K,unknown_3292.png,data/raw/TBX11K/imgs/test/unknown_3292.png,512,512,OK
TBX11K,unknown_675.png,data/raw/TBX11K/imgs/test/unknown_675.png,512,512,OK
TBX11K,unknown_113.png,data/raw/TBX11K/imgs/test/unknown_113.png,512,512,OK
TBX11K,unknown_107.png,data/raw/TBX11K/imgs/test/unknown_107.png,512,512,OK
TBX11K,unknown_661.png,data/raw/TBX11K/imgs/test/unknown_661.png,512,512,OK
TBX11K,unknown_852.png,data/raw/TBX11K/imgs/test/unknown_852.png,512,512,OK
TBX11K,unknown_1452.png,data/raw/TBX11K/imgs/test/unknown_1452.png,512,512,OK
TBX11K,unknown_3245.png,data/raw/TBX11K/imgs/test/unknown_3245.png,512,512,OK
TBX11K,unknown_1334.png,data/raw/TBX11K/imgs/test/unknown_1334.png,512,512,OK
TBX11K,unknown_1320.png,data/raw/TBX11K/imgs/test/unknown_1320.png,512,512,OK
TBX11K,unknown_2629.png,data/raw/TBX11K/imgs/test/unknown_2629.png,512,512,OK
TBX11K,unknown_3251.png,data/raw/TBX11K/imgs/test/unknown_3251.png,512,512,OK
TBX11K,unknown_846.png,data/raw/TBX11K/imgs/test/unknown_846.png,512,512,OK
TBX11K,unknown_1446.png,data/raw/TBX11K/imgs/test/unknown_1446.png,512,512,OK
TBX11K,unknown_2167.png,data/raw/TBX11K/imgs/test/unknown_2167.png,512,512,OK
TBX11K,unknown_3279.png,data/raw/TBX11K/imgs/test/unknown_3279.png,512,512,OK
TBX11K,unknown_1308.png,data/raw/TBX11K/imgs/test/unknown_1308.png,512,512,OK
TBX11K,unknown_22.png,data/raw/TBX11K/imgs/test/unknown_22.png,512,512,OK
TBX11K,unknown_2601.png,data/raw/TBX11K/imgs/test/unknown_2601.png,512,512,OK
TBX11K,unknown_36.png,data/raw/TBX11K/imgs/test/unknown_36.png,512,512,OK
TBX11K,unknown_2615.png,data/raw/TBX11K/imgs/test/unknown_2615.png,512,512,OK
TBX11K,unknown_2173.png,data/raw/TBX11K/imgs/test/unknown_2173.png,512,512,OK
TBX11K,unknown_2614.png,data/raw/TBX11K/imgs/test/unknown_2614.png,512,512,OK
TBX11K,unknown_37.png,data/raw/TBX11K/imgs/test/unknown_37.png,512,512,OK
TBX11K,unknown_2172.png,data/raw/TBX11K/imgs/test/unknown_2172.png,512,512,OK
TBX11K,unknown_3278.png,data/raw/TBX11K/imgs/test/unknown_3278.png,512,512,OK
TBX11K,unknown_2166.png,data/raw/TBX11K/imgs/test/unknown_2166.png,512,512,OK
TBX11K,unknown_2600.png,data/raw/TBX11K/imgs/test/unknown_2600.png,512,512,OK
TBX11K,unknown_23.png,data/raw/TBX11K/imgs/test/unknown_23.png,512,512,OK
TBX11K,unknown_1309.png,data/raw/TBX11K/imgs/test/unknown_1309.png,512,512,OK
TBX11K,unknown_2628.png,data/raw/TBX11K/imgs/test/unknown_2628.png,512,512,OK
TBX11K,unknown_1321.png,data/raw/TBX11K/imgs/test/unknown_1321.png,512,512,OK
TBX11K,unknown_1447.png,data/raw/TBX11K/imgs/test/unknown_1447.png,512,512,OK
TBX11K,unknown_847.png,data/raw/TBX11K/imgs/test/unknown_847.png,512,512,OK
TBX11K,unknown_3250.png,data/raw/TBX11K/imgs/test/unknown_3250.png,512,512,OK
TBX11K,unknown_3244.png,data/raw/TBX11K/imgs/test/unknown_3244.png,512,512,OK
TBX11K,unknown_1453.png,data/raw/TBX11K/imgs/test/unknown_1453.png,512,512,OK
TBX11K,unknown_853.png,data/raw/TBX11K/imgs/test/unknown_853.png,512,512,OK
TBX11K,unknown_1335.png,data/raw/TBX11K/imgs/test/unknown_1335.png,512,512,OK
TBX11K,unknown_106.png,data/raw/TBX11K/imgs/test/unknown_106.png,512,512,OK
TBX11K,unknown_660.png,data/raw/TBX11K/imgs/test/unknown_660.png,512,512,OK
TBX11K,unknown_674.png,data/raw/TBX11K/imgs/test/unknown_674.png,512,512,OK
TBX11K,unknown_112.png,data/raw/TBX11K/imgs/test/unknown_112.png,512,512,OK
TBX11K,unknown_2833.png,data/raw/TBX11K/imgs/test/unknown_2833.png,512,512,OK
TBX11K,unknown_3293.png,data/raw/TBX11K/imgs/test/unknown_3293.png,512,512,OK
TBX11K,unknown_884.png,data/raw/TBX11K/imgs/test/unknown_884.png,512,512,OK
TBX11K,unknown_1484.png,data/raw/TBX11K/imgs/test/unknown_1484.png,512,512,OK
TBX11K,unknown_890.png,data/raw/TBX11K/imgs/test/unknown_890.png,512,512,OK
TBX11K,unknown_648.png,data/raw/TBX11K/imgs/test/unknown_648.png,512,512,OK
TBX11K,unknown_1490.png,data/raw/TBX11K/imgs/test/unknown_1490.png,512,512,OK
TBX11K,unknown_2199.png,data/raw/TBX11K/imgs/test/unknown_2199.png,512,512,OK
TBX11K,unknown_3287.png,data/raw/TBX11K/imgs/test/unknown_3287.png,512,512,OK
TBX11K,unknown_2827.png,data/raw/TBX11K/imgs/test/unknown_2827.png,512,512,OK
TBX11K,unknown_1679.png,data/raw/TBX11K/imgs/test/unknown_1679.png,512,512,OK
TBX11K,unknown_2370.png,data/raw/TBX11K/imgs/test/unknown_2370.png,512,512,OK
TBX11K,unknown_2416.png,data/raw/TBX11K/imgs/test/unknown_2416.png,512,512,OK
TBX11K,unknown_2402.png,data/raw/TBX11K/imgs/test/unknown_2402.png,512,512,OK
TBX11K,unknown_2364.png,data/raw/TBX11K/imgs/test/unknown_2364.png,512,512,OK
TBX11K,unknown_3052.png,data/raw/TBX11K/imgs/test/unknown_3052.png,512,512,OK
TBX11K,unknown_1645.png,data/raw/TBX11K/imgs/test/unknown_1645.png,512,512,OK
TBX11K,unknown_1123.png,data/raw/TBX11K/imgs/test/unknown_1123.png,512,512,OK
TBX11K,unknown_1137.png,data/raw/TBX11K/imgs/test/unknown_1137.png,512,512,OK
TBX11K,unknown_1889.png,data/raw/TBX11K/imgs/test/unknown_1889.png,512,512,OK
TBX11K,unknown_1651.png,data/raw/TBX11K/imgs/test/unknown_1651.png,512,512,OK
TBX11K,unknown_489.png,data/raw/TBX11K/imgs/test/unknown_489.png,512,512,OK
TBX11K,unknown_2358.png,data/raw/TBX11K/imgs/test/unknown_2358.png,512,512,OK
TBX11K,unknown_3046.png,data/raw/TBX11K/imgs/test/unknown_3046.png,512,512,OK
TBX11K,unknown_462.png,data/raw/TBX11K/imgs/test/unknown_462.png,512,512,OK
TBX11K,unknown_1862.png,data/raw/TBX11K/imgs/test/unknown_1862.png,512,512,OK
TBX11K,unknown_304.png,data/raw/TBX11K/imgs/test/unknown_304.png,512,512,OK
TBX11K,unknown_310.png,data/raw/TBX11K/imgs/test/unknown_310.png,512,512,OK
TBX11K,unknown_476.png,data/raw/TBX11K/imgs/test/unknown_476.png,512,512,OK
TBX11K,unknown_1876.png,data/raw/TBX11K/imgs/test/unknown_1876.png,512,512,OK
TBX11K,unknown_1686.png,data/raw/TBX11K/imgs/test/unknown_1686.png,512,512,OK
TBX11K,unknown_3091.png,data/raw/TBX11K/imgs/test/unknown_3091.png,512,512,OK
TBX11K,unknown_338.png,data/raw/TBX11K/imgs/test/unknown_338.png,512,512,OK
TBX11K,unknown_3085.png,data/raw/TBX11K/imgs/test/unknown_3085.png,512,512,OK
TBX11K,unknown_1692.png,data/raw/TBX11K/imgs/test/unknown_1692.png,512,512,OK
TBX11K,unknown_2204.png,data/raw/TBX11K/imgs/test/unknown_2204.png,512,512,OK
TBX11K,unknown_2562.png,data/raw/TBX11K/imgs/test/unknown_2562.png,512,512,OK
TBX11K,unknown_2576.png,data/raw/TBX11K/imgs/test/unknown_2576.png,512,512,OK
TBX11K,unknown_2210.png,data/raw/TBX11K/imgs/test/unknown_2210.png,512,512,OK
TBX11K,unknown_1719.png,data/raw/TBX11K/imgs/test/unknown_1719.png,512,512,OK
TBX11K,unknown_3126.png,data/raw/TBX11K/imgs/test/unknown_3126.png,512,512,OK
TBX11K,unknown_2238.png,data/raw/TBX11K/imgs/test/unknown_2238.png,512,512,OK
TBX11K,unknown_1731.png,data/raw/TBX11K/imgs/test/unknown_1731.png,512,512,OK
TBX11K,unknown_1057.png,data/raw/TBX11K/imgs/test/unknown_1057.png,512,512,OK
TBX11K,unknown_1043.png,data/raw/TBX11K/imgs/test/unknown_1043.png,512,512,OK
TBX11K,unknown_1725.png,data/raw/TBX11K/imgs/test/unknown_1725.png,512,512,OK
TBX11K,unknown_3132.png,data/raw/TBX11K/imgs/test/unknown_3132.png,512,512,OK
TBX11K,unknown_1916.png,data/raw/TBX11K/imgs/test/unknown_1916.png,512,512,OK
TBX11K,unknown_516.png,data/raw/TBX11K/imgs/test/unknown_516.png,512,512,OK
TBX11K,unknown_270.png,data/raw/TBX11K/imgs/test/unknown_270.png,512,512,OK
TBX11K,unknown_264.png,data/raw/TBX11K/imgs/test/unknown_264.png,512,512,OK
TBX11K,unknown_1902.png,data/raw/TBX11K/imgs/test/unknown_1902.png,512,512,OK
TBX11K,unknown_502.png,data/raw/TBX11K/imgs/test/unknown_502.png,512,512,OK
TBX11K,unknown_1094.png,data/raw/TBX11K/imgs/test/unknown_1094.png,512,512,OK
TBX11K,unknown_1080.png,data/raw/TBX11K/imgs/test/unknown_1080.png,512,512,OK
TBX11K,unknown_258.png,data/raw/TBX11K/imgs/test/unknown_258.png,512,512,OK
TBX11K,unknown_2589.png,data/raw/TBX11K/imgs/test/unknown_2589.png,512,512,OK
TBX11K,unknown_1269.png,data/raw/TBX11K/imgs/test/unknown_1269.png,512,512,OK
TBX11K,unknown_2760.png,data/raw/TBX11K/imgs/test/unknown_2760.png,512,512,OK
TBX11K,unknown_2006.png,data/raw/TBX11K/imgs/test/unknown_2006.png,512,512,OK
TBX11K,unknown_2012.png,data/raw/TBX11K/imgs/test/unknown_2012.png,512,512,OK
TBX11K,unknown_2774.png,data/raw/TBX11K/imgs/test/unknown_2774.png,512,512,OK
TBX11K,unknown_2984.png,data/raw/TBX11K/imgs/test/unknown_2984.png,512,512,OK
TBX11K,unknown_1255.png,data/raw/TBX11K/imgs/test/unknown_1255.png,512,512,OK
TBX11K,unknown_933.png,data/raw/TBX11K/imgs/test/unknown_933.png,512,512,OK
TBX11K,unknown_1533.png,data/raw/TBX11K/imgs/test/unknown_1533.png,512,512,OK
TBX11K,unknown_927.png,data/raw/TBX11K/imgs/test/unknown_927.png,512,512,OK
TBX11K,unknown_1527.png,data/raw/TBX11K/imgs/test/unknown_1527.png,512,512,OK
TBX11K,unknown_1241.png,data/raw/TBX11K/imgs/test/unknown_1241.png,512,512,OK
TBX11K,unknown_2990.png,data/raw/TBX11K/imgs/test/unknown_2990.png,512,512,OK
TBX11K,unknown_2748.png,data/raw/TBX11K/imgs/test/unknown_2748.png,512,512,OK
TBX11K,unknown_714.png,data/raw/TBX11K/imgs/test/unknown_714.png,512,512,OK
TBX11K,unknown_700.png,data/raw/TBX11K/imgs/test/unknown_700.png,512,512,OK
TBX11K,unknown_1296.png,data/raw/TBX11K/imgs/test/unknown_1296.png,512,512,OK
TBX11K,unknown_2947.png,data/raw/TBX11K/imgs/test/unknown_2947.png,512,512,OK
TBX11K,unknown_728.png,data/raw/TBX11K/imgs/test/unknown_728.png,512,512,OK
TBX11K,unknown_2953.png,data/raw/TBX11K/imgs/test/unknown_2953.png,512,512,OK
TBX11K,unknown_1282.png,data/raw/TBX11K/imgs/test/unknown_1282.png,512,512,OK
TBX11K,unknown_2945.png,data/raw/TBX11K/imgs/test/unknown_2945.png,512,512,OK
TBX11K,unknown_1294.png,data/raw/TBX11K/imgs/test/unknown_1294.png,512,512,OK
TBX11K,unknown_1280.png,data/raw/TBX11K/imgs/test/unknown_1280.png,512,512,OK
TBX11K,unknown_2951.png,data/raw/TBX11K/imgs/test/unknown_2951.png,512,512,OK
TBX11K,unknown_2789.png,data/raw/TBX11K/imgs/test/unknown_2789.png,512,512,OK
TBX11K,unknown_716.png,data/raw/TBX11K/imgs/test/unknown_716.png,512,512,OK
TBX11K,unknown_2979.png,data/raw/TBX11K/imgs/test/unknown_2979.png,512,512,OK
TBX11K,unknown_702.png,data/raw/TBX11K/imgs/test/unknown_702.png,512,512,OK
TBX11K,unknown_2038.png,data/raw/TBX11K/imgs/test/unknown_2038.png,512,512,OK
TBX11K,unknown_1531.png,data/raw/TBX11K/imgs/test/unknown_1531.png,512,512,OK
TBX11K,unknown_931.png,data/raw/TBX11K/imgs/test/unknown_931.png,512,512,OK
TBX11K,unknown_1257.png,data/raw/TBX11K/imgs/test/unknown_1257.png,512,512,OK
TBX11K,unknown_2986.png,data/raw/TBX11K/imgs/test/unknown_2986.png,512,512,OK
TBX11K,unknown_2992.png,data/raw/TBX11K/imgs/test/unknown_2992.png,512,512,OK
TBX11K,unknown_1243.png,data/raw/TBX11K/imgs/test/unknown_1243.png,512,512,OK
TBX11K,unknown_1525.png,data/raw/TBX11K/imgs/test/unknown_1525.png,512,512,OK
TBX11K,unknown_925.png,data/raw/TBX11K/imgs/test/unknown_925.png,512,512,OK
TBX11K,unknown_2004.png,data/raw/TBX11K/imgs/test/unknown_2004.png,512,512,OK
TBX11K,unknown_2762.png,data/raw/TBX11K/imgs/test/unknown_2762.png,512,512,OK
TBX11K,unknown_2776.png,data/raw/TBX11K/imgs/test/unknown_2776.png,512,512,OK
TBX11K,unknown_2010.png,data/raw/TBX11K/imgs/test/unknown_2010.png,512,512,OK
TBX11K,unknown_1519.png,data/raw/TBX11K/imgs/test/unknown_1519.png,512,512,OK
TBX11K,unknown_919.png,data/raw/TBX11K/imgs/test/unknown_919.png,512,512,OK
TBX11K,unknown_1096.png,data/raw/TBX11K/imgs/test/unknown_1096.png,512,512,OK
TBX11K,unknown_528.png,data/raw/TBX11K/imgs/test/unknown_528.png,512,512,OK
TBX11K,unknown_1928.png,data/raw/TBX11K/imgs/test/unknown_1928.png,512,512,OK
TBX11K,unknown_1082.png,data/raw/TBX11K/imgs/test/unknown_1082.png,512,512,OK
TBX11K,unknown_272.png,data/raw/TBX11K/imgs/test/unknown_272.png,512,512,OK
TBX11K,unknown_514.png,data/raw/TBX11K/imgs/test/unknown_514.png,512,512,OK
TBX11K,unknown_1914.png,data/raw/TBX11K/imgs/test/unknown_1914.png,512,512,OK
TBX11K,unknown_500.png,data/raw/TBX11K/imgs/test/unknown_500.png,512,512,OK
TBX11K,unknown_1900.png,data/raw/TBX11K/imgs/test/unknown_1900.png,512,512,OK
TBX11K,unknown_266.png,data/raw/TBX11K/imgs/test/unknown_266.png,512,512,OK
TBX11K,unknown_1055.png,data/raw/TBX11K/imgs/test/unknown_1055.png,512,512,OK
TBX11K,unknown_1733.png,data/raw/TBX11K/imgs/test/unknown_1733.png,512,512,OK
TBX11K,unknown_3124.png,data/raw/TBX11K/imgs/test/unknown_3124.png,512,512,OK
TBX11K,unknown_3130.png,data/raw/TBX11K/imgs/test/unknown_3130.png,512,512,OK
TBX11K,unknown_1727.png,data/raw/TBX11K/imgs/test/unknown_1727.png,512,512,OK
TBX11K,unknown_1041.png,data/raw/TBX11K/imgs/test/unknown_1041.png,512,512,OK
TBX11K,unknown_299.png,data/raw/TBX11K/imgs/test/unknown_299.png,512,512,OK
TBX11K,unknown_2548.png,data/raw/TBX11K/imgs/test/unknown_2548.png,512,512,OK
TBX11K,unknown_1069.png,data/raw/TBX11K/imgs/test/unknown_1069.png,512,512,OK
TBX11K,unknown_2560.png,data/raw/TBX11K/imgs/test/unknown_2560.png,512,512,OK
TBX11K,unknown_2206.png,data/raw/TBX11K/imgs/test/unknown_2206.png,512,512,OK
TBX11K,unknown_3118.png,data/raw/TBX11K/imgs/test/unknown_3118.png,512,512,OK
TBX11K,unknown_2212.png,data/raw/TBX11K/imgs/test/unknown_2212.png,512,512,OK
TBX11K,unknown_2574.png,data/raw/TBX11K/imgs/test/unknown_2574.png,512,512,OK
TBX11K,unknown_3093.png,data/raw/TBX11K/imgs/test/unknown_3093.png,512,512,OK
TBX11K,unknown_1684.png,data/raw/TBX11K/imgs/test/unknown_1684.png,512,512,OK
TBX11K,unknown_1848.png,data/raw/TBX11K/imgs/test/unknown_1848.png,512,512,OK
TBX11K,unknown_1690.png,data/raw/TBX11K/imgs/test/unknown_1690.png,512,512,OK
TBX11K,unknown_448.png,data/raw/TBX11K/imgs/test/unknown_448.png,512,512,OK
TBX11K,unknown_2399.png,data/raw/TBX11K/imgs/test/unknown_2399.png,512,512,OK
TBX11K,unknown_3087.png,data/raw/TBX11K/imgs/test/unknown_3087.png,512,512,OK
TBX11K,unknown_306.png,data/raw/TBX11K/imgs/test/unknown_306.png,512,512,OK
TBX11K,unknown_1860.png,data/raw/TBX11K/imgs/test/unknown_1860.png,512,512,OK
TBX11K,unknown_460.png,data/raw/TBX11K/imgs/test/unknown_460.png,512,512,OK
TBX11K,unknown_1874.png,data/raw/TBX11K/imgs/test/unknown_1874.png,512,512,OK
TBX11K,unknown_474.png,data/raw/TBX11K/imgs/test/unknown_474.png,512,512,OK
TBX11K,unknown_312.png,data/raw/TBX11K/imgs/test/unknown_312.png,512,512,OK
TBX11K,unknown_2428.png,data/raw/TBX11K/imgs/test/unknown_2428.png,512,512,OK
TBX11K,unknown_1121.png,data/raw/TBX11K/imgs/test/unknown_1121.png,512,512,OK
TBX11K,unknown_1647.png,data/raw/TBX11K/imgs/test/unknown_1647.png,512,512,OK
TBX11K,unknown_3050.png,data/raw/TBX11K/imgs/test/unknown_3050.png,512,512,OK
TBX11K,unknown_3044.png,data/raw/TBX11K/imgs/test/unknown_3044.png,512,512,OK
TBX11K,unknown_1653.png,data/raw/TBX11K/imgs/test/unknown_1653.png,512,512,OK
TBX11K,unknown_1135.png,data/raw/TBX11K/imgs/test/unknown_1135.png,512,512,OK
TBX11K,unknown_2414.png,data/raw/TBX11K/imgs/test/unknown_2414.png,512,512,OK
TBX11K,unknown_2372.png,data/raw/TBX11K/imgs/test/unknown_2372.png,512,512,OK
TBX11K,unknown_3078.png,data/raw/TBX11K/imgs/test/unknown_3078.png,512,512,OK
TBX11K,unknown_2366.png,data/raw/TBX11K/imgs/test/unknown_2366.png,512,512,OK
TBX11K,unknown_2400.png,data/raw/TBX11K/imgs/test/unknown_2400.png,512,512,OK
TBX11K,unknown_1109.png,data/raw/TBX11K/imgs/test/unknown_1109.png,512,512,OK
TBX11K,unknown_1486.png,data/raw/TBX11K/imgs/test/unknown_1486.png,512,512,OK
TBX11K,unknown_886.png,data/raw/TBX11K/imgs/test/unknown_886.png,512,512,OK
TBX11K,unknown_3291.png,data/raw/TBX11K/imgs/test/unknown_3291.png,512,512,OK
TBX11K,unknown_2831.png,data/raw/TBX11K/imgs/test/unknown_2831.png,512,512,OK
TBX11K,unknown_138.png,data/raw/TBX11K/imgs/test/unknown_138.png,512,512,OK
TBX11K,unknown_2825.png,data/raw/TBX11K/imgs/test/unknown_2825.png,512,512,OK
TBX11K,unknown_3285.png,data/raw/TBX11K/imgs/test/unknown_3285.png,512,512,OK
TBX11K,unknown_1492.png,data/raw/TBX11K/imgs/test/unknown_1492.png,512,512,OK
TBX11K,unknown_892.png,data/raw/TBX11K/imgs/test/unknown_892.png,512,512,OK
TBX11K,unknown_662.png,data/raw/TBX11K/imgs/test/unknown_662.png,512,512,OK
TBX11K,unknown_104.png,data/raw/TBX11K/imgs/test/unknown_104.png,512,512,OK
TBX11K,unknown_2819.png,data/raw/TBX11K/imgs/test/unknown_2819.png,512,512,OK
TBX11K,unknown_110.png,data/raw/TBX11K/imgs/test/unknown_110.png,512,512,OK
TBX11K,unknown_676.png,data/raw/TBX11K/imgs/test/unknown_676.png,512,512,OK
TBX11K,unknown_3252.png,data/raw/TBX11K/imgs/test/unknown_3252.png,512,512,OK
TBX11K,unknown_845.png,data/raw/TBX11K/imgs/test/unknown_845.png,512,512,OK
TBX11K,unknown_1445.png,data/raw/TBX11K/imgs/test/unknown_1445.png,512,512,OK
TBX11K,unknown_1323.png,data/raw/TBX11K/imgs/test/unknown_1323.png,512,512,OK
TBX11K,unknown_1337.png,data/raw/TBX11K/imgs/test/unknown_1337.png,512,512,OK
TBX11K,unknown_851.png,data/raw/TBX11K/imgs/test/unknown_851.png,512,512,OK
TBX11K,unknown_689.png,data/raw/TBX11K/imgs/test/unknown_689.png,512,512,OK
TBX11K,unknown_1451.png,data/raw/TBX11K/imgs/test/unknown_1451.png,512,512,OK
TBX11K,unknown_2158.png,data/raw/TBX11K/imgs/test/unknown_2158.png,512,512,OK
TBX11K,unknown_3246.png,data/raw/TBX11K/imgs/test/unknown_3246.png,512,512,OK
TBX11K,unknown_879.png,data/raw/TBX11K/imgs/test/unknown_879.png,512,512,OK
TBX11K,unknown_1479.png,data/raw/TBX11K/imgs/test/unknown_1479.png,512,512,OK
TBX11K,unknown_2170.png,data/raw/TBX11K/imgs/test/unknown_2170.png,512,512,OK
TBX11K,unknown_35.png,data/raw/TBX11K/imgs/test/unknown_35.png,512,512,OK
TBX11K,unknown_2616.png,data/raw/TBX11K/imgs/test/unknown_2616.png,512,512,OK
TBX11K,unknown_21.png,data/raw/TBX11K/imgs/test/unknown_21.png,512,512,OK
TBX11K,unknown_2602.png,data/raw/TBX11K/imgs/test/unknown_2602.png,512,512,OK
TBX11K,unknown_2164.png,data/raw/TBX11K/imgs/test/unknown_2164.png,512,512,OK
TBX11K,unknown_2603.png,data/raw/TBX11K/imgs/test/unknown_2603.png,512,512,OK
TBX11K,unknown_20.png,data/raw/TBX11K/imgs/test/unknown_20.png,512,512,OK
TBX11K,unknown_2165.png,data/raw/TBX11K/imgs/test/unknown_2165.png,512,512,OK
TBX11K,unknown_2171.png,data/raw/TBX11K/imgs/test/unknown_2171.png,512,512,OK
TBX11K,unknown_1478.png,data/raw/TBX11K/imgs/test/unknown_1478.png,512,512,OK
TBX11K,unknown_878.png,data/raw/TBX11K/imgs/test/unknown_878.png,512,512,OK
TBX11K,unknown_2617.png,data/raw/TBX11K/imgs/test/unknown_2617.png,512,512,OK
TBX11K,unknown_34.png,data/raw/TBX11K/imgs/test/unknown_34.png,512,512,OK
TBX11K,unknown_1336.png,data/raw/TBX11K/imgs/test/unknown_1336.png,512,512,OK
TBX11K,unknown_3247.png,data/raw/TBX11K/imgs/test/unknown_3247.png,512,512,OK
TBX11K,unknown_2159.png,data/raw/TBX11K/imgs/test/unknown_2159.png,512,512,OK
TBX11K,unknown_1450.png,data/raw/TBX11K/imgs/test/unknown_1450.png,512,512,OK
TBX11K,unknown_688.png,data/raw/TBX11K/imgs/test/unknown_688.png,512,512,OK
TBX11K,unknown_850.png,data/raw/TBX11K/imgs/test/unknown_850.png,512,512,OK
TBX11K,unknown_1444.png,data/raw/TBX11K/imgs/test/unknown_1444.png,512,512,OK
TBX11K,unknown_844.png,data/raw/TBX11K/imgs/test/unknown_844.png,512,512,OK
TBX11K,unknown_3253.png,data/raw/TBX11K/imgs/test/unknown_3253.png,512,512,OK
TBX11K,unknown_1322.png,data/raw/TBX11K/imgs/test/unknown_1322.png,512,512,OK
TBX11K,unknown_111.png,data/raw/TBX11K/imgs/test/unknown_111.png,512,512,OK
TBX11K,unknown_2818.png,data/raw/TBX11K/imgs/test/unknown_2818.png,512,512,OK
TBX11K,unknown_677.png,data/raw/TBX11K/imgs/test/unknown_677.png,512,512,OK
TBX11K,unknown_663.png,data/raw/TBX11K/imgs/test/unknown_663.png,512,512,OK
TBX11K,unknown_105.png,data/raw/TBX11K/imgs/test/unknown_105.png,512,512,OK
TBX11K,unknown_2824.png,data/raw/TBX11K/imgs/test/unknown_2824.png,512,512,OK
TBX11K,unknown_893.png,data/raw/TBX11K/imgs/test/unknown_893.png,512,512,OK
TBX11K,unknown_1493.png,data/raw/TBX11K/imgs/test/unknown_1493.png,512,512,OK
TBX11K,unknown_3284.png,data/raw/TBX11K/imgs/test/unknown_3284.png,512,512,OK
TBX11K,unknown_3290.png,data/raw/TBX11K/imgs/test/unknown_3290.png,512,512,OK
TBX11K,unknown_887.png,data/raw/TBX11K/imgs/test/unknown_887.png,512,512,OK
TBX11K,unknown_1487.png,data/raw/TBX11K/imgs/test/unknown_1487.png,512,512,OK
TBX11K,unknown_139.png,data/raw/TBX11K/imgs/test/unknown_139.png,512,512,OK
TBX11K,unknown_2830.png,data/raw/TBX11K/imgs/test/unknown_2830.png,512,512,OK
TBX11K,unknown_2367.png,data/raw/TBX11K/imgs/test/unknown_2367.png,512,512,OK
TBX11K,unknown_3079.png,data/raw/TBX11K/imgs/test/unknown_3079.png,512,512,OK
TBX11K,unknown_1108.png,data/raw/TBX11K/imgs/test/unknown_1108.png,512,512,OK
TBX11K,unknown_2401.png,data/raw/TBX11K/imgs/test/unknown_2401.png,512,512,OK
TBX11K,unknown_2415.png,data/raw/TBX11K/imgs/test/unknown_2415.png,512,512,OK
TBX11K,unknown_2373.png,data/raw/TBX11K/imgs/test/unknown_2373.png,512,512,OK
TBX11K,unknown_1652.png,data/raw/TBX11K/imgs/test/unknown_1652.png,512,512,OK
TBX11K,unknown_3045.png,data/raw/TBX11K/imgs/test/unknown_3045.png,512,512,OK
TBX11K,unknown_1134.png,data/raw/TBX11K/imgs/test/unknown_1134.png,512,512,OK
TBX11K,unknown_1120.png,data/raw/TBX11K/imgs/test/unknown_1120.png,512,512,OK
TBX11K,unknown_2429.png,data/raw/TBX11K/imgs/test/unknown_2429.png,512,512,OK
TBX11K,unknown_3051.png,data/raw/TBX11K/imgs/test/unknown_3051.png,512,512,OK
TBX11K,unknown_1646.png,data/raw/TBX11K/imgs/test/unknown_1646.png,512,512,OK
TBX11K,unknown_475.png,data/raw/TBX11K/imgs/test/unknown_475.png,512,512,OK
TBX11K,unknown_1875.png,data/raw/TBX11K/imgs/test/unknown_1875.png,512,512,OK
TBX11K,unknown_313.png,data/raw/TBX11K/imgs/test/unknown_313.png,512,512,OK
TBX11K,unknown_307.png,data/raw/TBX11K/imgs/test/unknown_307.png,512,512,OK
TBX11K,unknown_461.png,data/raw/TBX11K/imgs/test/unknown_461.png,512,512,OK
TBX11K,unknown_1861.png,data/raw/TBX11K/imgs/test/unknown_1861.png,512,512,OK
TBX11K,unknown_3086.png,data/raw/TBX11K/imgs/test/unknown_3086.png,512,512,OK
TBX11K,unknown_2398.png,data/raw/TBX11K/imgs/test/unknown_2398.png,512,512,OK
TBX11K,unknown_449.png,data/raw/TBX11K/imgs/test/unknown_449.png,512,512,OK
TBX11K,unknown_1691.png,data/raw/TBX11K/imgs/test/unknown_1691.png,512,512,OK
TBX11K,unknown_1849.png,data/raw/TBX11K/imgs/test/unknown_1849.png,512,512,OK
TBX11K,unknown_1685.png,data/raw/TBX11K/imgs/test/unknown_1685.png,512,512,OK
TBX11K,unknown_3092.png,data/raw/TBX11K/imgs/test/unknown_3092.png,512,512,OK
TBX11K,unknown_2213.png,data/raw/TBX11K/imgs/test/unknown_2213.png,512,512,OK
TBX11K,unknown_2575.png,data/raw/TBX11K/imgs/test/unknown_2575.png,512,512,OK
TBX11K,unknown_2561.png,data/raw/TBX11K/imgs/test/unknown_2561.png,512,512,OK
TBX11K,unknown_1068.png,data/raw/TBX11K/imgs/test/unknown_1068.png,512,512,OK
TBX11K,unknown_3119.png,data/raw/TBX11K/imgs/test/unknown_3119.png,512,512,OK
TBX11K,unknown_2207.png,data/raw/TBX11K/imgs/test/unknown_2207.png,512,512,OK
TBX11K,unknown_1726.png,data/raw/TBX11K/imgs/test/unknown_1726.png,512,512,OK
TBX11K,unknown_3131.png,data/raw/TBX11K/imgs/test/unknown_3131.png,512,512,OK
TBX11K,unknown_2549.png,data/raw/TBX11K/imgs/test/unknown_2549.png,512,512,OK
TBX11K,unknown_298.png,data/raw/TBX11K/imgs/test/unknown_298.png,512,512,OK
TBX11K,unknown_1040.png,data/raw/TBX11K/imgs/test/unknown_1040.png,512,512,OK
TBX11K,unknown_1054.png,data/raw/TBX11K/imgs/test/unknown_1054.png,512,512,OK
TBX11K,unknown_3125.png,data/raw/TBX11K/imgs/test/unknown_3125.png,512,512,OK
TBX11K,unknown_1732.png,data/raw/TBX11K/imgs/test/unknown_1732.png,512,512,OK
TBX11K,unknown_1901.png,data/raw/TBX11K/imgs/test/unknown_1901.png,512,512,OK
TBX11K,unknown_501.png,data/raw/TBX11K/imgs/test/unknown_501.png,512,512,OK
TBX11K,unknown_267.png,data/raw/TBX11K/imgs/test/unknown_267.png,512,512,OK
TBX11K,unknown_273.png,data/raw/TBX11K/imgs/test/unknown_273.png,512,512,OK
TBX11K,unknown_1915.png,data/raw/TBX11K/imgs/test/unknown_1915.png,512,512,OK
TBX11K,unknown_515.png,data/raw/TBX11K/imgs/test/unknown_515.png,512,512,OK
TBX11K,unknown_1083.png,data/raw/TBX11K/imgs/test/unknown_1083.png,512,512,OK
TBX11K,unknown_1097.png,data/raw/TBX11K/imgs/test/unknown_1097.png,512,512,OK
TBX11K,unknown_1929.png,data/raw/TBX11K/imgs/test/unknown_1929.png,512,512,OK
TBX11K,unknown_529.png,data/raw/TBX11K/imgs/test/unknown_529.png,512,512,OK
TBX11K,unknown_2777.png,data/raw/TBX11K/imgs/test/unknown_2777.png,512,512,OK
TBX11K,unknown_918.png,data/raw/TBX11K/imgs/test/unknown_918.png,512,512,OK
TBX11K,unknown_1518.png,data/raw/TBX11K/imgs/test/unknown_1518.png,512,512,OK
TBX11K,unknown_2011.png,data/raw/TBX11K/imgs/test/unknown_2011.png,512,512,OK
TBX11K,unknown_2005.png,data/raw/TBX11K/imgs/test/unknown_2005.png,512,512,OK
TBX11K,unknown_2763.png,data/raw/TBX11K/imgs/test/unknown_2763.png,512,512,OK
TBX11K,unknown_1242.png,data/raw/TBX11K/imgs/test/unknown_1242.png,512,512,OK
TBX11K,unknown_2993.png,data/raw/TBX11K/imgs/test/unknown_2993.png,512,512,OK
TBX11K,unknown_924.png,data/raw/TBX11K/imgs/test/unknown_924.png,512,512,OK
TBX11K,unknown_1524.png,data/raw/TBX11K/imgs/test/unknown_1524.png,512,512,OK
TBX11K,unknown_930.png,data/raw/TBX11K/imgs/test/unknown_930.png,512,512,OK
TBX11K,unknown_1530.png,data/raw/TBX11K/imgs/test/unknown_1530.png,512,512,OK
TBX11K,unknown_2039.png,data/raw/TBX11K/imgs/test/unknown_2039.png,512,512,OK
TBX11K,unknown_2987.png,data/raw/TBX11K/imgs/test/unknown_2987.png,512,512,OK
TBX11K,unknown_1256.png,data/raw/TBX11K/imgs/test/unknown_1256.png,512,512,OK
TBX11K,unknown_703.png,data/raw/TBX11K/imgs/test/unknown_703.png,512,512,OK
TBX11K,unknown_717.png,data/raw/TBX11K/imgs/test/unknown_717.png,512,512,OK
TBX11K,unknown_2978.png,data/raw/TBX11K/imgs/test/unknown_2978.png,512,512,OK
TBX11K,unknown_2788.png,data/raw/TBX11K/imgs/test/unknown_2788.png,512,512,OK
TBX11K,unknown_2950.png,data/raw/TBX11K/imgs/test/unknown_2950.png,512,512,OK
TBX11K,unknown_1281.png,data/raw/TBX11K/imgs/test/unknown_1281.png,512,512,OK
TBX11K,unknown_1295.png,data/raw/TBX11K/imgs/test/unknown_1295.png,512,512,OK
TBX11K,unknown_2944.png,data/raw/TBX11K/imgs/test/unknown_2944.png,512,512,OK
TBX11K,unknown_713.png,data/raw/TBX11K/imgs/test/unknown_713.png,512,512,OK
TBX11K,unknown_707.png,data/raw/TBX11K/imgs/test/unknown_707.png,512,512,OK
TBX11K,unknown_2968.png,data/raw/TBX11K/imgs/test/unknown_2968.png,512,512,OK
TBX11K,unknown_2940.png,data/raw/TBX11K/imgs/test/unknown_2940.png,512,512,OK
TBX11K,unknown_2798.png,data/raw/TBX11K/imgs/test/unknown_2798.png,512,512,OK
TBX11K,unknown_1291.png,data/raw/TBX11K/imgs/test/unknown_1291.png,512,512,OK
TBX11K,unknown_1285.png,data/raw/TBX11K/imgs/test/unknown_1285.png,512,512,OK
TBX11K,unknown_2954.png,data/raw/TBX11K/imgs/test/unknown_2954.png,512,512,OK
TBX11K,unknown_2767.png,data/raw/TBX11K/imgs/test/unknown_2767.png,512,512,OK
TBX11K,unknown_1508.png,data/raw/TBX11K/imgs/test/unknown_1508.png,512,512,OK
TBX11K,unknown_908.png,data/raw/TBX11K/imgs/test/unknown_908.png,512,512,OK
TBX11K,unknown_2001.png,data/raw/TBX11K/imgs/test/unknown_2001.png,512,512,OK
TBX11K,unknown_2015.png,data/raw/TBX11K/imgs/test/unknown_2015.png,512,512,OK
TBX11K,unknown_2773.png,data/raw/TBX11K/imgs/test/unknown_2773.png,512,512,OK
TBX11K,unknown_1252.png,data/raw/TBX11K/imgs/test/unknown_1252.png,512,512,OK
TBX11K,unknown_2983.png,data/raw/TBX11K/imgs/test/unknown_2983.png,512,512,OK
TBX11K,unknown_1534.png,data/raw/TBX11K/imgs/test/unknown_1534.png,512,512,OK
TBX11K,unknown_934.png,data/raw/TBX11K/imgs/test/unknown_934.png,512,512,OK
TBX11K,unknown_1520.png,data/raw/TBX11K/imgs/test/unknown_1520.png,512,512,OK
TBX11K,unknown_920.png,data/raw/TBX11K/imgs/test/unknown_920.png,512,512,OK
TBX11K,unknown_2029.png,data/raw/TBX11K/imgs/test/unknown_2029.png,512,512,OK
TBX11K,unknown_2997.png,data/raw/TBX11K/imgs/test/unknown_2997.png,512,512,OK
TBX11K,unknown_1246.png,data/raw/TBX11K/imgs/test/unknown_1246.png,512,512,OK
TBX11K,unknown_511.png,data/raw/TBX11K/imgs/test/unknown_511.png,512,512,OK
TBX11K,unknown_1911.png,data/raw/TBX11K/imgs/test/unknown_1911.png,512,512,OK
TBX11K,unknown_277.png,data/raw/TBX11K/imgs/test/unknown_277.png,512,512,OK
TBX11K,unknown_263.png,data/raw/TBX11K/imgs/test/unknown_263.png,512,512,OK
TBX11K,unknown_505.png,data/raw/TBX11K/imgs/test/unknown_505.png,512,512,OK
TBX11K,unknown_1905.png,data/raw/TBX11K/imgs/test/unknown_1905.png,512,512,OK
TBX11K,unknown_1093.png,data/raw/TBX11K/imgs/test/unknown_1093.png,512,512,OK
TBX11K,unknown_1087.png,data/raw/TBX11K/imgs/test/unknown_1087.png,512,512,OK
TBX11K,unknown_539.png,data/raw/TBX11K/imgs/test/unknown_539.png,512,512,OK
TBX11K,unknown_1939.png,data/raw/TBX11K/imgs/test/unknown_1939.png,512,512,OK
TBX11K,unknown_2203.png,data/raw/TBX11K/imgs/test/unknown_2203.png,512,512,OK
TBX11K,unknown_2565.png,data/raw/TBX11K/imgs/test/unknown_2565.png,512,512,OK
TBX11K,unknown_2571.png,data/raw/TBX11K/imgs/test/unknown_2571.png,512,512,OK
TBX11K,unknown_1078.png,data/raw/TBX11K/imgs/test/unknown_1078.png,512,512,OK
TBX11K,unknown_2217.png,data/raw/TBX11K/imgs/test/unknown_2217.png,512,512,OK
TBX11K,unknown_3109.png,data/raw/TBX11K/imgs/test/unknown_3109.png,512,512,OK
TBX11K,unknown_1736.png,data/raw/TBX11K/imgs/test/unknown_1736.png,512,512,OK
TBX11K,unknown_3121.png,data/raw/TBX11K/imgs/test/unknown_3121.png,512,512,OK
TBX11K,unknown_2559.png,data/raw/TBX11K/imgs/test/unknown_2559.png,512,512,OK
TBX11K,unknown_1050.png,data/raw/TBX11K/imgs/test/unknown_1050.png,512,512,OK
TBX11K,unknown_288.png,data/raw/TBX11K/imgs/test/unknown_288.png,512,512,OK
TBX11K,unknown_1044.png,data/raw/TBX11K/imgs/test/unknown_1044.png,512,512,OK
TBX11K,unknown_3135.png,data/raw/TBX11K/imgs/test/unknown_3135.png,512,512,OK
TBX11K,unknown_1722.png,data/raw/TBX11K/imgs/test/unknown_1722.png,512,512,OK
TBX11K,unknown_1865.png,data/raw/TBX11K/imgs/test/unknown_1865.png,512,512,OK
TBX11K,unknown_465.png,data/raw/TBX11K/imgs/test/unknown_465.png,512,512,OK
TBX11K,unknown_303.png,data/raw/TBX11K/imgs/test/unknown_303.png,512,512,OK
TBX11K,unknown_317.png,data/raw/TBX11K/imgs/test/unknown_317.png,512,512,OK
TBX11K,unknown_1871.png,data/raw/TBX11K/imgs/test/unknown_1871.png,512,512,OK
TBX11K,unknown_471.png,data/raw/TBX11K/imgs/test/unknown_471.png,512,512,OK
TBX11K,unknown_2388.png,data/raw/TBX11K/imgs/test/unknown_2388.png,512,512,OK
TBX11K,unknown_3096.png,data/raw/TBX11K/imgs/test/unknown_3096.png,512,512,OK
TBX11K,unknown_1859.png,data/raw/TBX11K/imgs/test/unknown_1859.png,512,512,OK
TBX11K,unknown_1681.png,data/raw/TBX11K/imgs/test/unknown_1681.png,512,512,OK
TBX11K,unknown_459.png,data/raw/TBX11K/imgs/test/unknown_459.png,512,512,OK
TBX11K,unknown_1695.png,data/raw/TBX11K/imgs/test/unknown_1695.png,512,512,OK
TBX11K,unknown_3082.png,data/raw/TBX11K/imgs/test/unknown_3082.png,512,512,OK
TBX11K,unknown_3069.png,data/raw/TBX11K/imgs/test/unknown_3069.png,512,512,OK
TBX11K,unknown_2377.png,data/raw/TBX11K/imgs/test/unknown_2377.png,512,512,OK
TBX11K,unknown_1118.png,data/raw/TBX11K/imgs/test/unknown_1118.png,512,512,OK
TBX11K,unknown_2411.png,data/raw/TBX11K/imgs/test/unknown_2411.png,512,512,OK
TBX11K,unknown_2405.png,data/raw/TBX11K/imgs/test/unknown_2405.png,512,512,OK
TBX11K,unknown_2363.png,data/raw/TBX11K/imgs/test/unknown_2363.png,512,512,OK
TBX11K,unknown_1642.png,data/raw/TBX11K/imgs/test/unknown_1642.png,512,512,OK
TBX11K,unknown_3055.png,data/raw/TBX11K/imgs/test/unknown_3055.png,512,512,OK
TBX11K,unknown_1124.png,data/raw/TBX11K/imgs/test/unknown_1124.png,512,512,OK
TBX11K,unknown_1130.png,data/raw/TBX11K/imgs/test/unknown_1130.png,512,512,OK
TBX11K,unknown_2439.png,data/raw/TBX11K/imgs/test/unknown_2439.png,512,512,OK
TBX11K,unknown_3041.png,data/raw/TBX11K/imgs/test/unknown_3041.png,512,512,OK
TBX11K,unknown_1656.png,data/raw/TBX11K/imgs/test/unknown_1656.png,512,512,OK
TBX11K,unknown_101.png,data/raw/TBX11K/imgs/test/unknown_101.png,512,512,OK
TBX11K,unknown_2808.png,data/raw/TBX11K/imgs/test/unknown_2808.png,512,512,OK
TBX11K,unknown_667.png,data/raw/TBX11K/imgs/test/unknown_667.png,512,512,OK
TBX11K,unknown_673.png,data/raw/TBX11K/imgs/test/unknown_673.png,512,512,OK
TBX11K,unknown_115.png,data/raw/TBX11K/imgs/test/unknown_115.png,512,512,OK
TBX11K,unknown_2834.png,data/raw/TBX11K/imgs/test/unknown_2834.png,512,512,OK
TBX11K,unknown_1483.png,data/raw/TBX11K/imgs/test/unknown_1483.png,512,512,OK
TBX11K,unknown_883.png,data/raw/TBX11K/imgs/test/unknown_883.png,512,512,OK
TBX11K,unknown_3294.png,data/raw/TBX11K/imgs/test/unknown_3294.png,512,512,OK
TBX11K,unknown_3280.png,data/raw/TBX11K/imgs/test/unknown_3280.png,512,512,OK
TBX11K,unknown_1497.png,data/raw/TBX11K/imgs/test/unknown_1497.png,512,512,OK
TBX11K,unknown_897.png,data/raw/TBX11K/imgs/test/unknown_897.png,512,512,OK
TBX11K,unknown_129.png,data/raw/TBX11K/imgs/test/unknown_129.png,512,512,OK
TBX11K,unknown_2820.png,data/raw/TBX11K/imgs/test/unknown_2820.png,512,512,OK
TBX11K,unknown_2613.png,data/raw/TBX11K/imgs/test/unknown_2613.png,512,512,OK
TBX11K,unknown_30.png,data/raw/TBX11K/imgs/test/unknown_30.png,512,512,OK
TBX11K,unknown_2175.png,data/raw/TBX11K/imgs/test/unknown_2175.png,512,512,OK
TBX11K,unknown_2161.png,data/raw/TBX11K/imgs/test/unknown_2161.png,512,512,OK
TBX11K,unknown_868.png,data/raw/TBX11K/imgs/test/unknown_868.png,512,512,OK
TBX11K,unknown_1468.png,data/raw/TBX11K/imgs/test/unknown_1468.png,512,512,OK
TBX11K,unknown_2607.png,data/raw/TBX11K/imgs/test/unknown_2607.png,512,512,OK
TBX11K,unknown_24.png,data/raw/TBX11K/imgs/test/unknown_24.png,512,512,OK
TBX11K,unknown_1326.png,data/raw/TBX11K/imgs/test/unknown_1326.png,512,512,OK
TBX11K,unknown_2149.png,data/raw/TBX11K/imgs/test/unknown_2149.png,512,512,OK
TBX11K,unknown_3257.png,data/raw/TBX11K/imgs/test/unknown_3257.png,512,512,OK
TBX11K,unknown_840.png,data/raw/TBX11K/imgs/test/unknown_840.png,512,512,OK
TBX11K,unknown_698.png,data/raw/TBX11K/imgs/test/unknown_698.png,512,512,OK
TBX11K,unknown_1440.png,data/raw/TBX11K/imgs/test/unknown_1440.png,512,512,OK
TBX11K,unknown_854.png,data/raw/TBX11K/imgs/test/unknown_854.png,512,512,OK
TBX11K,unknown_1454.png,data/raw/TBX11K/imgs/test/unknown_1454.png,512,512,OK
TBX11K,unknown_3243.png,data/raw/TBX11K/imgs/test/unknown_3243.png,512,512,OK
TBX11K,unknown_18.png,data/raw/TBX11K/imgs/test/unknown_18.png,512,512,OK
TBX11K,unknown_1332.png,data/raw/TBX11K/imgs/test/unknown_1332.png,512,512,OK
TBX11K,unknown_3242.png,data/raw/TBX11K/imgs/test/unknown_3242.png,512,512,OK
TBX11K,unknown_1455.png,data/raw/TBX11K/imgs/test/unknown_1455.png,512,512,OK
TBX11K,unknown_855.png,data/raw/TBX11K/imgs/test/unknown_855.png,512,512,OK
TBX11K,unknown_1333.png,data/raw/TBX11K/imgs/test/unknown_1333.png,512,512,OK
TBX11K,unknown_19.png,data/raw/TBX11K/imgs/test/unknown_19.png,512,512,OK
TBX11K,unknown_1327.png,data/raw/TBX11K/imgs/test/unknown_1327.png,512,512,OK
TBX11K,unknown_1441.png,data/raw/TBX11K/imgs/test/unknown_1441.png,512,512,OK
TBX11K,unknown_699.png,data/raw/TBX11K/imgs/test/unknown_699.png,512,512,OK
TBX11K,unknown_841.png,data/raw/TBX11K/imgs/test/unknown_841.png,512,512,OK
TBX11K,unknown_3256.png,data/raw/TBX11K/imgs/test/unknown_3256.png,512,512,OK
TBX11K,unknown_2148.png,data/raw/TBX11K/imgs/test/unknown_2148.png,512,512,OK
TBX11K,unknown_1469.png,data/raw/TBX11K/imgs/test/unknown_1469.png,512,512,OK
TBX11K,unknown_869.png,data/raw/TBX11K/imgs/test/unknown_869.png,512,512,OK
TBX11K,unknown_2160.png,data/raw/TBX11K/imgs/test/unknown_2160.png,512,512,OK
TBX11K,unknown_25.png,data/raw/TBX11K/imgs/test/unknown_25.png,512,512,OK
TBX11K,unknown_2606.png,data/raw/TBX11K/imgs/test/unknown_2606.png,512,512,OK
TBX11K,unknown_31.png,data/raw/TBX11K/imgs/test/unknown_31.png,512,512,OK
TBX11K,unknown_2612.png,data/raw/TBX11K/imgs/test/unknown_2612.png,512,512,OK
TBX11K,unknown_2174.png,data/raw/TBX11K/imgs/test/unknown_2174.png,512,512,OK
TBX11K,unknown_896.png,data/raw/TBX11K/imgs/test/unknown_896.png,512,512,OK
TBX11K,unknown_1496.png,data/raw/TBX11K/imgs/test/unknown_1496.png,512,512,OK
TBX11K,unknown_3281.png,data/raw/TBX11K/imgs/test/unknown_3281.png,512,512,OK
TBX11K,unknown_2821.png,data/raw/TBX11K/imgs/test/unknown_2821.png,512,512,OK
TBX11K,unknown_128.png,data/raw/TBX11K/imgs/test/unknown_128.png,512,512,OK
TBX11K,unknown_2835.png,data/raw/TBX11K/imgs/test/unknown_2835.png,512,512,OK
TBX11K,unknown_3295.png,data/raw/TBX11K/imgs/test/unknown_3295.png,512,512,OK
TBX11K,unknown_882.png,data/raw/TBX11K/imgs/test/unknown_882.png,512,512,OK
TBX11K,unknown_1482.png,data/raw/TBX11K/imgs/test/unknown_1482.png,512,512,OK
TBX11K,unknown_672.png,data/raw/TBX11K/imgs/test/unknown_672.png,512,512,OK
TBX11K,unknown_114.png,data/raw/TBX11K/imgs/test/unknown_114.png,512,512,OK
TBX11K,unknown_2809.png,data/raw/TBX11K/imgs/test/unknown_2809.png,512,512,OK
TBX11K,unknown_100.png,data/raw/TBX11K/imgs/test/unknown_100.png,512,512,OK
TBX11K,unknown_666.png,data/raw/TBX11K/imgs/test/unknown_666.png,512,512,OK
TBX11K,unknown_2438.png,data/raw/TBX11K/imgs/test/unknown_2438.png,512,512,OK
TBX11K,unknown_1131.png,data/raw/TBX11K/imgs/test/unknown_1131.png,512,512,OK
TBX11K,unknown_1657.png,data/raw/TBX11K/imgs/test/unknown_1657.png,512,512,OK
TBX11K,unknown_3040.png,data/raw/TBX11K/imgs/test/unknown_3040.png,512,512,OK
TBX11K,unknown_3054.png,data/raw/TBX11K/imgs/test/unknown_3054.png,512,512,OK
TBX11K,unknown_1643.png,data/raw/TBX11K/imgs/test/unknown_1643.png,512,512,OK
TBX11K,unknown_1125.png,data/raw/TBX11K/imgs/test/unknown_1125.png,512,512,OK
TBX11K,unknown_2404.png,data/raw/TBX11K/imgs/test/unknown_2404.png,512,512,OK
TBX11K,unknown_2362.png,data/raw/TBX11K/imgs/test/unknown_2362.png,512,512,OK
TBX11K,unknown_2376.png,data/raw/TBX11K/imgs/test/unknown_2376.png,512,512,OK
TBX11K,unknown_3068.png,data/raw/TBX11K/imgs/test/unknown_3068.png,512,512,OK
TBX11K,unknown_2410.png,data/raw/TBX11K/imgs/test/unknown_2410.png,512,512,OK
TBX11K,unknown_1119.png,data/raw/TBX11K/imgs/test/unknown_1119.png,512,512,OK
TBX11K,unknown_3083.png,data/raw/TBX11K/imgs/test/unknown_3083.png,512,512,OK
TBX11K,unknown_1694.png,data/raw/TBX11K/imgs/test/unknown_1694.png,512,512,OK
TBX11K,unknown_458.png,data/raw/TBX11K/imgs/test/unknown_458.png,512,512,OK
TBX11K,unknown_1680.png,data/raw/TBX11K/imgs/test/unknown_1680.png,512,512,OK
TBX11K,unknown_1858.png,data/raw/TBX11K/imgs/test/unknown_1858.png,512,512,OK
TBX11K,unknown_3097.png,data/raw/TBX11K/imgs/test/unknown_3097.png,512,512,OK
TBX11K,unknown_2389.png,data/raw/TBX11K/imgs/test/unknown_2389.png,512,512,OK
TBX11K,unknown_316.png,data/raw/TBX11K/imgs/test/unknown_316.png,512,512,OK
TBX11K,unknown_470.png,data/raw/TBX11K/imgs/test/unknown_470.png,512,512,OK
TBX11K,unknown_1870.png,data/raw/TBX11K/imgs/test/unknown_1870.png,512,512,OK
TBX11K,unknown_464.png,data/raw/TBX11K/imgs/test/unknown_464.png,512,512,OK
TBX11K,unknown_1864.png,data/raw/TBX11K/imgs/test/unknown_1864.png,512,512,OK
TBX11K,unknown_302.png,data/raw/TBX11K/imgs/test/unknown_302.png,512,512,OK
TBX11K,unknown_1045.png,data/raw/TBX11K/imgs/test/unknown_1045.png,512,512,OK
TBX11K,unknown_1723.png,data/raw/TBX11K/imgs/test/unknown_1723.png,512,512,OK
TBX11K,unknown_3134.png,data/raw/TBX11K/imgs/test/unknown_3134.png,512,512,OK
TBX11K,unknown_3120.png,data/raw/TBX11K/imgs/test/unknown_3120.png,512,512,OK
TBX11K,unknown_1737.png,data/raw/TBX11K/imgs/test/unknown_1737.png,512,512,OK
TBX11K,unknown_289.png,data/raw/TBX11K/imgs/test/unknown_289.png,512,512,OK
TBX11K,unknown_1051.png,data/raw/TBX11K/imgs/test/unknown_1051.png,512,512,OK
TBX11K,unknown_2558.png,data/raw/TBX11K/imgs/test/unknown_2558.png,512,512,OK
TBX11K,unknown_1079.png,data/raw/TBX11K/imgs/test/unknown_1079.png,512,512,OK
TBX11K,unknown_2570.png,data/raw/TBX11K/imgs/test/unknown_2570.png,512,512,OK
TBX11K,unknown_3108.png,data/raw/TBX11K/imgs/test/unknown_3108.png,512,512,OK
TBX11K,unknown_2216.png,data/raw/TBX11K/imgs/test/unknown_2216.png,512,512,OK
TBX11K,unknown_2202.png,data/raw/TBX11K/imgs/test/unknown_2202.png,512,512,OK
TBX11K,unknown_2564.png,data/raw/TBX11K/imgs/test/unknown_2564.png,512,512,OK
TBX11K,unknown_1086.png,data/raw/TBX11K/imgs/test/unknown_1086.png,512,512,OK
TBX11K,unknown_1938.png,data/raw/TBX11K/imgs/test/unknown_1938.png,512,512,OK
TBX11K,unknown_538.png,data/raw/TBX11K/imgs/test/unknown_538.png,512,512,OK
TBX11K,unknown_1092.png,data/raw/TBX11K/imgs/test/unknown_1092.png,512,512,OK
TBX11K,unknown_262.png,data/raw/TBX11K/imgs/test/unknown_262.png,512,512,OK
TBX11K,unknown_1904.png,data/raw/TBX11K/imgs/test/unknown_1904.png,512,512,OK
TBX11K,unknown_504.png,data/raw/TBX11K/imgs/test/unknown_504.png,512,512,OK
TBX11K,unknown_1910.png,data/raw/TBX11K/imgs/test/unknown_1910.png,512,512,OK
TBX11K,unknown_510.png,data/raw/TBX11K/imgs/test/unknown_510.png,512,512,OK
TBX11K,unknown_276.png,data/raw/TBX11K/imgs/test/unknown_276.png,512,512,OK
TBX11K,unknown_2028.png,data/raw/TBX11K/imgs/test/unknown_2028.png,512,512,OK
TBX11K,unknown_921.png,data/raw/TBX11K/imgs/test/unknown_921.png,512,512,OK
TBX11K,unknown_1521.png,data/raw/TBX11K/imgs/test/unknown_1521.png,512,512,OK
TBX11K,unknown_1247.png,data/raw/TBX11K/imgs/test/unknown_1247.png,512,512,OK
TBX11K,unknown_2996.png,data/raw/TBX11K/imgs/test/unknown_2996.png,512,512,OK
TBX11K,unknown_2982.png,data/raw/TBX11K/imgs/test/unknown_2982.png,512,512,OK
TBX11K,unknown_1253.png,data/raw/TBX11K/imgs/test/unknown_1253.png,512,512,OK
TBX11K,unknown_935.png,data/raw/TBX11K/imgs/test/unknown_935.png,512,512,OK
TBX11K,unknown_1535.png,data/raw/TBX11K/imgs/test/unknown_1535.png,512,512,OK
TBX11K,unknown_2014.png,data/raw/TBX11K/imgs/test/unknown_2014.png,512,512,OK
TBX11K,unknown_2772.png,data/raw/TBX11K/imgs/test/unknown_2772.png,512,512,OK
TBX11K,unknown_2766.png,data/raw/TBX11K/imgs/test/unknown_2766.png,512,512,OK
TBX11K,unknown_2000.png,data/raw/TBX11K/imgs/test/unknown_2000.png,512,512,OK
TBX11K,unknown_909.png,data/raw/TBX11K/imgs/test/unknown_909.png,512,512,OK
TBX11K,unknown_1509.png,data/raw/TBX11K/imgs/test/unknown_1509.png,512,512,OK
TBX11K,unknown_2955.png,data/raw/TBX11K/imgs/test/unknown_2955.png,512,512,OK
TBX11K,unknown_1284.png,data/raw/TBX11K/imgs/test/unknown_1284.png,512,512,OK
TBX11K,unknown_1290.png,data/raw/TBX11K/imgs/test/unknown_1290.png,512,512,OK
TBX11K,unknown_2799.png,data/raw/TBX11K/imgs/test/unknown_2799.png,512,512,OK
TBX11K,unknown_2941.png,data/raw/TBX11K/imgs/test/unknown_2941.png,512,512,OK
TBX11K,unknown_706.png,data/raw/TBX11K/imgs/test/unknown_706.png,512,512,OK
TBX11K,unknown_2969.png,data/raw/TBX11K/imgs/test/unknown_2969.png,512,512,OK
TBX11K,unknown_712.png,data/raw/TBX11K/imgs/test/unknown_712.png,512,512,OK
TBX11K,unknown_704.png,data/raw/TBX11K/imgs/test/unknown_704.png,512,512,OK
TBX11K,unknown_710.png,data/raw/TBX11K/imgs/test/unknown_710.png,512,512,OK
TBX11K,unknown_1286.png,data/raw/TBX11K/imgs/test/unknown_1286.png,512,512,OK
TBX11K,unknown_2957.png,data/raw/TBX11K/imgs/test/unknown_2957.png,512,512,OK
TBX11K,unknown_738.png,data/raw/TBX11K/imgs/test/unknown_738.png,512,512,OK
TBX11K,unknown_2943.png,data/raw/TBX11K/imgs/test/unknown_2943.png,512,512,OK
TBX11K,unknown_1292.png,data/raw/TBX11K/imgs/test/unknown_1292.png,512,512,OK
TBX11K,unknown_1279.png,data/raw/TBX11K/imgs/test/unknown_1279.png,512,512,OK
TBX11K,unknown_2770.png,data/raw/TBX11K/imgs/test/unknown_2770.png,512,512,OK
TBX11K,unknown_2016.png,data/raw/TBX11K/imgs/test/unknown_2016.png,512,512,OK
TBX11K,unknown_2002.png,data/raw/TBX11K/imgs/test/unknown_2002.png,512,512,OK
TBX11K,unknown_2764.png,data/raw/TBX11K/imgs/test/unknown_2764.png,512,512,OK
TBX11K,unknown_2994.png,data/raw/TBX11K/imgs/test/unknown_2994.png,512,512,OK
TBX11K,unknown_1245.png,data/raw/TBX11K/imgs/test/unknown_1245.png,512,512,OK
TBX11K,unknown_1523.png,data/raw/TBX11K/imgs/test/unknown_1523.png,512,512,OK
TBX11K,unknown_923.png,data/raw/TBX11K/imgs/test/unknown_923.png,512,512,OK
TBX11K,unknown_1537.png,data/raw/TBX11K/imgs/test/unknown_1537.png,512,512,OK
TBX11K,unknown_937.png,data/raw/TBX11K/imgs/test/unknown_937.png,512,512,OK
TBX11K,unknown_1251.png,data/raw/TBX11K/imgs/test/unknown_1251.png,512,512,OK
TBX11K,unknown_2758.png,data/raw/TBX11K/imgs/test/unknown_2758.png,512,512,OK
TBX11K,unknown_2980.png,data/raw/TBX11K/imgs/test/unknown_2980.png,512,512,OK
TBX11K,unknown_506.png,data/raw/TBX11K/imgs/test/unknown_506.png,512,512,OK
TBX11K,unknown_1906.png,data/raw/TBX11K/imgs/test/unknown_1906.png,512,512,OK
TBX11K,unknown_260.png,data/raw/TBX11K/imgs/test/unknown_260.png,512,512,OK
TBX11K,unknown_274.png,data/raw/TBX11K/imgs/test/unknown_274.png,512,512,OK
TBX11K,unknown_512.png,data/raw/TBX11K/imgs/test/unknown_512.png,512,512,OK
TBX11K,unknown_1912.png,data/raw/TBX11K/imgs/test/unknown_1912.png,512,512,OK
TBX11K,unknown_1084.png,data/raw/TBX11K/imgs/test/unknown_1084.png,512,512,OK
TBX11K,unknown_248.png,data/raw/TBX11K/imgs/test/unknown_248.png,512,512,OK
TBX11K,unknown_1090.png,data/raw/TBX11K/imgs/test/unknown_1090.png,512,512,OK
TBX11K,unknown_2599.png,data/raw/TBX11K/imgs/test/unknown_2599.png,512,512,OK
TBX11K,unknown_2214.png,data/raw/TBX11K/imgs/test/unknown_2214.png,512,512,OK
TBX11K,unknown_2572.png,data/raw/TBX11K/imgs/test/unknown_2572.png,512,512,OK
TBX11K,unknown_2566.png,data/raw/TBX11K/imgs/test/unknown_2566.png,512,512,OK
TBX11K,unknown_2200.png,data/raw/TBX11K/imgs/test/unknown_2200.png,512,512,OK
TBX11K,unknown_1709.png,data/raw/TBX11K/imgs/test/unknown_1709.png,512,512,OK
TBX11K,unknown_2228.png,data/raw/TBX11K/imgs/test/unknown_2228.png,512,512,OK
TBX11K,unknown_3136.png,data/raw/TBX11K/imgs/test/unknown_3136.png,512,512,OK
TBX11K,unknown_1721.png,data/raw/TBX11K/imgs/test/unknown_1721.png,512,512,OK
TBX11K,unknown_1047.png,data/raw/TBX11K/imgs/test/unknown_1047.png,512,512,OK
TBX11K,unknown_1053.png,data/raw/TBX11K/imgs/test/unknown_1053.png,512,512,OK
TBX11K,unknown_1735.png,data/raw/TBX11K/imgs/test/unknown_1735.png,512,512,OK
TBX11K,unknown_3122.png,data/raw/TBX11K/imgs/test/unknown_3122.png,512,512,OK
TBX11K,unknown_1872.png,data/raw/TBX11K/imgs/test/unknown_1872.png,512,512,OK
TBX11K,unknown_472.png,data/raw/TBX11K/imgs/test/unknown_472.png,512,512,OK
TBX11K,unknown_314.png,data/raw/TBX11K/imgs/test/unknown_314.png,512,512,OK
TBX11K,unknown_300.png,data/raw/TBX11K/imgs/test/unknown_300.png,512,512,OK
TBX11K,unknown_1866.png,data/raw/TBX11K/imgs/test/unknown_1866.png,512,512,OK
TBX11K,unknown_466.png,data/raw/TBX11K/imgs/test/unknown_466.png,512,512,OK
TBX11K,unknown_1696.png,data/raw/TBX11K/imgs/test/unknown_1696.png,512,512,OK
TBX11K,unknown_3081.png,data/raw/TBX11K/imgs/test/unknown_3081.png,512,512,OK
TBX11K,unknown_328.png,data/raw/TBX11K/imgs/test/unknown_328.png,512,512,OK
TBX11K,unknown_3095.png,data/raw/TBX11K/imgs/test/unknown_3095.png,512,512,OK
TBX11K,unknown_1682.png,data/raw/TBX11K/imgs/test/unknown_1682.png,512,512,OK
TBX11K,unknown_1669.png,data/raw/TBX11K/imgs/test/unknown_1669.png,512,512,OK
TBX11K,unknown_2360.png,data/raw/TBX11K/imgs/test/unknown_2360.png,512,512,OK
TBX11K,unknown_2406.png,data/raw/TBX11K/imgs/test/unknown_2406.png,512,512,OK
TBX11K,unknown_2412.png,data/raw/TBX11K/imgs/test/unknown_2412.png,512,512,OK
TBX11K,unknown_2374.png,data/raw/TBX11K/imgs/test/unknown_2374.png,512,512,OK
TBX11K,unknown_3042.png,data/raw/TBX11K/imgs/test/unknown_3042.png,512,512,OK
TBX11K,unknown_1655.png,data/raw/TBX11K/imgs/test/unknown_1655.png,512,512,OK
TBX11K,unknown_1133.png,data/raw/TBX11K/imgs/test/unknown_1133.png,512,512,OK
TBX11K,unknown_1127.png,data/raw/TBX11K/imgs/test/unknown_1127.png,512,512,OK
TBX11K,unknown_499.png,data/raw/TBX11K/imgs/test/unknown_499.png,512,512,OK
TBX11K,unknown_1641.png,data/raw/TBX11K/imgs/test/unknown_1641.png,512,512,OK
TBX11K,unknown_1899.png,data/raw/TBX11K/imgs/test/unknown_1899.png,512,512,OK
TBX11K,unknown_3056.png,data/raw/TBX11K/imgs/test/unknown_3056.png,512,512,OK
TBX11K,unknown_2348.png,data/raw/TBX11K/imgs/test/unknown_2348.png,512,512,OK
TBX11K,unknown_116.png,data/raw/TBX11K/imgs/test/unknown_116.png,512,512,OK
TBX11K,unknown_670.png,data/raw/TBX11K/imgs/test/unknown_670.png,512,512,OK
TBX11K,unknown_664.png,data/raw/TBX11K/imgs/test/unknown_664.png,512,512,OK
TBX11K,unknown_102.png,data/raw/TBX11K/imgs/test/unknown_102.png,512,512,OK
TBX11K,unknown_2823.png,data/raw/TBX11K/imgs/test/unknown_2823.png,512,512,OK
TBX11K,unknown_3283.png,data/raw/TBX11K/imgs/test/unknown_3283.png,512,512,OK
TBX11K,unknown_1494.png,data/raw/TBX11K/imgs/test/unknown_1494.png,512,512,OK
TBX11K,unknown_894.png,data/raw/TBX11K/imgs/test/unknown_894.png,512,512,OK
TBX11K,unknown_1480.png,data/raw/TBX11K/imgs/test/unknown_1480.png,512,512,OK
TBX11K,unknown_658.png,data/raw/TBX11K/imgs/test/unknown_658.png,512,512,OK
TBX11K,unknown_880.png,data/raw/TBX11K/imgs/test/unknown_880.png,512,512,OK
TBX11K,unknown_3297.png,data/raw/TBX11K/imgs/test/unknown_3297.png,512,512,OK
TBX11K,unknown_2189.png,data/raw/TBX11K/imgs/test/unknown_2189.png,512,512,OK
TBX11K,unknown_2837.png,data/raw/TBX11K/imgs/test/unknown_2837.png,512,512,OK
TBX11K,unknown_2604.png,data/raw/TBX11K/imgs/test/unknown_2604.png,512,512,OK
TBX11K,unknown_27.png,data/raw/TBX11K/imgs/test/unknown_27.png,512,512,OK
TBX11K,unknown_2162.png,data/raw/TBX11K/imgs/test/unknown_2162.png,512,512,OK
TBX11K,unknown_2176.png,data/raw/TBX11K/imgs/test/unknown_2176.png,512,512,OK
TBX11K,unknown_3268.png,data/raw/TBX11K/imgs/test/unknown_3268.png,512,512,OK
TBX11K,unknown_2610.png,data/raw/TBX11K/imgs/test/unknown_2610.png,512,512,OK
TBX11K,unknown_33.png,data/raw/TBX11K/imgs/test/unknown_33.png,512,512,OK
TBX11K,unknown_1319.png,data/raw/TBX11K/imgs/test/unknown_1319.png,512,512,OK
TBX11K,unknown_2638.png,data/raw/TBX11K/imgs/test/unknown_2638.png,512,512,OK
TBX11K,unknown_1331.png,data/raw/TBX11K/imgs/test/unknown_1331.png,512,512,OK
TBX11K,unknown_857.png,data/raw/TBX11K/imgs/test/unknown_857.png,512,512,OK
TBX11K,unknown_1457.png,data/raw/TBX11K/imgs/test/unknown_1457.png,512,512,OK
TBX11K,unknown_3240.png,data/raw/TBX11K/imgs/test/unknown_3240.png,512,512,OK
TBX11K,unknown_3254.png,data/raw/TBX11K/imgs/test/unknown_3254.png,512,512,OK
TBX11K,unknown_843.png,data/raw/TBX11K/imgs/test/unknown_843.png,512,512,OK
TBX11K,unknown_1443.png,data/raw/TBX11K/imgs/test/unknown_1443.png,512,512,OK
TBX11K,unknown_1325.png,data/raw/TBX11K/imgs/test/unknown_1325.png,512,512,OK
TBX11K,unknown_1442.png,data/raw/TBX11K/imgs/test/unknown_1442.png,512,512,OK
TBX11K,unknown_842.png,data/raw/TBX11K/imgs/test/unknown_842.png,512,512,OK
TBX11K,unknown_3255.png,data/raw/TBX11K/imgs/test/unknown_3255.png,512,512,OK
TBX11K,unknown_1324.png,data/raw/TBX11K/imgs/test/unknown_1324.png,512,512,OK
TBX11K,unknown_1330.png,data/raw/TBX11K/imgs/test/unknown_1330.png,512,512,OK
TBX11K,unknown_2639.png,data/raw/TBX11K/imgs/test/unknown_2639.png,512,512,OK
TBX11K,unknown_3241.png,data/raw/TBX11K/imgs/test/unknown_3241.png,512,512,OK
TBX11K,unknown_1456.png,data/raw/TBX11K/imgs/test/unknown_1456.png,512,512,OK
TBX11K,unknown_856.png,data/raw/TBX11K/imgs/test/unknown_856.png,512,512,OK
TBX11K,unknown_3269.png,data/raw/TBX11K/imgs/test/unknown_3269.png,512,512,OK
TBX11K,unknown_2177.png,data/raw/TBX11K/imgs/test/unknown_2177.png,512,512,OK
TBX11K,unknown_1318.png,data/raw/TBX11K/imgs/test/unknown_1318.png,512,512,OK
TBX11K,unknown_32.png,data/raw/TBX11K/imgs/test/unknown_32.png,512,512,OK
TBX11K,unknown_2611.png,data/raw/TBX11K/imgs/test/unknown_2611.png,512,512,OK
TBX11K,unknown_26.png,data/raw/TBX11K/imgs/test/unknown_26.png,512,512,OK
TBX11K,unknown_2605.png,data/raw/TBX11K/imgs/test/unknown_2605.png,512,512,OK
TBX11K,unknown_2163.png,data/raw/TBX11K/imgs/test/unknown_2163.png,512,512,OK
TBX11K,unknown_2188.png,data/raw/TBX11K/imgs/test/unknown_2188.png,512,512,OK
TBX11K,unknown_3296.png,data/raw/TBX11K/imgs/test/unknown_3296.png,512,512,OK
TBX11K,unknown_881.png,data/raw/TBX11K/imgs/test/unknown_881.png,512,512,OK
TBX11K,unknown_659.png,data/raw/TBX11K/imgs/test/unknown_659.png,512,512,OK
TBX11K,unknown_1481.png,data/raw/TBX11K/imgs/test/unknown_1481.png,512,512,OK
TBX11K,unknown_2836.png,data/raw/TBX11K/imgs/test/unknown_2836.png,512,512,OK
TBX11K,unknown_2822.png,data/raw/TBX11K/imgs/test/unknown_2822.png,512,512,OK
TBX11K,unknown_895.png,data/raw/TBX11K/imgs/test/unknown_895.png,512,512,OK
TBX11K,unknown_1495.png,data/raw/TBX11K/imgs/test/unknown_1495.png,512,512,OK
TBX11K,unknown_3282.png,data/raw/TBX11K/imgs/test/unknown_3282.png,512,512,OK
TBX11K,unknown_665.png,data/raw/TBX11K/imgs/test/unknown_665.png,512,512,OK
TBX11K,unknown_103.png,data/raw/TBX11K/imgs/test/unknown_103.png,512,512,OK
TBX11K,unknown_117.png,data/raw/TBX11K/imgs/test/unknown_117.png,512,512,OK
TBX11K,unknown_671.png,data/raw/TBX11K/imgs/test/unknown_671.png,512,512,OK
TBX11K,unknown_1126.png,data/raw/TBX11K/imgs/test/unknown_1126.png,512,512,OK
TBX11K,unknown_2349.png,data/raw/TBX11K/imgs/test/unknown_2349.png,512,512,OK
TBX11K,unknown_3057.png,data/raw/TBX11K/imgs/test/unknown_3057.png,512,512,OK
TBX11K,unknown_1898.png,data/raw/TBX11K/imgs/test/unknown_1898.png,512,512,OK
TBX11K,unknown_1640.png,data/raw/TBX11K/imgs/test/unknown_1640.png,512,512,OK
TBX11K,unknown_498.png,data/raw/TBX11K/imgs/test/unknown_498.png,512,512,OK
TBX11K,unknown_1654.png,data/raw/TBX11K/imgs/test/unknown_1654.png,512,512,OK
TBX11K,unknown_3043.png,data/raw/TBX11K/imgs/test/unknown_3043.png,512,512,OK
TBX11K,unknown_1132.png,data/raw/TBX11K/imgs/test/unknown_1132.png,512,512,OK
TBX11K,unknown_2413.png,data/raw/TBX11K/imgs/test/unknown_2413.png,512,512,OK
TBX11K,unknown_2375.png,data/raw/TBX11K/imgs/test/unknown_2375.png,512,512,OK
TBX11K,unknown_2361.png,data/raw/TBX11K/imgs/test/unknown_2361.png,512,512,OK
TBX11K,unknown_1668.png,data/raw/TBX11K/imgs/test/unknown_1668.png,512,512,OK
TBX11K,unknown_2407.png,data/raw/TBX11K/imgs/test/unknown_2407.png,512,512,OK
TBX11K,unknown_1683.png,data/raw/TBX11K/imgs/test/unknown_1683.png,512,512,OK
TBX11K,unknown_3094.png,data/raw/TBX11K/imgs/test/unknown_3094.png,512,512,OK
TBX11K,unknown_3080.png,data/raw/TBX11K/imgs/test/unknown_3080.png,512,512,OK
TBX11K,unknown_1697.png,data/raw/TBX11K/imgs/test/unknown_1697.png,512,512,OK
TBX11K,unknown_329.png,data/raw/TBX11K/imgs/test/unknown_329.png,512,512,OK
TBX11K,unknown_301.png,data/raw/TBX11K/imgs/test/unknown_301.png,512,512,OK
TBX11K,unknown_467.png,data/raw/TBX11K/imgs/test/unknown_467.png,512,512,OK
TBX11K,unknown_1867.png,data/raw/TBX11K/imgs/test/unknown_1867.png,512,512,OK
TBX11K,unknown_473.png,data/raw/TBX11K/imgs/test/unknown_473.png,512,512,OK
TBX11K,unknown_1873.png,data/raw/TBX11K/imgs/test/unknown_1873.png,512,512,OK
TBX11K,unknown_315.png,data/raw/TBX11K/imgs/test/unknown_315.png,512,512,OK
TBX11K,unknown_1052.png,data/raw/TBX11K/imgs/test/unknown_1052.png,512,512,OK
TBX11K,unknown_3123.png,data/raw/TBX11K/imgs/test/unknown_3123.png,512,512,OK
TBX11K,unknown_1734.png,data/raw/TBX11K/imgs/test/unknown_1734.png,512,512,OK
TBX11K,unknown_1720.png,data/raw/TBX11K/imgs/test/unknown_1720.png,512,512,OK
TBX11K,unknown_3137.png,data/raw/TBX11K/imgs/test/unknown_3137.png,512,512,OK
TBX11K,unknown_2229.png,data/raw/TBX11K/imgs/test/unknown_2229.png,512,512,OK
TBX11K,unknown_1046.png,data/raw/TBX11K/imgs/test/unknown_1046.png,512,512,OK
TBX11K,unknown_2567.png,data/raw/TBX11K/imgs/test/unknown_2567.png,512,512,OK
TBX11K,unknown_1708.png,data/raw/TBX11K/imgs/test/unknown_1708.png,512,512,OK
TBX11K,unknown_2201.png,data/raw/TBX11K/imgs/test/unknown_2201.png,512,512,OK
TBX11K,unknown_2215.png,data/raw/TBX11K/imgs/test/unknown_2215.png,512,512,OK
TBX11K,unknown_2573.png,data/raw/TBX11K/imgs/test/unknown_2573.png,512,512,OK
TBX11K,unknown_2598.png,data/raw/TBX11K/imgs/test/unknown_2598.png,512,512,OK
TBX11K,unknown_1091.png,data/raw/TBX11K/imgs/test/unknown_1091.png,512,512,OK
TBX11K,unknown_249.png,data/raw/TBX11K/imgs/test/unknown_249.png,512,512,OK
TBX11K,unknown_1085.png,data/raw/TBX11K/imgs/test/unknown_1085.png,512,512,OK
TBX11K,unknown_275.png,data/raw/TBX11K/imgs/test/unknown_275.png,512,512,OK
TBX11K,unknown_1913.png,data/raw/TBX11K/imgs/test/unknown_1913.png,512,512,OK
TBX11K,unknown_513.png,data/raw/TBX11K/imgs/test/unknown_513.png,512,512,OK
TBX11K,unknown_1907.png,data/raw/TBX11K/imgs/test/unknown_1907.png,512,512,OK
TBX11K,unknown_507.png,data/raw/TBX11K/imgs/test/unknown_507.png,512,512,OK
TBX11K,unknown_261.png,data/raw/TBX11K/imgs/test/unknown_261.png,512,512,OK
TBX11K,unknown_936.png,data/raw/TBX11K/imgs/test/unknown_936.png,512,512,OK
TBX11K,unknown_1536.png,data/raw/TBX11K/imgs/test/unknown_1536.png,512,512,OK
TBX11K,unknown_2981.png,data/raw/TBX11K/imgs/test/unknown_2981.png,512,512,OK
TBX11K,unknown_2759.png,data/raw/TBX11K/imgs/test/unknown_2759.png,512,512,OK
TBX11K,unknown_1250.png,data/raw/TBX11K/imgs/test/unknown_1250.png,512,512,OK
TBX11K,unknown_1244.png,data/raw/TBX11K/imgs/test/unknown_1244.png,512,512,OK
TBX11K,unknown_2995.png,data/raw/TBX11K/imgs/test/unknown_2995.png,512,512,OK
TBX11K,unknown_922.png,data/raw/TBX11K/imgs/test/unknown_922.png,512,512,OK
TBX11K,unknown_1522.png,data/raw/TBX11K/imgs/test/unknown_1522.png,512,512,OK
TBX11K,unknown_2003.png,data/raw/TBX11K/imgs/test/unknown_2003.png,512,512,OK
TBX11K,unknown_2765.png,data/raw/TBX11K/imgs/test/unknown_2765.png,512,512,OK
TBX11K,unknown_2771.png,data/raw/TBX11K/imgs/test/unknown_2771.png,512,512,OK
TBX11K,unknown_1278.png,data/raw/TBX11K/imgs/test/unknown_1278.png,512,512,OK
TBX11K,unknown_2017.png,data/raw/TBX11K/imgs/test/unknown_2017.png,512,512,OK
TBX11K,unknown_1293.png,data/raw/TBX11K/imgs/test/unknown_1293.png,512,512,OK
TBX11K,unknown_2942.png,data/raw/TBX11K/imgs/test/unknown_2942.png,512,512,OK
TBX11K,unknown_2956.png,data/raw/TBX11K/imgs/test/unknown_2956.png,512,512,OK
TBX11K,unknown_1287.png,data/raw/TBX11K/imgs/test/unknown_1287.png,512,512,OK
TBX11K,unknown_739.png,data/raw/TBX11K/imgs/test/unknown_739.png,512,512,OK
TBX11K,unknown_711.png,data/raw/TBX11K/imgs/test/unknown_711.png,512,512,OK
TBX11K,unknown_705.png,data/raw/TBX11K/imgs/test/unknown_705.png,512,512,OK
TBX11K,unknown_2931.png,data/raw/TBX11K/imgs/test/unknown_2931.png,512,512,OK
TBX11K,unknown_986.png,data/raw/TBX11K/imgs/test/unknown_986.png,512,512,OK
TBX11K,unknown_1586.png,data/raw/TBX11K/imgs/test/unknown_1586.png,512,512,OK
TBX11K,unknown_992.png,data/raw/TBX11K/imgs/test/unknown_992.png,512,512,OK
TBX11K,unknown_1592.png,data/raw/TBX11K/imgs/test/unknown_1592.png,512,512,OK
TBX11K,unknown_2925.png,data/raw/TBX11K/imgs/test/unknown_2925.png,512,512,OK
TBX11K,unknown_762.png,data/raw/TBX11K/imgs/test/unknown_762.png,512,512,OK
TBX11K,unknown_776.png,data/raw/TBX11K/imgs/test/unknown_776.png,512,512,OK
TBX11K,unknown_2919.png,data/raw/TBX11K/imgs/test/unknown_2919.png,512,512,OK
TBX11K,unknown_1223.png,data/raw/TBX11K/imgs/test/unknown_1223.png,512,512,OK
TBX11K,unknown_1545.png,data/raw/TBX11K/imgs/test/unknown_1545.png,512,512,OK
TBX11K,unknown_945.png,data/raw/TBX11K/imgs/test/unknown_945.png,512,512,OK
TBX11K,unknown_789.png,data/raw/TBX11K/imgs/test/unknown_789.png,512,512,OK
TBX11K,unknown_1551.png,data/raw/TBX11K/imgs/test/unknown_1551.png,512,512,OK
TBX11K,unknown_951.png,data/raw/TBX11K/imgs/test/unknown_951.png,512,512,OK
TBX11K,unknown_2058.png,data/raw/TBX11K/imgs/test/unknown_2058.png,512,512,OK
TBX11K,unknown_1237.png,data/raw/TBX11K/imgs/test/unknown_1237.png,512,512,OK
TBX11K,unknown_2716.png,data/raw/TBX11K/imgs/test/unknown_2716.png,512,512,OK
TBX11K,unknown_1579.png,data/raw/TBX11K/imgs/test/unknown_1579.png,512,512,OK
TBX11K,unknown_979.png,data/raw/TBX11K/imgs/test/unknown_979.png,512,512,OK
TBX11K,unknown_2070.png,data/raw/TBX11K/imgs/test/unknown_2070.png,512,512,OK
TBX11K,unknown_2064.png,data/raw/TBX11K/imgs/test/unknown_2064.png,512,512,OK
TBX11K,unknown_2702.png,data/raw/TBX11K/imgs/test/unknown_2702.png,512,512,OK
TBX11K,unknown_3193.png,data/raw/TBX11K/imgs/test/unknown_3193.png,512,512,OK
TBX11K,unknown_1784.png,data/raw/TBX11K/imgs/test/unknown_1784.png,512,512,OK
TBX11K,unknown_1790.png,data/raw/TBX11K/imgs/test/unknown_1790.png,512,512,OK
TBX11K,unknown_548.png,data/raw/TBX11K/imgs/test/unknown_548.png,512,512,OK
TBX11K,unknown_1948.png,data/raw/TBX11K/imgs/test/unknown_1948.png,512,512,OK
TBX11K,unknown_3187.png,data/raw/TBX11K/imgs/test/unknown_3187.png,512,512,OK
TBX11K,unknown_2299.png,data/raw/TBX11K/imgs/test/unknown_2299.png,512,512,OK
TBX11K,unknown_560.png,data/raw/TBX11K/imgs/test/unknown_560.png,512,512,OK
TBX11K,unknown_1960.png,data/raw/TBX11K/imgs/test/unknown_1960.png,512,512,OK
TBX11K,unknown_206.png,data/raw/TBX11K/imgs/test/unknown_206.png,512,512,OK
TBX11K,unknown_212.png,data/raw/TBX11K/imgs/test/unknown_212.png,512,512,OK
TBX11K,unknown_574.png,data/raw/TBX11K/imgs/test/unknown_574.png,512,512,OK
TBX11K,unknown_1974.png,data/raw/TBX11K/imgs/test/unknown_1974.png,512,512,OK
TBX11K,unknown_1747.png,data/raw/TBX11K/imgs/test/unknown_1747.png,512,512,OK
TBX11K,unknown_3150.png,data/raw/TBX11K/imgs/test/unknown_3150.png,512,512,OK
TBX11K,unknown_2528.png,data/raw/TBX11K/imgs/test/unknown_2528.png,512,512,OK
TBX11K,unknown_1021.png,data/raw/TBX11K/imgs/test/unknown_1021.png,512,512,OK
TBX11K,unknown_1035.png,data/raw/TBX11K/imgs/test/unknown_1035.png,512,512,OK
TBX11K,unknown_3144.png,data/raw/TBX11K/imgs/test/unknown_3144.png,512,512,OK
TBX11K,unknown_1753.png,data/raw/TBX11K/imgs/test/unknown_1753.png,512,512,OK
TBX11K,unknown_2272.png,data/raw/TBX11K/imgs/test/unknown_2272.png,512,512,OK
TBX11K,unknown_2514.png,data/raw/TBX11K/imgs/test/unknown_2514.png,512,512,OK
TBX11K,unknown_2500.png,data/raw/TBX11K/imgs/test/unknown_2500.png,512,512,OK
TBX11K,unknown_1009.png,data/raw/TBX11K/imgs/test/unknown_1009.png,512,512,OK
TBX11K,unknown_2266.png,data/raw/TBX11K/imgs/test/unknown_2266.png,512,512,OK
TBX11K,unknown_3178.png,data/raw/TBX11K/imgs/test/unknown_3178.png,512,512,OK
TBX11K,unknown_1828.png,data/raw/TBX11K/imgs/test/unknown_1828.png,512,512,OK
TBX11K,unknown_428.png,data/raw/TBX11K/imgs/test/unknown_428.png,512,512,OK
TBX11K,unknown_1196.png,data/raw/TBX11K/imgs/test/unknown_1196.png,512,512,OK
TBX11K,unknown_1182.png,data/raw/TBX11K/imgs/test/unknown_1182.png,512,512,OK
TBX11K,unknown_1814.png,data/raw/TBX11K/imgs/test/unknown_1814.png,512,512,OK
TBX11K,unknown_414.png,data/raw/TBX11K/imgs/test/unknown_414.png,512,512,OK
TBX11K,unknown_7.png,data/raw/TBX11K/imgs/test/unknown_7.png,512,512,OK
TBX11K,unknown_372.png,data/raw/TBX11K/imgs/test/unknown_372.png,512,512,OK
TBX11K,unknown_366.png,data/raw/TBX11K/imgs/test/unknown_366.png,512,512,OK
TBX11K,unknown_1800.png,data/raw/TBX11K/imgs/test/unknown_1800.png,512,512,OK
TBX11K,unknown_400.png,data/raw/TBX11K/imgs/test/unknown_400.png,512,512,OK
TBX11K,unknown_1633.png,data/raw/TBX11K/imgs/test/unknown_1633.png,512,512,OK
TBX11K,unknown_3024.png,data/raw/TBX11K/imgs/test/unknown_3024.png,512,512,OK
TBX11K,unknown_1155.png,data/raw/TBX11K/imgs/test/unknown_1155.png,512,512,OK
TBX11K,unknown_1141.png,data/raw/TBX11K/imgs/test/unknown_1141.png,512,512,OK
TBX11K,unknown_399.png,data/raw/TBX11K/imgs/test/unknown_399.png,512,512,OK
TBX11K,unknown_2448.png,data/raw/TBX11K/imgs/test/unknown_2448.png,512,512,OK
TBX11K,unknown_3030.png,data/raw/TBX11K/imgs/test/unknown_3030.png,512,512,OK
TBX11K,unknown_1627.png,data/raw/TBX11K/imgs/test/unknown_1627.png,512,512,OK
TBX11K,unknown_3018.png,data/raw/TBX11K/imgs/test/unknown_3018.png,512,512,OK
TBX11K,unknown_2306.png,data/raw/TBX11K/imgs/test/unknown_2306.png,512,512,OK
TBX11K,unknown_1169.png,data/raw/TBX11K/imgs/test/unknown_1169.png,512,512,OK
TBX11K,unknown_2460.png,data/raw/TBX11K/imgs/test/unknown_2460.png,512,512,OK
TBX11K,unknown_2474.png,data/raw/TBX11K/imgs/test/unknown_2474.png,512,512,OK
TBX11K,unknown_2312.png,data/raw/TBX11K/imgs/test/unknown_2312.png,512,512,OK
TBX11K,unknown_2845.png,data/raw/TBX11K/imgs/test/unknown_2845.png,512,512,OK
TBX11K,unknown_1394.png,data/raw/TBX11K/imgs/test/unknown_1394.png,512,512,OK
TBX11K,unknown_158.png,data/raw/TBX11K/imgs/test/unknown_158.png,512,512,OK
TBX11K,unknown_1380.png,data/raw/TBX11K/imgs/test/unknown_1380.png,512,512,OK
TBX11K,unknown_2689.png,data/raw/TBX11K/imgs/test/unknown_2689.png,512,512,OK
TBX11K,unknown_2851.png,data/raw/TBX11K/imgs/test/unknown_2851.png,512,512,OK
TBX11K,unknown_170.png,data/raw/TBX11K/imgs/test/unknown_170.png,512,512,OK
TBX11K,unknown_82.png,data/raw/TBX11K/imgs/test/unknown_82.png,512,512,OK
TBX11K,unknown_2879.png,data/raw/TBX11K/imgs/test/unknown_2879.png,512,512,OK
TBX11K,unknown_616.png,data/raw/TBX11K/imgs/test/unknown_616.png,512,512,OK
TBX11K,unknown_602.png,data/raw/TBX11K/imgs/test/unknown_602.png,512,512,OK
TBX11K,unknown_96.png,data/raw/TBX11K/imgs/test/unknown_96.png,512,512,OK
TBX11K,unknown_164.png,data/raw/TBX11K/imgs/test/unknown_164.png,512,512,OK
TBX11K,unknown_1357.png,data/raw/TBX11K/imgs/test/unknown_1357.png,512,512,OK
TBX11K,unknown_2886.png,data/raw/TBX11K/imgs/test/unknown_2886.png,512,512,OK
TBX11K,unknown_2138.png,data/raw/TBX11K/imgs/test/unknown_2138.png,512,512,OK
TBX11K,unknown_3226.png,data/raw/TBX11K/imgs/test/unknown_3226.png,512,512,OK
TBX11K,unknown_831.png,data/raw/TBX11K/imgs/test/unknown_831.png,512,512,OK
TBX11K,unknown_1431.png,data/raw/TBX11K/imgs/test/unknown_1431.png,512,512,OK
TBX11K,unknown_825.png,data/raw/TBX11K/imgs/test/unknown_825.png,512,512,OK
TBX11K,unknown_1425.png,data/raw/TBX11K/imgs/test/unknown_1425.png,512,512,OK
TBX11K,unknown_3232.png,data/raw/TBX11K/imgs/test/unknown_3232.png,512,512,OK
TBX11K,unknown_2892.png,data/raw/TBX11K/imgs/test/unknown_2892.png,512,512,OK
TBX11K,unknown_69.png,data/raw/TBX11K/imgs/test/unknown_69.png,512,512,OK
TBX11K,unknown_1343.png,data/raw/TBX11K/imgs/test/unknown_1343.png,512,512,OK
TBX11K,unknown_41.png,data/raw/TBX11K/imgs/test/unknown_41.png,512,512,OK
TBX11K,unknown_2662.png,data/raw/TBX11K/imgs/test/unknown_2662.png,512,512,OK
TBX11K,unknown_2104.png,data/raw/TBX11K/imgs/test/unknown_2104.png,512,512,OK
TBX11K,unknown_2110.png,data/raw/TBX11K/imgs/test/unknown_2110.png,512,512,OK
TBX11K,unknown_819.png,data/raw/TBX11K/imgs/test/unknown_819.png,512,512,OK
TBX11K,unknown_1419.png,data/raw/TBX11K/imgs/test/unknown_1419.png,512,512,OK
TBX11K,unknown_55.png,data/raw/TBX11K/imgs/test/unknown_55.png,512,512,OK
TBX11K,unknown_2676.png,data/raw/TBX11K/imgs/test/unknown_2676.png,512,512,OK
TBX11K,unknown_1418.png,data/raw/TBX11K/imgs/test/unknown_1418.png,512,512,OK
TBX11K,unknown_818.png,data/raw/TBX11K/imgs/test/unknown_818.png,512,512,OK
TBX11K,unknown_2111.png,data/raw/TBX11K/imgs/test/unknown_2111.png,512,512,OK
TBX11K,unknown_2677.png,data/raw/TBX11K/imgs/test/unknown_2677.png,512,512,OK
TBX11K,unknown_54.png,data/raw/TBX11K/imgs/test/unknown_54.png,512,512,OK
TBX11K,unknown_2663.png,data/raw/TBX11K/imgs/test/unknown_2663.png,512,512,OK
TBX11K,unknown_40.png,data/raw/TBX11K/imgs/test/unknown_40.png,512,512,OK
TBX11K,unknown_2105.png,data/raw/TBX11K/imgs/test/unknown_2105.png,512,512,OK
TBX11K,unknown_3233.png,data/raw/TBX11K/imgs/test/unknown_3233.png,512,512,OK
TBX11K,unknown_1424.png,data/raw/TBX11K/imgs/test/unknown_1424.png,512,512,OK
TBX11K,unknown_824.png,data/raw/TBX11K/imgs/test/unknown_824.png,512,512,OK
TBX11K,unknown_1342.png,data/raw/TBX11K/imgs/test/unknown_1342.png,512,512,OK
TBX11K,unknown_68.png,data/raw/TBX11K/imgs/test/unknown_68.png,512,512,OK
TBX11K,unknown_2893.png,data/raw/TBX11K/imgs/test/unknown_2893.png,512,512,OK
TBX11K,unknown_2887.png,data/raw/TBX11K/imgs/test/unknown_2887.png,512,512,OK
TBX11K,unknown_1356.png,data/raw/TBX11K/imgs/test/unknown_1356.png,512,512,OK
TBX11K,unknown_1430.png,data/raw/TBX11K/imgs/test/unknown_1430.png,512,512,OK
TBX11K,unknown_830.png,data/raw/TBX11K/imgs/test/unknown_830.png,512,512,OK
TBX11K,unknown_3227.png,data/raw/TBX11K/imgs/test/unknown_3227.png,512,512,OK
TBX11K,unknown_2139.png,data/raw/TBX11K/imgs/test/unknown_2139.png,512,512,OK
TBX11K,unknown_603.png,data/raw/TBX11K/imgs/test/unknown_603.png,512,512,OK
TBX11K,unknown_165.png,data/raw/TBX11K/imgs/test/unknown_165.png,512,512,OK
TBX11K,unknown_97.png,data/raw/TBX11K/imgs/test/unknown_97.png,512,512,OK
TBX11K,unknown_2878.png,data/raw/TBX11K/imgs/test/unknown_2878.png,512,512,OK
TBX11K,unknown_83.png,data/raw/TBX11K/imgs/test/unknown_83.png,512,512,OK
TBX11K,unknown_171.png,data/raw/TBX11K/imgs/test/unknown_171.png,512,512,OK
TBX11K,unknown_617.png,data/raw/TBX11K/imgs/test/unknown_617.png,512,512,OK
TBX11K,unknown_2850.png,data/raw/TBX11K/imgs/test/unknown_2850.png,512,512,OK
TBX11K,unknown_2688.png,data/raw/TBX11K/imgs/test/unknown_2688.png,512,512,OK
TBX11K,unknown_1381.png,data/raw/TBX11K/imgs/test/unknown_1381.png,512,512,OK
TBX11K,unknown_159.png,data/raw/TBX11K/imgs/test/unknown_159.png,512,512,OK
TBX11K,unknown_1395.png,data/raw/TBX11K/imgs/test/unknown_1395.png,512,512,OK
TBX11K,unknown_2844.png,data/raw/TBX11K/imgs/test/unknown_2844.png,512,512,OK
TBX11K,unknown_2475.png,data/raw/TBX11K/imgs/test/unknown_2475.png,512,512,OK
TBX11K,unknown_2313.png,data/raw/TBX11K/imgs/test/unknown_2313.png,512,512,OK
TBX11K,unknown_2307.png,data/raw/TBX11K/imgs/test/unknown_2307.png,512,512,OK
TBX11K,unknown_3019.png,data/raw/TBX11K/imgs/test/unknown_3019.png,512,512,OK
TBX11K,unknown_2461.png,data/raw/TBX11K/imgs/test/unknown_2461.png,512,512,OK
TBX11K,unknown_1168.png,data/raw/TBX11K/imgs/test/unknown_1168.png,512,512,OK
TBX11K,unknown_2449.png,data/raw/TBX11K/imgs/test/unknown_2449.png,512,512,OK
TBX11K,unknown_398.png,data/raw/TBX11K/imgs/test/unknown_398.png,512,512,OK
TBX11K,unknown_1140.png,data/raw/TBX11K/imgs/test/unknown_1140.png,512,512,OK
TBX11K,unknown_1626.png,data/raw/TBX11K/imgs/test/unknown_1626.png,512,512,OK
TBX11K,unknown_3031.png,data/raw/TBX11K/imgs/test/unknown_3031.png,512,512,OK
TBX11K,unknown_3025.png,data/raw/TBX11K/imgs/test/unknown_3025.png,512,512,OK
TBX11K,unknown_1632.png,data/raw/TBX11K/imgs/test/unknown_1632.png,512,512,OK
TBX11K,unknown_1154.png,data/raw/TBX11K/imgs/test/unknown_1154.png,512,512,OK
TBX11K,unknown_367.png,data/raw/TBX11K/imgs/test/unknown_367.png,512,512,OK
TBX11K,unknown_401.png,data/raw/TBX11K/imgs/test/unknown_401.png,512,512,OK
TBX11K,unknown_1801.png,data/raw/TBX11K/imgs/test/unknown_1801.png,512,512,OK
TBX11K,unknown_415.png,data/raw/TBX11K/imgs/test/unknown_415.png,512,512,OK
TBX11K,unknown_1815.png,data/raw/TBX11K/imgs/test/unknown_1815.png,512,512,OK
TBX11K,unknown_373.png,data/raw/TBX11K/imgs/test/unknown_373.png,512,512,OK
TBX11K,unknown_6.png,data/raw/TBX11K/imgs/test/unknown_6.png,512,512,OK
TBX11K,unknown_1183.png,data/raw/TBX11K/imgs/test/unknown_1183.png,512,512,OK
TBX11K,unknown_429.png,data/raw/TBX11K/imgs/test/unknown_429.png,512,512,OK
TBX11K,unknown_1829.png,data/raw/TBX11K/imgs/test/unknown_1829.png,512,512,OK
TBX11K,unknown_1197.png,data/raw/TBX11K/imgs/test/unknown_1197.png,512,512,OK
TBX11K,unknown_1008.png,data/raw/TBX11K/imgs/test/unknown_1008.png,512,512,OK
TBX11K,unknown_2501.png,data/raw/TBX11K/imgs/test/unknown_2501.png,512,512,OK
TBX11K,unknown_3179.png,data/raw/TBX11K/imgs/test/unknown_3179.png,512,512,OK
TBX11K,unknown_2267.png,data/raw/TBX11K/imgs/test/unknown_2267.png,512,512,OK
TBX11K,unknown_2273.png,data/raw/TBX11K/imgs/test/unknown_2273.png,512,512,OK
TBX11K,unknown_2515.png,data/raw/TBX11K/imgs/test/unknown_2515.png,512,512,OK
TBX11K,unknown_1034.png,data/raw/TBX11K/imgs/test/unknown_1034.png,512,512,OK
TBX11K,unknown_1752.png,data/raw/TBX11K/imgs/test/unknown_1752.png,512,512,OK
TBX11K,unknown_3145.png,data/raw/TBX11K/imgs/test/unknown_3145.png,512,512,OK
TBX11K,unknown_3151.png,data/raw/TBX11K/imgs/test/unknown_3151.png,512,512,OK
TBX11K,unknown_1746.png,data/raw/TBX11K/imgs/test/unknown_1746.png,512,512,OK
TBX11K,unknown_1020.png,data/raw/TBX11K/imgs/test/unknown_1020.png,512,512,OK
TBX11K,unknown_2529.png,data/raw/TBX11K/imgs/test/unknown_2529.png,512,512,OK
TBX11K,unknown_213.png,data/raw/TBX11K/imgs/test/unknown_213.png,512,512,OK
TBX11K,unknown_1975.png,data/raw/TBX11K/imgs/test/unknown_1975.png,512,512,OK
TBX11K,unknown_575.png,data/raw/TBX11K/imgs/test/unknown_575.png,512,512,OK
TBX11K,unknown_1961.png,data/raw/TBX11K/imgs/test/unknown_1961.png,512,512,OK
TBX11K,unknown_561.png,data/raw/TBX11K/imgs/test/unknown_561.png,512,512,OK
TBX11K,unknown_207.png,data/raw/TBX11K/imgs/test/unknown_207.png,512,512,OK
TBX11K,unknown_2298.png,data/raw/TBX11K/imgs/test/unknown_2298.png,512,512,OK
TBX11K,unknown_3186.png,data/raw/TBX11K/imgs/test/unknown_3186.png,512,512,OK
TBX11K,unknown_1949.png,data/raw/TBX11K/imgs/test/unknown_1949.png,512,512,OK
TBX11K,unknown_549.png,data/raw/TBX11K/imgs/test/unknown_549.png,512,512,OK
TBX11K,unknown_1791.png,data/raw/TBX11K/imgs/test/unknown_1791.png,512,512,OK
TBX11K,unknown_1785.png,data/raw/TBX11K/imgs/test/unknown_1785.png,512,512,OK
TBX11K,unknown_3192.png,data/raw/TBX11K/imgs/test/unknown_3192.png,512,512,OK
TBX11K,unknown_2065.png,data/raw/TBX11K/imgs/test/unknown_2065.png,512,512,OK
TBX11K,unknown_2703.png,data/raw/TBX11K/imgs/test/unknown_2703.png,512,512,OK
TBX11K,unknown_2717.png,data/raw/TBX11K/imgs/test/unknown_2717.png,512,512,OK
TBX11K,unknown_2071.png,data/raw/TBX11K/imgs/test/unknown_2071.png,512,512,OK
TBX11K,unknown_978.png,data/raw/TBX11K/imgs/test/unknown_978.png,512,512,OK
TBX11K,unknown_1578.png,data/raw/TBX11K/imgs/test/unknown_1578.png,512,512,OK
TBX11K,unknown_2059.png,data/raw/TBX11K/imgs/test/unknown_2059.png,512,512,OK
TBX11K,unknown_950.png,data/raw/TBX11K/imgs/test/unknown_950.png,512,512,OK
TBX11K,unknown_1550.png,data/raw/TBX11K/imgs/test/unknown_1550.png,512,512,OK
TBX11K,unknown_788.png,data/raw/TBX11K/imgs/test/unknown_788.png,512,512,OK
TBX11K,unknown_1236.png,data/raw/TBX11K/imgs/test/unknown_1236.png,512,512,OK
TBX11K,unknown_1222.png,data/raw/TBX11K/imgs/test/unknown_1222.png,512,512,OK
TBX11K,unknown_944.png,data/raw/TBX11K/imgs/test/unknown_944.png,512,512,OK
TBX11K,unknown_1544.png,data/raw/TBX11K/imgs/test/unknown_1544.png,512,512,OK
TBX11K,unknown_777.png,data/raw/TBX11K/imgs/test/unknown_777.png,512,512,OK
TBX11K,unknown_2918.png,data/raw/TBX11K/imgs/test/unknown_2918.png,512,512,OK
TBX11K,unknown_763.png,data/raw/TBX11K/imgs/test/unknown_763.png,512,512,OK
TBX11K,unknown_1593.png,data/raw/TBX11K/imgs/test/unknown_1593.png,512,512,OK
TBX11K,unknown_993.png,data/raw/TBX11K/imgs/test/unknown_993.png,512,512,OK
TBX11K,unknown_2924.png,data/raw/TBX11K/imgs/test/unknown_2924.png,512,512,OK
TBX11K,unknown_2930.png,data/raw/TBX11K/imgs/test/unknown_2930.png,512,512,OK
TBX11K,unknown_1587.png,data/raw/TBX11K/imgs/test/unknown_1587.png,512,512,OK
TBX11K,unknown_987.png,data/raw/TBX11K/imgs/test/unknown_987.png,512,512,OK
TBX11K,unknown_2926.png,data/raw/TBX11K/imgs/test/unknown_2926.png,512,512,OK
TBX11K,unknown_2098.png,data/raw/TBX11K/imgs/test/unknown_2098.png,512,512,OK
TBX11K,unknown_991.png,data/raw/TBX11K/imgs/test/unknown_991.png,512,512,OK
TBX11K,unknown_1591.png,data/raw/TBX11K/imgs/test/unknown_1591.png,512,512,OK
TBX11K,unknown_749.png,data/raw/TBX11K/imgs/test/unknown_749.png,512,512,OK
TBX11K,unknown_985.png,data/raw/TBX11K/imgs/test/unknown_985.png,512,512,OK
TBX11K,unknown_1585.png,data/raw/TBX11K/imgs/test/unknown_1585.png,512,512,OK
TBX11K,unknown_2932.png,data/raw/TBX11K/imgs/test/unknown_2932.png,512,512,OK
TBX11K,unknown_775.png,data/raw/TBX11K/imgs/test/unknown_775.png,512,512,OK
TBX11K,unknown_761.png,data/raw/TBX11K/imgs/test/unknown_761.png,512,512,OK
TBX11K,unknown_1234.png,data/raw/TBX11K/imgs/test/unknown_1234.png,512,512,OK
TBX11K,unknown_1552.png,data/raw/TBX11K/imgs/test/unknown_1552.png,512,512,OK
TBX11K,unknown_952.png,data/raw/TBX11K/imgs/test/unknown_952.png,512,512,OK
TBX11K,unknown_1546.png,data/raw/TBX11K/imgs/test/unknown_1546.png,512,512,OK
TBX11K,unknown_946.png,data/raw/TBX11K/imgs/test/unknown_946.png,512,512,OK
TBX11K,unknown_1220.png,data/raw/TBX11K/imgs/test/unknown_1220.png,512,512,OK
TBX11K,unknown_2729.png,data/raw/TBX11K/imgs/test/unknown_2729.png,512,512,OK
TBX11K,unknown_1208.png,data/raw/TBX11K/imgs/test/unknown_1208.png,512,512,OK
TBX11K,unknown_2701.png,data/raw/TBX11K/imgs/test/unknown_2701.png,512,512,OK
TBX11K,unknown_2067.png,data/raw/TBX11K/imgs/test/unknown_2067.png,512,512,OK
TBX11K,unknown_2073.png,data/raw/TBX11K/imgs/test/unknown_2073.png,512,512,OK
TBX11K,unknown_2715.png,data/raw/TBX11K/imgs/test/unknown_2715.png,512,512,OK
TBX11K,unknown_1793.png,data/raw/TBX11K/imgs/test/unknown_1793.png,512,512,OK
TBX11K,unknown_3184.png,data/raw/TBX11K/imgs/test/unknown_3184.png,512,512,OK
TBX11K,unknown_239.png,data/raw/TBX11K/imgs/test/unknown_239.png,512,512,OK
TBX11K,unknown_3190.png,data/raw/TBX11K/imgs/test/unknown_3190.png,512,512,OK
TBX11K,unknown_1787.png,data/raw/TBX11K/imgs/test/unknown_1787.png,512,512,OK
TBX11K,unknown_577.png,data/raw/TBX11K/imgs/test/unknown_577.png,512,512,OK
TBX11K,unknown_1977.png,data/raw/TBX11K/imgs/test/unknown_1977.png,512,512,OK
TBX11K,unknown_211.png,data/raw/TBX11K/imgs/test/unknown_211.png,512,512,OK
TBX11K,unknown_205.png,data/raw/TBX11K/imgs/test/unknown_205.png,512,512,OK
TBX11K,unknown_563.png,data/raw/TBX11K/imgs/test/unknown_563.png,512,512,OK
TBX11K,unknown_1963.png,data/raw/TBX11K/imgs/test/unknown_1963.png,512,512,OK
TBX11K,unknown_2259.png,data/raw/TBX11K/imgs/test/unknown_2259.png,512,512,OK
TBX11K,unknown_3147.png,data/raw/TBX11K/imgs/test/unknown_3147.png,512,512,OK
TBX11K,unknown_1988.png,data/raw/TBX11K/imgs/test/unknown_1988.png,512,512,OK
TBX11K,unknown_588.png,data/raw/TBX11K/imgs/test/unknown_588.png,512,512,OK
TBX11K,unknown_1750.png,data/raw/TBX11K/imgs/test/unknown_1750.png,512,512,OK
TBX11K,unknown_1036.png,data/raw/TBX11K/imgs/test/unknown_1036.png,512,512,OK
TBX11K,unknown_1022.png,data/raw/TBX11K/imgs/test/unknown_1022.png,512,512,OK
TBX11K,unknown_1744.png,data/raw/TBX11K/imgs/test/unknown_1744.png,512,512,OK
TBX11K,unknown_3153.png,data/raw/TBX11K/imgs/test/unknown_3153.png,512,512,OK
TBX11K,unknown_2265.png,data/raw/TBX11K/imgs/test/unknown_2265.png,512,512,OK
TBX11K,unknown_2503.png,data/raw/TBX11K/imgs/test/unknown_2503.png,512,512,OK
TBX11K,unknown_2517.png,data/raw/TBX11K/imgs/test/unknown_2517.png,512,512,OK
TBX11K,unknown_2271.png,data/raw/TBX11K/imgs/test/unknown_2271.png,512,512,OK
TBX11K,unknown_1778.png,data/raw/TBX11K/imgs/test/unknown_1778.png,512,512,OK
TBX11K,unknown_2488.png,data/raw/TBX11K/imgs/test/unknown_2488.png,512,512,OK
TBX11K,unknown_359.png,data/raw/TBX11K/imgs/test/unknown_359.png,512,512,OK
TBX11K,unknown_1181.png,data/raw/TBX11K/imgs/test/unknown_1181.png,512,512,OK
TBX11K,unknown_1195.png,data/raw/TBX11K/imgs/test/unknown_1195.png,512,512,OK
TBX11K,unknown_1803.png,data/raw/TBX11K/imgs/test/unknown_1803.png,512,512,OK
TBX11K,unknown_403.png,data/raw/TBX11K/imgs/test/unknown_403.png,512,512,OK
TBX11K,unknown_365.png,data/raw/TBX11K/imgs/test/unknown_365.png,512,512,OK
TBX11K,unknown_4.png,data/raw/TBX11K/imgs/test/unknown_4.png,512,512,OK
TBX11K,unknown_371.png,data/raw/TBX11K/imgs/test/unknown_371.png,512,512,OK
TBX11K,unknown_1817.png,data/raw/TBX11K/imgs/test/unknown_1817.png,512,512,OK
TBX11K,unknown_417.png,data/raw/TBX11K/imgs/test/unknown_417.png,512,512,OK
TBX11K,unknown_3033.png,data/raw/TBX11K/imgs/test/unknown_3033.png,512,512,OK
TBX11K,unknown_1624.png,data/raw/TBX11K/imgs/test/unknown_1624.png,512,512,OK
TBX11K,unknown_1142.png,data/raw/TBX11K/imgs/test/unknown_1142.png,512,512,OK
TBX11K,unknown_1156.png,data/raw/TBX11K/imgs/test/unknown_1156.png,512,512,OK
TBX11K,unknown_1630.png,data/raw/TBX11K/imgs/test/unknown_1630.png,512,512,OK
TBX11K,unknown_3027.png,data/raw/TBX11K/imgs/test/unknown_3027.png,512,512,OK
TBX11K,unknown_2339.png,data/raw/TBX11K/imgs/test/unknown_2339.png,512,512,OK
TBX11K,unknown_1618.png,data/raw/TBX11K/imgs/test/unknown_1618.png,512,512,OK
TBX11K,unknown_2311.png,data/raw/TBX11K/imgs/test/unknown_2311.png,512,512,OK
TBX11K,unknown_2477.png,data/raw/TBX11K/imgs/test/unknown_2477.png,512,512,OK
TBX11K,unknown_2463.png,data/raw/TBX11K/imgs/test/unknown_2463.png,512,512,OK
TBX11K,unknown_2305.png,data/raw/TBX11K/imgs/test/unknown_2305.png,512,512,OK
TBX11K,unknown_1383.png,data/raw/TBX11K/imgs/test/unknown_1383.png,512,512,OK
TBX11K,unknown_2852.png,data/raw/TBX11K/imgs/test/unknown_2852.png,512,512,OK
TBX11K,unknown_629.png,data/raw/TBX11K/imgs/test/unknown_629.png,512,512,OK
TBX11K,unknown_2846.png,data/raw/TBX11K/imgs/test/unknown_2846.png,512,512,OK
TBX11K,unknown_1397.png,data/raw/TBX11K/imgs/test/unknown_1397.png,512,512,OK
TBX11K,unknown_95.png,data/raw/TBX11K/imgs/test/unknown_95.png,512,512,OK
TBX11K,unknown_167.png,data/raw/TBX11K/imgs/test/unknown_167.png,512,512,OK
TBX11K,unknown_601.png,data/raw/TBX11K/imgs/test/unknown_601.png,512,512,OK
TBX11K,unknown_615.png,data/raw/TBX11K/imgs/test/unknown_615.png,512,512,OK
TBX11K,unknown_173.png,data/raw/TBX11K/imgs/test/unknown_173.png,512,512,OK
TBX11K,unknown_81.png,data/raw/TBX11K/imgs/test/unknown_81.png,512,512,OK
TBX11K,unknown_2891.png,data/raw/TBX11K/imgs/test/unknown_2891.png,512,512,OK
TBX11K,unknown_2649.png,data/raw/TBX11K/imgs/test/unknown_2649.png,512,512,OK
TBX11K,unknown_1340.png,data/raw/TBX11K/imgs/test/unknown_1340.png,512,512,OK
TBX11K,unknown_198.png,data/raw/TBX11K/imgs/test/unknown_198.png,512,512,OK
TBX11K,unknown_826.png,data/raw/TBX11K/imgs/test/unknown_826.png,512,512,OK
TBX11K,unknown_1426.png,data/raw/TBX11K/imgs/test/unknown_1426.png,512,512,OK
TBX11K,unknown_3231.png,data/raw/TBX11K/imgs/test/unknown_3231.png,512,512,OK
TBX11K,unknown_3225.png,data/raw/TBX11K/imgs/test/unknown_3225.png,512,512,OK
TBX11K,unknown_832.png,data/raw/TBX11K/imgs/test/unknown_832.png,512,512,OK
TBX11K,unknown_1432.png,data/raw/TBX11K/imgs/test/unknown_1432.png,512,512,OK
TBX11K,unknown_1354.png,data/raw/TBX11K/imgs/test/unknown_1354.png,512,512,OK
TBX11K,unknown_2885.png,data/raw/TBX11K/imgs/test/unknown_2885.png,512,512,OK
TBX11K,unknown_56.png,data/raw/TBX11K/imgs/test/unknown_56.png,512,512,OK
TBX11K,unknown_2675.png,data/raw/TBX11K/imgs/test/unknown_2675.png,512,512,OK
TBX11K,unknown_2113.png,data/raw/TBX11K/imgs/test/unknown_2113.png,512,512,OK
TBX11K,unknown_2107.png,data/raw/TBX11K/imgs/test/unknown_2107.png,512,512,OK
TBX11K,unknown_3219.png,data/raw/TBX11K/imgs/test/unknown_3219.png,512,512,OK
TBX11K,unknown_42.png,data/raw/TBX11K/imgs/test/unknown_42.png,512,512,OK
TBX11K,unknown_2661.png,data/raw/TBX11K/imgs/test/unknown_2661.png,512,512,OK
TBX11K,unknown_1368.png,data/raw/TBX11K/imgs/test/unknown_1368.png,512,512,OK
TBX11K,unknown_3218.png,data/raw/TBX11K/imgs/test/unknown_3218.png,512,512,OK
TBX11K,unknown_2106.png,data/raw/TBX11K/imgs/test/unknown_2106.png,512,512,OK
TBX11K,unknown_1369.png,data/raw/TBX11K/imgs/test/unknown_1369.png,512,512,OK
TBX11K,unknown_2660.png,data/raw/TBX11K/imgs/test/unknown_2660.png,512,512,OK
TBX11K,unknown_43.png,data/raw/TBX11K/imgs/test/unknown_43.png,512,512,OK
TBX11K,unknown_2674.png,data/raw/TBX11K/imgs/test/unknown_2674.png,512,512,OK
TBX11K,unknown_57.png,data/raw/TBX11K/imgs/test/unknown_57.png,512,512,OK
TBX11K,unknown_2112.png,data/raw/TBX11K/imgs/test/unknown_2112.png,512,512,OK
TBX11K,unknown_1433.png,data/raw/TBX11K/imgs/test/unknown_1433.png,512,512,OK
TBX11K,unknown_833.png,data/raw/TBX11K/imgs/test/unknown_833.png,512,512,OK
TBX11K,unknown_3224.png,data/raw/TBX11K/imgs/test/unknown_3224.png,512,512,OK
TBX11K,unknown_2884.png,data/raw/TBX11K/imgs/test/unknown_2884.png,512,512,OK
TBX11K,unknown_1355.png,data/raw/TBX11K/imgs/test/unknown_1355.png,512,512,OK
TBX11K,unknown_199.png,data/raw/TBX11K/imgs/test/unknown_199.png,512,512,OK
TBX11K,unknown_1341.png,data/raw/TBX11K/imgs/test/unknown_1341.png,512,512,OK
TBX11K,unknown_2648.png,data/raw/TBX11K/imgs/test/unknown_2648.png,512,512,OK
TBX11K,unknown_2890.png,data/raw/TBX11K/imgs/test/unknown_2890.png,512,512,OK
TBX11K,unknown_3230.png,data/raw/TBX11K/imgs/test/unknown_3230.png,512,512,OK
TBX11K,unknown_1427.png,data/raw/TBX11K/imgs/test/unknown_1427.png,512,512,OK
TBX11K,unknown_827.png,data/raw/TBX11K/imgs/test/unknown_827.png,512,512,OK
TBX11K,unknown_614.png,data/raw/TBX11K/imgs/test/unknown_614.png,512,512,OK
TBX11K,unknown_80.png,data/raw/TBX11K/imgs/test/unknown_80.png,512,512,OK
TBX11K,unknown_172.png,data/raw/TBX11K/imgs/test/unknown_172.png,512,512,OK
TBX11K,unknown_166.png,data/raw/TBX11K/imgs/test/unknown_166.png,512,512,OK
TBX11K,unknown_94.png,data/raw/TBX11K/imgs/test/unknown_94.png,512,512,OK
TBX11K,unknown_600.png,data/raw/TBX11K/imgs/test/unknown_600.png,512,512,OK
TBX11K,unknown_628.png,data/raw/TBX11K/imgs/test/unknown_628.png,512,512,OK
TBX11K,unknown_1396.png,data/raw/TBX11K/imgs/test/unknown_1396.png,512,512,OK
TBX11K,unknown_2847.png,data/raw/TBX11K/imgs/test/unknown_2847.png,512,512,OK
TBX11K,unknown_2853.png,data/raw/TBX11K/imgs/test/unknown_2853.png,512,512,OK
TBX11K,unknown_1382.png,data/raw/TBX11K/imgs/test/unknown_1382.png,512,512,OK
TBX11K,unknown_2462.png,data/raw/TBX11K/imgs/test/unknown_2462.png,512,512,OK
TBX11K,unknown_2304.png,data/raw/TBX11K/imgs/test/unknown_2304.png,512,512,OK
TBX11K,unknown_2310.png,data/raw/TBX11K/imgs/test/unknown_2310.png,512,512,OK
TBX11K,unknown_1619.png,data/raw/TBX11K/imgs/test/unknown_1619.png,512,512,OK
TBX11K,unknown_2476.png,data/raw/TBX11K/imgs/test/unknown_2476.png,512,512,OK
TBX11K,unknown_1157.png,data/raw/TBX11K/imgs/test/unknown_1157.png,512,512,OK
TBX11K,unknown_2338.png,data/raw/TBX11K/imgs/test/unknown_2338.png,512,512,OK
TBX11K,unknown_3026.png,data/raw/TBX11K/imgs/test/unknown_3026.png,512,512,OK
TBX11K,unknown_1631.png,data/raw/TBX11K/imgs/test/unknown_1631.png,512,512,OK
TBX11K,unknown_1625.png,data/raw/TBX11K/imgs/test/unknown_1625.png,512,512,OK
TBX11K,unknown_3032.png,data/raw/TBX11K/imgs/test/unknown_3032.png,512,512,OK
TBX11K,unknown_1143.png,data/raw/TBX11K/imgs/test/unknown_1143.png,512,512,OK
TBX11K,unknown_370.png,data/raw/TBX11K/imgs/test/unknown_370.png,512,512,OK
TBX11K,unknown_5.png,data/raw/TBX11K/imgs/test/unknown_5.png,512,512,OK
TBX11K,unknown_416.png,data/raw/TBX11K/imgs/test/unknown_416.png,512,512,OK
TBX11K,unknown_1816.png,data/raw/TBX11K/imgs/test/unknown_1816.png,512,512,OK
TBX11K,unknown_402.png,data/raw/TBX11K/imgs/test/unknown_402.png,512,512,OK
TBX11K,unknown_1802.png,data/raw/TBX11K/imgs/test/unknown_1802.png,512,512,OK
TBX11K,unknown_364.png,data/raw/TBX11K/imgs/test/unknown_364.png,512,512,OK
TBX11K,unknown_1194.png,data/raw/TBX11K/imgs/test/unknown_1194.png,512,512,OK
TBX11K,unknown_1180.png,data/raw/TBX11K/imgs/test/unknown_1180.png,512,512,OK
TBX11K,unknown_358.png,data/raw/TBX11K/imgs/test/unknown_358.png,512,512,OK
TBX11K,unknown_2489.png,data/raw/TBX11K/imgs/test/unknown_2489.png,512,512,OK
TBX11K,unknown_2516.png,data/raw/TBX11K/imgs/test/unknown_2516.png,512,512,OK
TBX11K,unknown_1779.png,data/raw/TBX11K/imgs/test/unknown_1779.png,512,512,OK
TBX11K,unknown_2270.png,data/raw/TBX11K/imgs/test/unknown_2270.png,512,512,OK
TBX11K,unknown_2264.png,data/raw/TBX11K/imgs/test/unknown_2264.png,512,512,OK
TBX11K,unknown_2502.png,data/raw/TBX11K/imgs/test/unknown_2502.png,512,512,OK
TBX11K,unknown_1023.png,data/raw/TBX11K/imgs/test/unknown_1023.png,512,512,OK
TBX11K,unknown_3152.png,data/raw/TBX11K/imgs/test/unknown_3152.png,512,512,OK
TBX11K,unknown_1745.png,data/raw/TBX11K/imgs/test/unknown_1745.png,512,512,OK
TBX11K,unknown_1751.png,data/raw/TBX11K/imgs/test/unknown_1751.png,512,512,OK
TBX11K,unknown_589.png,data/raw/TBX11K/imgs/test/unknown_589.png,512,512,OK
TBX11K,unknown_1989.png,data/raw/TBX11K/imgs/test/unknown_1989.png,512,512,OK
TBX11K,unknown_3146.png,data/raw/TBX11K/imgs/test/unknown_3146.png,512,512,OK
TBX11K,unknown_2258.png,data/raw/TBX11K/imgs/test/unknown_2258.png,512,512,OK
TBX11K,unknown_1037.png,data/raw/TBX11K/imgs/test/unknown_1037.png,512,512,OK
TBX11K,unknown_204.png,data/raw/TBX11K/imgs/test/unknown_204.png,512,512,OK
TBX11K,unknown_1962.png,data/raw/TBX11K/imgs/test/unknown_1962.png,512,512,OK
TBX11K,unknown_562.png,data/raw/TBX11K/imgs/test/unknown_562.png,512,512,OK
TBX11K,unknown_1976.png,data/raw/TBX11K/imgs/test/unknown_1976.png,512,512,OK
TBX11K,unknown_576.png,data/raw/TBX11K/imgs/test/unknown_576.png,512,512,OK
TBX11K,unknown_210.png,data/raw/TBX11K/imgs/test/unknown_210.png,512,512,OK
TBX11K,unknown_238.png,data/raw/TBX11K/imgs/test/unknown_238.png,512,512,OK
TBX11K,unknown_1786.png,data/raw/TBX11K/imgs/test/unknown_1786.png,512,512,OK
TBX11K,unknown_3191.png,data/raw/TBX11K/imgs/test/unknown_3191.png,512,512,OK
TBX11K,unknown_3185.png,data/raw/TBX11K/imgs/test/unknown_3185.png,512,512,OK
TBX11K,unknown_1792.png,data/raw/TBX11K/imgs/test/unknown_1792.png,512,512,OK
TBX11K,unknown_2072.png,data/raw/TBX11K/imgs/test/unknown_2072.png,512,512,OK
TBX11K,unknown_2714.png,data/raw/TBX11K/imgs/test/unknown_2714.png,512,512,OK
TBX11K,unknown_2700.png,data/raw/TBX11K/imgs/test/unknown_2700.png,512,512,OK
TBX11K,unknown_1209.png,data/raw/TBX11K/imgs/test/unknown_1209.png,512,512,OK
TBX11K,unknown_2066.png,data/raw/TBX11K/imgs/test/unknown_2066.png,512,512,OK
TBX11K,unknown_947.png,data/raw/TBX11K/imgs/test/unknown_947.png,512,512,OK
TBX11K,unknown_1547.png,data/raw/TBX11K/imgs/test/unknown_1547.png,512,512,OK
TBX11K,unknown_2728.png,data/raw/TBX11K/imgs/test/unknown_2728.png,512,512,OK
TBX11K,unknown_1221.png,data/raw/TBX11K/imgs/test/unknown_1221.png,512,512,OK
TBX11K,unknown_1235.png,data/raw/TBX11K/imgs/test/unknown_1235.png,512,512,OK
TBX11K,unknown_953.png,data/raw/TBX11K/imgs/test/unknown_953.png,512,512,OK
TBX11K,unknown_1553.png,data/raw/TBX11K/imgs/test/unknown_1553.png,512,512,OK
TBX11K,unknown_760.png,data/raw/TBX11K/imgs/test/unknown_760.png,512,512,OK
TBX11K,unknown_774.png,data/raw/TBX11K/imgs/test/unknown_774.png,512,512,OK
TBX11K,unknown_1584.png,data/raw/TBX11K/imgs/test/unknown_1584.png,512,512,OK
TBX11K,unknown_984.png,data/raw/TBX11K/imgs/test/unknown_984.png,512,512,OK
TBX11K,unknown_2933.png,data/raw/TBX11K/imgs/test/unknown_2933.png,512,512,OK
TBX11K,unknown_2927.png,data/raw/TBX11K/imgs/test/unknown_2927.png,512,512,OK
TBX11K,unknown_748.png,data/raw/TBX11K/imgs/test/unknown_748.png,512,512,OK
TBX11K,unknown_1590.png,data/raw/TBX11K/imgs/test/unknown_1590.png,512,512,OK
TBX11K,unknown_990.png,data/raw/TBX11K/imgs/test/unknown_990.png,512,512,OK
TBX11K,unknown_2099.png,data/raw/TBX11K/imgs/test/unknown_2099.png,512,512,OK
TBX11K,unknown_770.png,data/raw/TBX11K/imgs/test/unknown_770.png,512,512,OK
TBX11K,unknown_764.png,data/raw/TBX11K/imgs/test/unknown_764.png,512,512,OK
TBX11K,unknown_994.png,data/raw/TBX11K/imgs/test/unknown_994.png,512,512,OK
TBX11K,unknown_1594.png,data/raw/TBX11K/imgs/test/unknown_1594.png,512,512,OK
TBX11K,unknown_2923.png,data/raw/TBX11K/imgs/test/unknown_2923.png,512,512,OK
TBX11K,unknown_2937.png,data/raw/TBX11K/imgs/test/unknown_2937.png,512,512,OK
TBX11K,unknown_980.png,data/raw/TBX11K/imgs/test/unknown_980.png,512,512,OK
TBX11K,unknown_1580.png,data/raw/TBX11K/imgs/test/unknown_1580.png,512,512,OK
TBX11K,unknown_758.png,data/raw/TBX11K/imgs/test/unknown_758.png,512,512,OK
TBX11K,unknown_2089.png,data/raw/TBX11K/imgs/test/unknown_2089.png,512,512,OK
TBX11K,unknown_2062.png,data/raw/TBX11K/imgs/test/unknown_2062.png,512,512,OK
TBX11K,unknown_2704.png,data/raw/TBX11K/imgs/test/unknown_2704.png,512,512,OK
TBX11K,unknown_2710.png,data/raw/TBX11K/imgs/test/unknown_2710.png,512,512,OK
TBX11K,unknown_1219.png,data/raw/TBX11K/imgs/test/unknown_1219.png,512,512,OK
TBX11K,unknown_2076.png,data/raw/TBX11K/imgs/test/unknown_2076.png,512,512,OK
TBX11K,unknown_1557.png,data/raw/TBX11K/imgs/test/unknown_1557.png,512,512,OK
TBX11K,unknown_957.png,data/raw/TBX11K/imgs/test/unknown_957.png,512,512,OK
TBX11K,unknown_2738.png,data/raw/TBX11K/imgs/test/unknown_2738.png,512,512,OK
TBX11K,unknown_1231.png,data/raw/TBX11K/imgs/test/unknown_1231.png,512,512,OK
TBX11K,unknown_1225.png,data/raw/TBX11K/imgs/test/unknown_1225.png,512,512,OK
TBX11K,unknown_1543.png,data/raw/TBX11K/imgs/test/unknown_1543.png,512,512,OK
TBX11K,unknown_943.png,data/raw/TBX11K/imgs/test/unknown_943.png,512,512,OK
TBX11K,unknown_214.png,data/raw/TBX11K/imgs/test/unknown_214.png,512,512,OK
TBX11K,unknown_572.png,data/raw/TBX11K/imgs/test/unknown_572.png,512,512,OK
TBX11K,unknown_1972.png,data/raw/TBX11K/imgs/test/unknown_1972.png,512,512,OK
TBX11K,unknown_566.png,data/raw/TBX11K/imgs/test/unknown_566.png,512,512,OK
TBX11K,unknown_1966.png,data/raw/TBX11K/imgs/test/unknown_1966.png,512,512,OK
TBX11K,unknown_200.png,data/raw/TBX11K/imgs/test/unknown_200.png,512,512,OK
TBX11K,unknown_228.png,data/raw/TBX11K/imgs/test/unknown_228.png,512,512,OK
TBX11K,unknown_1796.png,data/raw/TBX11K/imgs/test/unknown_1796.png,512,512,OK
TBX11K,unknown_3181.png,data/raw/TBX11K/imgs/test/unknown_3181.png,512,512,OK
TBX11K,unknown_3195.png,data/raw/TBX11K/imgs/test/unknown_3195.png,512,512,OK
TBX11K,unknown_1782.png,data/raw/TBX11K/imgs/test/unknown_1782.png,512,512,OK
TBX11K,unknown_2506.png,data/raw/TBX11K/imgs/test/unknown_2506.png,512,512,OK
TBX11K,unknown_1769.png,data/raw/TBX11K/imgs/test/unknown_1769.png,512,512,OK
TBX11K,unknown_2260.png,data/raw/TBX11K/imgs/test/unknown_2260.png,512,512,OK
TBX11K,unknown_2274.png,data/raw/TBX11K/imgs/test/unknown_2274.png,512,512,OK
TBX11K,unknown_2512.png,data/raw/TBX11K/imgs/test/unknown_2512.png,512,512,OK
TBX11K,unknown_1033.png,data/raw/TBX11K/imgs/test/unknown_1033.png,512,512,OK
TBX11K,unknown_3142.png,data/raw/TBX11K/imgs/test/unknown_3142.png,512,512,OK
TBX11K,unknown_1755.png,data/raw/TBX11K/imgs/test/unknown_1755.png,512,512,OK
TBX11K,unknown_1999.png,data/raw/TBX11K/imgs/test/unknown_1999.png,512,512,OK
TBX11K,unknown_599.png,data/raw/TBX11K/imgs/test/unknown_599.png,512,512,OK
TBX11K,unknown_1741.png,data/raw/TBX11K/imgs/test/unknown_1741.png,512,512,OK
TBX11K,unknown_2248.png,data/raw/TBX11K/imgs/test/unknown_2248.png,512,512,OK
TBX11K,unknown_3156.png,data/raw/TBX11K/imgs/test/unknown_3156.png,512,512,OK
TBX11K,unknown_1027.png,data/raw/TBX11K/imgs/test/unknown_1027.png,512,512,OK
TBX11K,unknown_360.png,data/raw/TBX11K/imgs/test/unknown_360.png,512,512,OK
TBX11K,unknown_1806.png,data/raw/TBX11K/imgs/test/unknown_1806.png,512,512,OK
TBX11K,unknown_406.png,data/raw/TBX11K/imgs/test/unknown_406.png,512,512,OK
TBX11K,unknown_1812.png,data/raw/TBX11K/imgs/test/unknown_1812.png,512,512,OK
TBX11K,unknown_412.png,data/raw/TBX11K/imgs/test/unknown_412.png,512,512,OK
TBX11K,unknown_1.png,data/raw/TBX11K/imgs/test/unknown_1.png,512,512,OK
TBX11K,unknown_374.png,data/raw/TBX11K/imgs/test/unknown_374.png,512,512,OK
TBX11K,unknown_1184.png,data/raw/TBX11K/imgs/test/unknown_1184.png,512,512,OK
TBX11K,unknown_348.png,data/raw/TBX11K/imgs/test/unknown_348.png,512,512,OK
TBX11K,unknown_1190.png,data/raw/TBX11K/imgs/test/unknown_1190.png,512,512,OK
TBX11K,unknown_2499.png,data/raw/TBX11K/imgs/test/unknown_2499.png,512,512,OK
TBX11K,unknown_2472.png,data/raw/TBX11K/imgs/test/unknown_2472.png,512,512,OK
TBX11K,unknown_2314.png,data/raw/TBX11K/imgs/test/unknown_2314.png,512,512,OK
TBX11K,unknown_2300.png,data/raw/TBX11K/imgs/test/unknown_2300.png,512,512,OK
TBX11K,unknown_1609.png,data/raw/TBX11K/imgs/test/unknown_1609.png,512,512,OK
TBX11K,unknown_2466.png,data/raw/TBX11K/imgs/test/unknown_2466.png,512,512,OK
TBX11K,unknown_1147.png,data/raw/TBX11K/imgs/test/unknown_1147.png,512,512,OK
TBX11K,unknown_3036.png,data/raw/TBX11K/imgs/test/unknown_3036.png,512,512,OK
TBX11K,unknown_2328.png,data/raw/TBX11K/imgs/test/unknown_2328.png,512,512,OK
TBX11K,unknown_1621.png,data/raw/TBX11K/imgs/test/unknown_1621.png,512,512,OK
TBX11K,unknown_1635.png,data/raw/TBX11K/imgs/test/unknown_1635.png,512,512,OK
TBX11K,unknown_3022.png,data/raw/TBX11K/imgs/test/unknown_3022.png,512,512,OK
TBX11K,unknown_1153.png,data/raw/TBX11K/imgs/test/unknown_1153.png,512,512,OK
TBX11K,unknown_604.png,data/raw/TBX11K/imgs/test/unknown_604.png,512,512,OK
TBX11K,unknown_90.png,data/raw/TBX11K/imgs/test/unknown_90.png,512,512,OK
TBX11K,unknown_162.png,data/raw/TBX11K/imgs/test/unknown_162.png,512,512,OK
TBX11K,unknown_176.png,data/raw/TBX11K/imgs/test/unknown_176.png,512,512,OK
TBX11K,unknown_84.png,data/raw/TBX11K/imgs/test/unknown_84.png,512,512,OK
TBX11K,unknown_610.png,data/raw/TBX11K/imgs/test/unknown_610.png,512,512,OK
TBX11K,unknown_638.png,data/raw/TBX11K/imgs/test/unknown_638.png,512,512,OK
TBX11K,unknown_1386.png,data/raw/TBX11K/imgs/test/unknown_1386.png,512,512,OK
TBX11K,unknown_2857.png,data/raw/TBX11K/imgs/test/unknown_2857.png,512,512,OK
TBX11K,unknown_2843.png,data/raw/TBX11K/imgs/test/unknown_2843.png,512,512,OK
TBX11K,unknown_1392.png,data/raw/TBX11K/imgs/test/unknown_1392.png,512,512,OK
TBX11K,unknown_2116.png,data/raw/TBX11K/imgs/test/unknown_2116.png,512,512,OK
TBX11K,unknown_3208.png,data/raw/TBX11K/imgs/test/unknown_3208.png,512,512,OK
TBX11K,unknown_1379.png,data/raw/TBX11K/imgs/test/unknown_1379.png,512,512,OK
TBX11K,unknown_2670.png,data/raw/TBX11K/imgs/test/unknown_2670.png,512,512,OK
TBX11K,unknown_53.png,data/raw/TBX11K/imgs/test/unknown_53.png,512,512,OK
TBX11K,unknown_2664.png,data/raw/TBX11K/imgs/test/unknown_2664.png,512,512,OK
TBX11K,unknown_47.png,data/raw/TBX11K/imgs/test/unknown_47.png,512,512,OK
TBX11K,unknown_2102.png,data/raw/TBX11K/imgs/test/unknown_2102.png,512,512,OK
TBX11K,unknown_823.png,data/raw/TBX11K/imgs/test/unknown_823.png,512,512,OK
TBX11K,unknown_1423.png,data/raw/TBX11K/imgs/test/unknown_1423.png,512,512,OK
TBX11K,unknown_3234.png,data/raw/TBX11K/imgs/test/unknown_3234.png,512,512,OK
TBX11K,unknown_2894.png,data/raw/TBX11K/imgs/test/unknown_2894.png,512,512,OK
TBX11K,unknown_1345.png,data/raw/TBX11K/imgs/test/unknown_1345.png,512,512,OK
TBX11K,unknown_1351.png,data/raw/TBX11K/imgs/test/unknown_1351.png,512,512,OK
TBX11K,unknown_189.png,data/raw/TBX11K/imgs/test/unknown_189.png,512,512,OK
TBX11K,unknown_2880.png,data/raw/TBX11K/imgs/test/unknown_2880.png,512,512,OK
TBX11K,unknown_2658.png,data/raw/TBX11K/imgs/test/unknown_2658.png,512,512,OK
TBX11K,unknown_3220.png,data/raw/TBX11K/imgs/test/unknown_3220.png,512,512,OK
TBX11K,unknown_837.png,data/raw/TBX11K/imgs/test/unknown_837.png,512,512,OK
TBX11K,unknown_1437.png,data/raw/TBX11K/imgs/test/unknown_1437.png,512,512,OK
TBX11K,unknown_2659.png,data/raw/TBX11K/imgs/test/unknown_2659.png,512,512,OK
TBX11K,unknown_2881.png,data/raw/TBX11K/imgs/test/unknown_2881.png,512,512,OK
TBX11K,unknown_188.png,data/raw/TBX11K/imgs/test/unknown_188.png,512,512,OK
TBX11K,unknown_1350.png,data/raw/TBX11K/imgs/test/unknown_1350.png,512,512,OK
TBX11K,unknown_1436.png,data/raw/TBX11K/imgs/test/unknown_1436.png,512,512,OK
TBX11K,unknown_836.png,data/raw/TBX11K/imgs/test/unknown_836.png,512,512,OK
TBX11K,unknown_3221.png,data/raw/TBX11K/imgs/test/unknown_3221.png,512,512,OK
TBX11K,unknown_3235.png,data/raw/TBX11K/imgs/test/unknown_3235.png,512,512,OK
TBX11K,unknown_1422.png,data/raw/TBX11K/imgs/test/unknown_1422.png,512,512,OK
TBX11K,unknown_822.png,data/raw/TBX11K/imgs/test/unknown_822.png,512,512,OK
TBX11K,unknown_1344.png,data/raw/TBX11K/imgs/test/unknown_1344.png,512,512,OK
TBX11K,unknown_2895.png,data/raw/TBX11K/imgs/test/unknown_2895.png,512,512,OK
TBX11K,unknown_46.png,data/raw/TBX11K/imgs/test/unknown_46.png,512,512,OK
TBX11K,unknown_2665.png,data/raw/TBX11K/imgs/test/unknown_2665.png,512,512,OK
TBX11K,unknown_2103.png,data/raw/TBX11K/imgs/test/unknown_2103.png,512,512,OK
TBX11K,unknown_3209.png,data/raw/TBX11K/imgs/test/unknown_3209.png,512,512,OK
TBX11K,unknown_2117.png,data/raw/TBX11K/imgs/test/unknown_2117.png,512,512,OK
TBX11K,unknown_52.png,data/raw/TBX11K/imgs/test/unknown_52.png,512,512,OK
TBX11K,unknown_2671.png,data/raw/TBX11K/imgs/test/unknown_2671.png,512,512,OK
TBX11K,unknown_1378.png,data/raw/TBX11K/imgs/test/unknown_1378.png,512,512,OK
TBX11K,unknown_1393.png,data/raw/TBX11K/imgs/test/unknown_1393.png,512,512,OK
TBX11K,unknown_2842.png,data/raw/TBX11K/imgs/test/unknown_2842.png,512,512,OK
TBX11K,unknown_639.png,data/raw/TBX11K/imgs/test/unknown_639.png,512,512,OK
TBX11K,unknown_2856.png,data/raw/TBX11K/imgs/test/unknown_2856.png,512,512,OK
TBX11K,unknown_1387.png,data/raw/TBX11K/imgs/test/unknown_1387.png,512,512,OK
TBX11K,unknown_85.png,data/raw/TBX11K/imgs/test/unknown_85.png,512,512,OK
TBX11K,unknown_177.png,data/raw/TBX11K/imgs/test/unknown_177.png,512,512,OK
TBX11K,unknown_611.png,data/raw/TBX11K/imgs/test/unknown_611.png,512,512,OK
TBX11K,unknown_605.png,data/raw/TBX11K/imgs/test/unknown_605.png,512,512,OK
TBX11K,unknown_163.png,data/raw/TBX11K/imgs/test/unknown_163.png,512,512,OK
TBX11K,unknown_91.png,data/raw/TBX11K/imgs/test/unknown_91.png,512,512,OK
TBX11K,unknown_3023.png,data/raw/TBX11K/imgs/test/unknown_3023.png,512,512,OK
TBX11K,unknown_1634.png,data/raw/TBX11K/imgs/test/unknown_1634.png,512,512,OK
TBX11K,unknown_1152.png,data/raw/TBX11K/imgs/test/unknown_1152.png,512,512,OK
TBX11K,unknown_1146.png,data/raw/TBX11K/imgs/test/unknown_1146.png,512,512,OK
TBX11K,unknown_1620.png,data/raw/TBX11K/imgs/test/unknown_1620.png,512,512,OK
TBX11K,unknown_2329.png,data/raw/TBX11K/imgs/test/unknown_2329.png,512,512,OK
TBX11K,unknown_3037.png,data/raw/TBX11K/imgs/test/unknown_3037.png,512,512,OK
TBX11K,unknown_1608.png,data/raw/TBX11K/imgs/test/unknown_1608.png,512,512,OK
TBX11K,unknown_2301.png,data/raw/TBX11K/imgs/test/unknown_2301.png,512,512,OK
TBX11K,unknown_2467.png,data/raw/TBX11K/imgs/test/unknown_2467.png,512,512,OK
TBX11K,unknown_2473.png,data/raw/TBX11K/imgs/test/unknown_2473.png,512,512,OK
TBX11K,unknown_2315.png,data/raw/TBX11K/imgs/test/unknown_2315.png,512,512,OK
TBX11K,unknown_2498.png,data/raw/TBX11K/imgs/test/unknown_2498.png,512,512,OK
TBX11K,unknown_1191.png,data/raw/TBX11K/imgs/test/unknown_1191.png,512,512,OK
TBX11K,unknown_349.png,data/raw/TBX11K/imgs/test/unknown_349.png,512,512,OK
TBX11K,unknown_1185.png,data/raw/TBX11K/imgs/test/unknown_1185.png,512,512,OK
TBX11K,unknown_413.png,data/raw/TBX11K/imgs/test/unknown_413.png,512,512,OK
TBX11K,unknown_1813.png,data/raw/TBX11K/imgs/test/unknown_1813.png,512,512,OK
TBX11K,unknown_375.png,data/raw/TBX11K/imgs/test/unknown_375.png,512,512,OK
TBX11K,unknown_361.png,data/raw/TBX11K/imgs/test/unknown_361.png,512,512,OK
TBX11K,unknown_407.png,data/raw/TBX11K/imgs/test/unknown_407.png,512,512,OK
TBX11K,unknown_1807.png,data/raw/TBX11K/imgs/test/unknown_1807.png,512,512,OK
TBX11K,unknown_3157.png,data/raw/TBX11K/imgs/test/unknown_3157.png,512,512,OK
TBX11K,unknown_2249.png,data/raw/TBX11K/imgs/test/unknown_2249.png,512,512,OK
TBX11K,unknown_1740.png,data/raw/TBX11K/imgs/test/unknown_1740.png,512,512,OK
TBX11K,unknown_598.png,data/raw/TBX11K/imgs/test/unknown_598.png,512,512,OK
TBX11K,unknown_1998.png,data/raw/TBX11K/imgs/test/unknown_1998.png,512,512,OK
TBX11K,unknown_1026.png,data/raw/TBX11K/imgs/test/unknown_1026.png,512,512,OK
TBX11K,unknown_1032.png,data/raw/TBX11K/imgs/test/unknown_1032.png,512,512,OK
TBX11K,unknown_1754.png,data/raw/TBX11K/imgs/test/unknown_1754.png,512,512,OK
TBX11K,unknown_3143.png,data/raw/TBX11K/imgs/test/unknown_3143.png,512,512,OK
TBX11K,unknown_2275.png,data/raw/TBX11K/imgs/test/unknown_2275.png,512,512,OK
TBX11K,unknown_2513.png,data/raw/TBX11K/imgs/test/unknown_2513.png,512,512,OK
TBX11K,unknown_2507.png,data/raw/TBX11K/imgs/test/unknown_2507.png,512,512,OK
TBX11K,unknown_2261.png,data/raw/TBX11K/imgs/test/unknown_2261.png,512,512,OK
TBX11K,unknown_1768.png,data/raw/TBX11K/imgs/test/unknown_1768.png,512,512,OK
TBX11K,unknown_1783.png,data/raw/TBX11K/imgs/test/unknown_1783.png,512,512,OK
TBX11K,unknown_3194.png,data/raw/TBX11K/imgs/test/unknown_3194.png,512,512,OK
TBX11K,unknown_229.png,data/raw/TBX11K/imgs/test/unknown_229.png,512,512,OK
TBX11K,unknown_3180.png,data/raw/TBX11K/imgs/test/unknown_3180.png,512,512,OK
TBX11K,unknown_1797.png,data/raw/TBX11K/imgs/test/unknown_1797.png,512,512,OK
TBX11K,unknown_1967.png,data/raw/TBX11K/imgs/test/unknown_1967.png,512,512,OK
TBX11K,unknown_567.png,data/raw/TBX11K/imgs/test/unknown_567.png,512,512,OK
TBX11K,unknown_201.png,data/raw/TBX11K/imgs/test/unknown_201.png,512,512,OK
TBX11K,unknown_215.png,data/raw/TBX11K/imgs/test/unknown_215.png,512,512,OK
TBX11K,unknown_1973.png,data/raw/TBX11K/imgs/test/unknown_1973.png,512,512,OK
TBX11K,unknown_573.png,data/raw/TBX11K/imgs/test/unknown_573.png,512,512,OK
TBX11K,unknown_1224.png,data/raw/TBX11K/imgs/test/unknown_1224.png,512,512,OK
TBX11K,unknown_942.png,data/raw/TBX11K/imgs/test/unknown_942.png,512,512,OK
TBX11K,unknown_1542.png,data/raw/TBX11K/imgs/test/unknown_1542.png,512,512,OK
TBX11K,unknown_956.png,data/raw/TBX11K/imgs/test/unknown_956.png,512,512,OK
TBX11K,unknown_1556.png,data/raw/TBX11K/imgs/test/unknown_1556.png,512,512,OK
TBX11K,unknown_1230.png,data/raw/TBX11K/imgs/test/unknown_1230.png,512,512,OK
TBX11K,unknown_2739.png,data/raw/TBX11K/imgs/test/unknown_2739.png,512,512,OK
TBX11K,unknown_1218.png,data/raw/TBX11K/imgs/test/unknown_1218.png,512,512,OK
TBX11K,unknown_2711.png,data/raw/TBX11K/imgs/test/unknown_2711.png,512,512,OK
TBX11K,unknown_2077.png,data/raw/TBX11K/imgs/test/unknown_2077.png,512,512,OK
TBX11K,unknown_2063.png,data/raw/TBX11K/imgs/test/unknown_2063.png,512,512,OK
TBX11K,unknown_2705.png,data/raw/TBX11K/imgs/test/unknown_2705.png,512,512,OK
TBX11K,unknown_2936.png,data/raw/TBX11K/imgs/test/unknown_2936.png,512,512,OK
TBX11K,unknown_2088.png,data/raw/TBX11K/imgs/test/unknown_2088.png,512,512,OK
TBX11K,unknown_759.png,data/raw/TBX11K/imgs/test/unknown_759.png,512,512,OK
TBX11K,unknown_1581.png,data/raw/TBX11K/imgs/test/unknown_1581.png,512,512,OK
TBX11K,unknown_981.png,data/raw/TBX11K/imgs/test/unknown_981.png,512,512,OK
TBX11K,unknown_1595.png,data/raw/TBX11K/imgs/test/unknown_1595.png,512,512,OK
TBX11K,unknown_995.png,data/raw/TBX11K/imgs/test/unknown_995.png,512,512,OK
TBX11K,unknown_2922.png,data/raw/TBX11K/imgs/test/unknown_2922.png,512,512,OK
TBX11K,unknown_765.png,data/raw/TBX11K/imgs/test/unknown_765.png,512,512,OK
TBX11K,unknown_771.png,data/raw/TBX11K/imgs/test/unknown_771.png,512,512,OK
TBX11K,unknown_767.png,data/raw/TBX11K/imgs/test/unknown_767.png,512,512,OK
TBX11K,unknown_2908.png,data/raw/TBX11K/imgs/test/unknown_2908.png,512,512,OK
TBX11K,unknown_773.png,data/raw/TBX11K/imgs/test/unknown_773.png,512,512,OK
TBX11K,unknown_983.png,data/raw/TBX11K/imgs/test/unknown_983.png,512,512,OK
TBX11K,unknown_1583.png,data/raw/TBX11K/imgs/test/unknown_1583.png,512,512,OK
TBX11K,unknown_2934.png,data/raw/TBX11K/imgs/test/unknown_2934.png,512,512,OK
TBX11K,unknown_2920.png,data/raw/TBX11K/imgs/test/unknown_2920.png,512,512,OK
TBX11K,unknown_997.png,data/raw/TBX11K/imgs/test/unknown_997.png,512,512,OK
TBX11K,unknown_1597.png,data/raw/TBX11K/imgs/test/unknown_1597.png,512,512,OK
TBX11K,unknown_2075.png,data/raw/TBX11K/imgs/test/unknown_2075.png,512,512,OK
TBX11K,unknown_2713.png,data/raw/TBX11K/imgs/test/unknown_2713.png,512,512,OK
TBX11K,unknown_2707.png,data/raw/TBX11K/imgs/test/unknown_2707.png,512,512,OK
TBX11K,unknown_2061.png,data/raw/TBX11K/imgs/test/unknown_2061.png,512,512,OK
TBX11K,unknown_1568.png,data/raw/TBX11K/imgs/test/unknown_1568.png,512,512,OK
TBX11K,unknown_968.png,data/raw/TBX11K/imgs/test/unknown_968.png,512,512,OK
TBX11K,unknown_2049.png,data/raw/TBX11K/imgs/test/unknown_2049.png,512,512,OK
TBX11K,unknown_798.png,data/raw/TBX11K/imgs/test/unknown_798.png,512,512,OK
TBX11K,unknown_1540.png,data/raw/TBX11K/imgs/test/unknown_1540.png,512,512,OK
TBX11K,unknown_940.png,data/raw/TBX11K/imgs/test/unknown_940.png,512,512,OK
TBX11K,unknown_1226.png,data/raw/TBX11K/imgs/test/unknown_1226.png,512,512,OK
TBX11K,unknown_1232.png,data/raw/TBX11K/imgs/test/unknown_1232.png,512,512,OK
TBX11K,unknown_1554.png,data/raw/TBX11K/imgs/test/unknown_1554.png,512,512,OK
TBX11K,unknown_954.png,data/raw/TBX11K/imgs/test/unknown_954.png,512,512,OK
TBX11K,unknown_203.png,data/raw/TBX11K/imgs/test/unknown_203.png,512,512,OK
TBX11K,unknown_565.png,data/raw/TBX11K/imgs/test/unknown_565.png,512,512,OK
TBX11K,unknown_1965.png,data/raw/TBX11K/imgs/test/unknown_1965.png,512,512,OK
TBX11K,unknown_571.png,data/raw/TBX11K/imgs/test/unknown_571.png,512,512,OK
TBX11K,unknown_1971.png,data/raw/TBX11K/imgs/test/unknown_1971.png,512,512,OK
TBX11K,unknown_217.png,data/raw/TBX11K/imgs/test/unknown_217.png,512,512,OK
TBX11K,unknown_3196.png,data/raw/TBX11K/imgs/test/unknown_3196.png,512,512,OK
TBX11K,unknown_2288.png,data/raw/TBX11K/imgs/test/unknown_2288.png,512,512,OK
TBX11K,unknown_1781.png,data/raw/TBX11K/imgs/test/unknown_1781.png,512,512,OK
TBX11K,unknown_559.png,data/raw/TBX11K/imgs/test/unknown_559.png,512,512,OK
TBX11K,unknown_1959.png,data/raw/TBX11K/imgs/test/unknown_1959.png,512,512,OK
TBX11K,unknown_1795.png,data/raw/TBX11K/imgs/test/unknown_1795.png,512,512,OK
TBX11K,unknown_3182.png,data/raw/TBX11K/imgs/test/unknown_3182.png,512,512,OK
TBX11K,unknown_1018.png,data/raw/TBX11K/imgs/test/unknown_1018.png,512,512,OK
TBX11K,unknown_2511.png,data/raw/TBX11K/imgs/test/unknown_2511.png,512,512,OK
TBX11K,unknown_2277.png,data/raw/TBX11K/imgs/test/unknown_2277.png,512,512,OK
TBX11K,unknown_3169.png,data/raw/TBX11K/imgs/test/unknown_3169.png,512,512,OK
TBX11K,unknown_2263.png,data/raw/TBX11K/imgs/test/unknown_2263.png,512,512,OK
TBX11K,unknown_2505.png,data/raw/TBX11K/imgs/test/unknown_2505.png,512,512,OK
TBX11K,unknown_1024.png,data/raw/TBX11K/imgs/test/unknown_1024.png,512,512,OK
TBX11K,unknown_1742.png,data/raw/TBX11K/imgs/test/unknown_1742.png,512,512,OK
TBX11K,unknown_3155.png,data/raw/TBX11K/imgs/test/unknown_3155.png,512,512,OK
TBX11K,unknown_3141.png,data/raw/TBX11K/imgs/test/unknown_3141.png,512,512,OK
TBX11K,unknown_1756.png,data/raw/TBX11K/imgs/test/unknown_1756.png,512,512,OK
TBX11K,unknown_1030.png,data/raw/TBX11K/imgs/test/unknown_1030.png,512,512,OK
TBX11K,unknown_2539.png,data/raw/TBX11K/imgs/test/unknown_2539.png,512,512,OK
TBX11K,unknown_2.png,data/raw/TBX11K/imgs/test/unknown_2.png,512,512,OK
TBX11K,unknown_377.png,data/raw/TBX11K/imgs/test/unknown_377.png,512,512,OK
TBX11K,unknown_1811.png,data/raw/TBX11K/imgs/test/unknown_1811.png,512,512,OK
TBX11K,unknown_411.png,data/raw/TBX11K/imgs/test/unknown_411.png,512,512,OK
TBX11K,unknown_1805.png,data/raw/TBX11K/imgs/test/unknown_1805.png,512,512,OK
TBX11K,unknown_405.png,data/raw/TBX11K/imgs/test/unknown_405.png,512,512,OK
TBX11K,unknown_363.png,data/raw/TBX11K/imgs/test/unknown_363.png,512,512,OK
TBX11K,unknown_1193.png,data/raw/TBX11K/imgs/test/unknown_1193.png,512,512,OK
TBX11K,unknown_1839.png,data/raw/TBX11K/imgs/test/unknown_1839.png,512,512,OK
TBX11K,unknown_439.png,data/raw/TBX11K/imgs/test/unknown_439.png,512,512,OK
TBX11K,unknown_1187.png,data/raw/TBX11K/imgs/test/unknown_1187.png,512,512,OK
TBX11K,unknown_2465.png,data/raw/TBX11K/imgs/test/unknown_2465.png,512,512,OK
TBX11K,unknown_2303.png,data/raw/TBX11K/imgs/test/unknown_2303.png,512,512,OK
TBX11K,unknown_3009.png,data/raw/TBX11K/imgs/test/unknown_3009.png,512,512,OK
TBX11K,unknown_2317.png,data/raw/TBX11K/imgs/test/unknown_2317.png,512,512,OK
TBX11K,unknown_2471.png,data/raw/TBX11K/imgs/test/unknown_2471.png,512,512,OK
TBX11K,unknown_1178.png,data/raw/TBX11K/imgs/test/unknown_1178.png,512,512,OK
TBX11K,unknown_2459.png,data/raw/TBX11K/imgs/test/unknown_2459.png,512,512,OK
TBX11K,unknown_1150.png,data/raw/TBX11K/imgs/test/unknown_1150.png,512,512,OK
TBX11K,unknown_388.png,data/raw/TBX11K/imgs/test/unknown_388.png,512,512,OK
TBX11K,unknown_1636.png,data/raw/TBX11K/imgs/test/unknown_1636.png,512,512,OK
TBX11K,unknown_3021.png,data/raw/TBX11K/imgs/test/unknown_3021.png,512,512,OK
TBX11K,unknown_3035.png,data/raw/TBX11K/imgs/test/unknown_3035.png,512,512,OK
TBX11K,unknown_1622.png,data/raw/TBX11K/imgs/test/unknown_1622.png,512,512,OK
TBX11K,unknown_1144.png,data/raw/TBX11K/imgs/test/unknown_1144.png,512,512,OK
TBX11K,unknown_613.png,data/raw/TBX11K/imgs/test/unknown_613.png,512,512,OK
TBX11K,unknown_175.png,data/raw/TBX11K/imgs/test/unknown_175.png,512,512,OK
TBX11K,unknown_87.png,data/raw/TBX11K/imgs/test/unknown_87.png,512,512,OK
TBX11K,unknown_93.png,data/raw/TBX11K/imgs/test/unknown_93.png,512,512,OK
TBX11K,unknown_2868.png,data/raw/TBX11K/imgs/test/unknown_2868.png,512,512,OK
TBX11K,unknown_161.png,data/raw/TBX11K/imgs/test/unknown_161.png,512,512,OK
TBX11K,unknown_607.png,data/raw/TBX11K/imgs/test/unknown_607.png,512,512,OK
TBX11K,unknown_2698.png,data/raw/TBX11K/imgs/test/unknown_2698.png,512,512,OK
TBX11K,unknown_2840.png,data/raw/TBX11K/imgs/test/unknown_2840.png,512,512,OK
TBX11K,unknown_149.png,data/raw/TBX11K/imgs/test/unknown_149.png,512,512,OK
TBX11K,unknown_1391.png,data/raw/TBX11K/imgs/test/unknown_1391.png,512,512,OK
TBX11K,unknown_1385.png,data/raw/TBX11K/imgs/test/unknown_1385.png,512,512,OK
TBX11K,unknown_2854.png,data/raw/TBX11K/imgs/test/unknown_2854.png,512,512,OK
TBX11K,unknown_808.png,data/raw/TBX11K/imgs/test/unknown_808.png,512,512,OK
TBX11K,unknown_1408.png,data/raw/TBX11K/imgs/test/unknown_1408.png,512,512,OK
TBX11K,unknown_2101.png,data/raw/TBX11K/imgs/test/unknown_2101.png,512,512,OK
TBX11K,unknown_2667.png,data/raw/TBX11K/imgs/test/unknown_2667.png,512,512,OK
TBX11K,unknown_44.png,data/raw/TBX11K/imgs/test/unknown_44.png,512,512,OK
TBX11K,unknown_2673.png,data/raw/TBX11K/imgs/test/unknown_2673.png,512,512,OK
TBX11K,unknown_50.png,data/raw/TBX11K/imgs/test/unknown_50.png,512,512,OK
TBX11K,unknown_2115.png,data/raw/TBX11K/imgs/test/unknown_2115.png,512,512,OK
TBX11K,unknown_3223.png,data/raw/TBX11K/imgs/test/unknown_3223.png,512,512,OK
TBX11K,unknown_834.png,data/raw/TBX11K/imgs/test/unknown_834.png,512,512,OK
TBX11K,unknown_1434.png,data/raw/TBX11K/imgs/test/unknown_1434.png,512,512,OK
TBX11K,unknown_1352.png,data/raw/TBX11K/imgs/test/unknown_1352.png,512,512,OK
TBX11K,unknown_2883.png,data/raw/TBX11K/imgs/test/unknown_2883.png,512,512,OK
TBX11K,unknown_78.png,data/raw/TBX11K/imgs/test/unknown_78.png,512,512,OK
TBX11K,unknown_2897.png,data/raw/TBX11K/imgs/test/unknown_2897.png,512,512,OK
TBX11K,unknown_1346.png,data/raw/TBX11K/imgs/test/unknown_1346.png,512,512,OK
TBX11K,unknown_820.png,data/raw/TBX11K/imgs/test/unknown_820.png,512,512,OK
TBX11K,unknown_1420.png,data/raw/TBX11K/imgs/test/unknown_1420.png,512,512,OK
TBX11K,unknown_2129.png,data/raw/TBX11K/imgs/test/unknown_2129.png,512,512,OK
TBX11K,unknown_3237.png,data/raw/TBX11K/imgs/test/unknown_3237.png,512,512,OK
TBX11K,unknown_1347.png,data/raw/TBX11K/imgs/test/unknown_1347.png,512,512,OK
TBX11K,unknown_2896.png,data/raw/TBX11K/imgs/test/unknown_2896.png,512,512,OK
TBX11K,unknown_3236.png,data/raw/TBX11K/imgs/test/unknown_3236.png,512,512,OK
TBX11K,unknown_2128.png,data/raw/TBX11K/imgs/test/unknown_2128.png,512,512,OK
TBX11K,unknown_1421.png,data/raw/TBX11K/imgs/test/unknown_1421.png,512,512,OK
TBX11K,unknown_821.png,data/raw/TBX11K/imgs/test/unknown_821.png,512,512,OK
TBX11K,unknown_1435.png,data/raw/TBX11K/imgs/test/unknown_1435.png,512,512,OK
TBX11K,unknown_835.png,data/raw/TBX11K/imgs/test/unknown_835.png,512,512,OK
TBX11K,unknown_3222.png,data/raw/TBX11K/imgs/test/unknown_3222.png,512,512,OK
TBX11K,unknown_79.png,data/raw/TBX11K/imgs/test/unknown_79.png,512,512,OK
TBX11K,unknown_2882.png,data/raw/TBX11K/imgs/test/unknown_2882.png,512,512,OK
TBX11K,unknown_1353.png,data/raw/TBX11K/imgs/test/unknown_1353.png,512,512,OK
TBX11K,unknown_51.png,data/raw/TBX11K/imgs/test/unknown_51.png,512,512,OK
TBX11K,unknown_2672.png,data/raw/TBX11K/imgs/test/unknown_2672.png,512,512,OK
TBX11K,unknown_2114.png,data/raw/TBX11K/imgs/test/unknown_2114.png,512,512,OK
TBX11K,unknown_2100.png,data/raw/TBX11K/imgs/test/unknown_2100.png,512,512,OK
TBX11K,unknown_1409.png,data/raw/TBX11K/imgs/test/unknown_1409.png,512,512,OK
TBX11K,unknown_809.png,data/raw/TBX11K/imgs/test/unknown_809.png,512,512,OK
TBX11K,unknown_45.png,data/raw/TBX11K/imgs/test/unknown_45.png,512,512,OK
TBX11K,unknown_2666.png,data/raw/TBX11K/imgs/test/unknown_2666.png,512,512,OK
TBX11K,unknown_2855.png,data/raw/TBX11K/imgs/test/unknown_2855.png,512,512,OK
TBX11K,unknown_1384.png,data/raw/TBX11K/imgs/test/unknown_1384.png,512,512,OK
TBX11K,unknown_1390.png,data/raw/TBX11K/imgs/test/unknown_1390.png,512,512,OK
TBX11K,unknown_148.png,data/raw/TBX11K/imgs/test/unknown_148.png,512,512,OK
TBX11K,unknown_2841.png,data/raw/TBX11K/imgs/test/unknown_2841.png,512,512,OK
TBX11K,unknown_2699.png,data/raw/TBX11K/imgs/test/unknown_2699.png,512,512,OK
TBX11K,unknown_160.png,data/raw/TBX11K/imgs/test/unknown_160.png,512,512,OK
TBX11K,unknown_2869.png,data/raw/TBX11K/imgs/test/unknown_2869.png,512,512,OK
TBX11K,unknown_92.png,data/raw/TBX11K/imgs/test/unknown_92.png,512,512,OK
TBX11K,unknown_606.png,data/raw/TBX11K/imgs/test/unknown_606.png,512,512,OK
TBX11K,unknown_612.png,data/raw/TBX11K/imgs/test/unknown_612.png,512,512,OK
TBX11K,unknown_86.png,data/raw/TBX11K/imgs/test/unknown_86.png,512,512,OK
TBX11K,unknown_174.png,data/raw/TBX11K/imgs/test/unknown_174.png,512,512,OK
TBX11K,unknown_1623.png,data/raw/TBX11K/imgs/test/unknown_1623.png,512,512,OK
TBX11K,unknown_3034.png,data/raw/TBX11K/imgs/test/unknown_3034.png,512,512,OK
TBX11K,unknown_1145.png,data/raw/TBX11K/imgs/test/unknown_1145.png,512,512,OK
TBX11K,unknown_389.png,data/raw/TBX11K/imgs/test/unknown_389.png,512,512,OK
TBX11K,unknown_1151.png,data/raw/TBX11K/imgs/test/unknown_1151.png,512,512,OK
TBX11K,unknown_2458.png,data/raw/TBX11K/imgs/test/unknown_2458.png,512,512,OK
TBX11K,unknown_3020.png,data/raw/TBX11K/imgs/test/unknown_3020.png,512,512,OK
TBX11K,unknown_1637.png,data/raw/TBX11K/imgs/test/unknown_1637.png,512,512,OK
TBX11K,unknown_2316.png,data/raw/TBX11K/imgs/test/unknown_2316.png,512,512,OK
TBX11K,unknown_3008.png,data/raw/TBX11K/imgs/test/unknown_3008.png,512,512,OK
TBX11K,unknown_1179.png,data/raw/TBX11K/imgs/test/unknown_1179.png,512,512,OK
TBX11K,unknown_2470.png,data/raw/TBX11K/imgs/test/unknown_2470.png,512,512,OK
TBX11K,unknown_2464.png,data/raw/TBX11K/imgs/test/unknown_2464.png,512,512,OK
TBX11K,unknown_2302.png,data/raw/TBX11K/imgs/test/unknown_2302.png,512,512,OK
TBX11K,unknown_438.png,data/raw/TBX11K/imgs/test/unknown_438.png,512,512,OK
TBX11K,unknown_1838.png,data/raw/TBX11K/imgs/test/unknown_1838.png,512,512,OK
TBX11K,unknown_1186.png,data/raw/TBX11K/imgs/test/unknown_1186.png,512,512,OK
TBX11K,unknown_1192.png,data/raw/TBX11K/imgs/test/unknown_1192.png,512,512,OK
TBX11K,unknown_404.png,data/raw/TBX11K/imgs/test/unknown_404.png,512,512,OK
TBX11K,unknown_1804.png,data/raw/TBX11K/imgs/test/unknown_1804.png,512,512,OK
TBX11K,unknown_362.png,data/raw/TBX11K/imgs/test/unknown_362.png,512,512,OK
TBX11K,unknown_376.png,data/raw/TBX11K/imgs/test/unknown_376.png,512,512,OK
TBX11K,unknown_3.png,data/raw/TBX11K/imgs/test/unknown_3.png,512,512,OK
TBX11K,unknown_410.png,data/raw/TBX11K/imgs/test/unknown_410.png,512,512,OK
TBX11K,unknown_1810.png,data/raw/TBX11K/imgs/test/unknown_1810.png,512,512,OK
TBX11K,unknown_1757.png,data/raw/TBX11K/imgs/test/unknown_1757.png,512,512,OK
TBX11K,unknown_3140.png,data/raw/TBX11K/imgs/test/unknown_3140.png,512,512,OK
TBX11K,unknown_2538.png,data/raw/TBX11K/imgs/test/unknown_2538.png,512,512,OK
TBX11K,unknown_1031.png,data/raw/TBX11K/imgs/test/unknown_1031.png,512,512,OK
TBX11K,unknown_1025.png,data/raw/TBX11K/imgs/test/unknown_1025.png,512,512,OK
TBX11K,unknown_3154.png,data/raw/TBX11K/imgs/test/unknown_3154.png,512,512,OK
TBX11K,unknown_1743.png,data/raw/TBX11K/imgs/test/unknown_1743.png,512,512,OK
TBX11K,unknown_2262.png,data/raw/TBX11K/imgs/test/unknown_2262.png,512,512,OK
TBX11K,unknown_2504.png,data/raw/TBX11K/imgs/test/unknown_2504.png,512,512,OK
TBX11K,unknown_2510.png,data/raw/TBX11K/imgs/test/unknown_2510.png,512,512,OK
TBX11K,unknown_1019.png,data/raw/TBX11K/imgs/test/unknown_1019.png,512,512,OK
TBX11K,unknown_3168.png,data/raw/TBX11K/imgs/test/unknown_3168.png,512,512,OK
TBX11K,unknown_2276.png,data/raw/TBX11K/imgs/test/unknown_2276.png,512,512,OK
TBX11K,unknown_3183.png,data/raw/TBX11K/imgs/test/unknown_3183.png,512,512,OK
TBX11K,unknown_1794.png,data/raw/TBX11K/imgs/test/unknown_1794.png,512,512,OK
TBX11K,unknown_1958.png,data/raw/TBX11K/imgs/test/unknown_1958.png,512,512,OK
TBX11K,unknown_558.png,data/raw/TBX11K/imgs/test/unknown_558.png,512,512,OK
TBX11K,unknown_1780.png,data/raw/TBX11K/imgs/test/unknown_1780.png,512,512,OK
TBX11K,unknown_2289.png,data/raw/TBX11K/imgs/test/unknown_2289.png,512,512,OK
TBX11K,unknown_3197.png,data/raw/TBX11K/imgs/test/unknown_3197.png,512,512,OK
TBX11K,unknown_1970.png,data/raw/TBX11K/imgs/test/unknown_1970.png,512,512,OK
TBX11K,unknown_570.png,data/raw/TBX11K/imgs/test/unknown_570.png,512,512,OK
TBX11K,unknown_216.png,data/raw/TBX11K/imgs/test/unknown_216.png,512,512,OK
TBX11K,unknown_202.png,data/raw/TBX11K/imgs/test/unknown_202.png,512,512,OK
TBX11K,unknown_1964.png,data/raw/TBX11K/imgs/test/unknown_1964.png,512,512,OK
TBX11K,unknown_564.png,data/raw/TBX11K/imgs/test/unknown_564.png,512,512,OK
TBX11K,unknown_1233.png,data/raw/TBX11K/imgs/test/unknown_1233.png,512,512,OK
TBX11K,unknown_955.png,data/raw/TBX11K/imgs/test/unknown_955.png,512,512,OK
TBX11K,unknown_1555.png,data/raw/TBX11K/imgs/test/unknown_1555.png,512,512,OK
TBX11K,unknown_941.png,data/raw/TBX11K/imgs/test/unknown_941.png,512,512,OK
TBX11K,unknown_1541.png,data/raw/TBX11K/imgs/test/unknown_1541.png,512,512,OK
TBX11K,unknown_799.png,data/raw/TBX11K/imgs/test/unknown_799.png,512,512,OK
TBX11K,unknown_2048.png,data/raw/TBX11K/imgs/test/unknown_2048.png,512,512,OK
TBX11K,unknown_1227.png,data/raw/TBX11K/imgs/test/unknown_1227.png,512,512,OK
TBX11K,unknown_2706.png,data/raw/TBX11K/imgs/test/unknown_2706.png,512,512,OK
TBX11K,unknown_969.png,data/raw/TBX11K/imgs/test/unknown_969.png,512,512,OK
TBX11K,unknown_1569.png,data/raw/TBX11K/imgs/test/unknown_1569.png,512,512,OK
TBX11K,unknown_2060.png,data/raw/TBX11K/imgs/test/unknown_2060.png,512,512,OK
TBX11K,unknown_2074.png,data/raw/TBX11K/imgs/test/unknown_2074.png,512,512,OK
TBX11K,unknown_2712.png,data/raw/TBX11K/imgs/test/unknown_2712.png,512,512,OK
TBX11K,unknown_2921.png,data/raw/TBX11K/imgs/test/unknown_2921.png,512,512,OK
TBX11K,unknown_1596.png,data/raw/TBX11K/imgs/test/unknown_1596.png,512,512,OK
TBX11K,unknown_996.png,data/raw/TBX11K/imgs/test/unknown_996.png,512,512,OK
TBX11K,unknown_1582.png,data/raw/TBX11K/imgs/test/unknown_1582.png,512,512,OK
TBX11K,unknown_982.png,data/raw/TBX11K/imgs/test/unknown_982.png,512,512,OK
TBX11K,unknown_2935.png,data/raw/TBX11K/imgs/test/unknown_2935.png,512,512,OK
TBX11K,unknown_772.png,data/raw/TBX11K/imgs/test/unknown_772.png,512,512,OK
TBX11K,unknown_766.png,data/raw/TBX11K/imgs/test/unknown_766.png,512,512,OK
TBX11K,unknown_2909.png,data/raw/TBX11K/imgs/test/unknown_2909.png,512,512,OK
TBX11K,unknown_2910.png,data/raw/TBX11K/imgs/test/unknown_2910.png,512,512,OK
TBX11K,unknown_2904.png,data/raw/TBX11K/imgs/test/unknown_2904.png,512,512,OK
TBX11K,unknown_743.png,data/raw/TBX11K/imgs/test/unknown_743.png,512,512,OK
TBX11K,unknown_2092.png,data/raw/TBX11K/imgs/test/unknown_2092.png,512,512,OK
TBX11K,unknown_2086.png,data/raw/TBX11K/imgs/test/unknown_2086.png,512,512,OK
TBX11K,unknown_757.png,data/raw/TBX11K/imgs/test/unknown_757.png,512,512,OK
TBX11K,unknown_2938.png,data/raw/TBX11K/imgs/test/unknown_2938.png,512,512,OK
TBX11K,unknown_1202.png,data/raw/TBX11K/imgs/test/unknown_1202.png,512,512,OK
TBX11K,unknown_1564.png,data/raw/TBX11K/imgs/test/unknown_1564.png,512,512,OK
TBX11K,unknown_964.png,data/raw/TBX11K/imgs/test/unknown_964.png,512,512,OK
TBX11K,unknown_2079.png,data/raw/TBX11K/imgs/test/unknown_2079.png,512,512,OK
TBX11K,unknown_1570.png,data/raw/TBX11K/imgs/test/unknown_1570.png,512,512,OK
TBX11K,unknown_970.png,data/raw/TBX11K/imgs/test/unknown_970.png,512,512,OK
TBX11K,unknown_1216.png,data/raw/TBX11K/imgs/test/unknown_1216.png,512,512,OK
TBX11K,unknown_2737.png,data/raw/TBX11K/imgs/test/unknown_2737.png,512,512,OK
TBX11K,unknown_2051.png,data/raw/TBX11K/imgs/test/unknown_2051.png,512,512,OK
TBX11K,unknown_1558.png,data/raw/TBX11K/imgs/test/unknown_1558.png,512,512,OK
TBX11K,unknown_780.png,data/raw/TBX11K/imgs/test/unknown_780.png,512,512,OK
TBX11K,unknown_958.png,data/raw/TBX11K/imgs/test/unknown_958.png,512,512,OK
TBX11K,unknown_794.png,data/raw/TBX11K/imgs/test/unknown_794.png,512,512,OK
TBX11K,unknown_2045.png,data/raw/TBX11K/imgs/test/unknown_2045.png,512,512,OK
TBX11K,unknown_2723.png,data/raw/TBX11K/imgs/test/unknown_2723.png,512,512,OK
TBX11K,unknown_569.png,data/raw/TBX11K/imgs/test/unknown_569.png,512,512,OK
TBX11K,unknown_1969.png,data/raw/TBX11K/imgs/test/unknown_1969.png,512,512,OK
TBX11K,unknown_2290.png,data/raw/TBX11K/imgs/test/unknown_2290.png,512,512,OK
TBX11K,unknown_541.png,data/raw/TBX11K/imgs/test/unknown_541.png,512,512,OK
TBX11K,unknown_1799.png,data/raw/TBX11K/imgs/test/unknown_1799.png,512,512,OK
TBX11K,unknown_1941.png,data/raw/TBX11K/imgs/test/unknown_1941.png,512,512,OK
TBX11K,unknown_227.png,data/raw/TBX11K/imgs/test/unknown_227.png,512,512,OK
TBX11K,unknown_233.png,data/raw/TBX11K/imgs/test/unknown_233.png,512,512,OK
TBX11K,unknown_555.png,data/raw/TBX11K/imgs/test/unknown_555.png,512,512,OK
TBX11K,unknown_1955.png,data/raw/TBX11K/imgs/test/unknown_1955.png,512,512,OK
TBX11K,unknown_2284.png,data/raw/TBX11K/imgs/test/unknown_2284.png,512,512,OK
TBX11K,unknown_3171.png,data/raw/TBX11K/imgs/test/unknown_3171.png,512,512,OK
TBX11K,unknown_1766.png,data/raw/TBX11K/imgs/test/unknown_1766.png,512,512,OK
TBX11K,unknown_1000.png,data/raw/TBX11K/imgs/test/unknown_1000.png,512,512,OK
TBX11K,unknown_2509.png,data/raw/TBX11K/imgs/test/unknown_2509.png,512,512,OK
TBX11K,unknown_1014.png,data/raw/TBX11K/imgs/test/unknown_1014.png,512,512,OK
TBX11K,unknown_1772.png,data/raw/TBX11K/imgs/test/unknown_1772.png,512,512,OK
TBX11K,unknown_3165.png,data/raw/TBX11K/imgs/test/unknown_3165.png,512,512,OK
TBX11K,unknown_1982.png,data/raw/TBX11K/imgs/test/unknown_1982.png,512,512,OK
TBX11K,unknown_582.png,data/raw/TBX11K/imgs/test/unknown_582.png,512,512,OK
TBX11K,unknown_2253.png,data/raw/TBX11K/imgs/test/unknown_2253.png,512,512,OK
TBX11K,unknown_2535.png,data/raw/TBX11K/imgs/test/unknown_2535.png,512,512,OK
TBX11K,unknown_1028.png,data/raw/TBX11K/imgs/test/unknown_1028.png,512,512,OK
TBX11K,unknown_2521.png,data/raw/TBX11K/imgs/test/unknown_2521.png,512,512,OK
TBX11K,unknown_2247.png,data/raw/TBX11K/imgs/test/unknown_2247.png,512,512,OK
TBX11K,unknown_3159.png,data/raw/TBX11K/imgs/test/unknown_3159.png,512,512,OK
TBX11K,unknown_1996.png,data/raw/TBX11K/imgs/test/unknown_1996.png,512,512,OK
TBX11K,unknown_596.png,data/raw/TBX11K/imgs/test/unknown_596.png,512,512,OK
TBX11K,unknown_1809.png,data/raw/TBX11K/imgs/test/unknown_1809.png,512,512,OK
TBX11K,unknown_409.png,data/raw/TBX11K/imgs/test/unknown_409.png,512,512,OK
TBX11K,unknown_1835.png,data/raw/TBX11K/imgs/test/unknown_1835.png,512,512,OK
TBX11K,unknown_435.png,data/raw/TBX11K/imgs/test/unknown_435.png,512,512,OK
TBX11K,unknown_353.png,data/raw/TBX11K/imgs/test/unknown_353.png,512,512,OK
TBX11K,unknown_2482.png,data/raw/TBX11K/imgs/test/unknown_2482.png,512,512,OK
TBX11K,unknown_2496.png,data/raw/TBX11K/imgs/test/unknown_2496.png,512,512,OK
TBX11K,unknown_347.png,data/raw/TBX11K/imgs/test/unknown_347.png,512,512,OK
TBX11K,unknown_1821.png,data/raw/TBX11K/imgs/test/unknown_1821.png,512,512,OK
TBX11K,unknown_421.png,data/raw/TBX11K/imgs/test/unknown_421.png,512,512,OK
TBX11K,unknown_3005.png,data/raw/TBX11K/imgs/test/unknown_3005.png,512,512,OK
TBX11K,unknown_1612.png,data/raw/TBX11K/imgs/test/unknown_1612.png,512,512,OK
TBX11K,unknown_1174.png,data/raw/TBX11K/imgs/test/unknown_1174.png,512,512,OK
TBX11K,unknown_2469.png,data/raw/TBX11K/imgs/test/unknown_2469.png,512,512,OK
TBX11K,unknown_1160.png,data/raw/TBX11K/imgs/test/unknown_1160.png,512,512,OK
TBX11K,unknown_1606.png,data/raw/TBX11K/imgs/test/unknown_1606.png,512,512,OK
TBX11K,unknown_3011.png,data/raw/TBX11K/imgs/test/unknown_3011.png,512,512,OK
TBX11K,unknown_3039.png,data/raw/TBX11K/imgs/test/unknown_3039.png,512,512,OK
TBX11K,unknown_2327.png,data/raw/TBX11K/imgs/test/unknown_2327.png,512,512,OK
TBX11K,unknown_2441.png,data/raw/TBX11K/imgs/test/unknown_2441.png,512,512,OK
TBX11K,unknown_390.png,data/raw/TBX11K/imgs/test/unknown_390.png,512,512,OK
TBX11K,unknown_1148.png,data/raw/TBX11K/imgs/test/unknown_1148.png,512,512,OK
TBX11K,unknown_384.png,data/raw/TBX11K/imgs/test/unknown_384.png,512,512,OK
TBX11K,unknown_2455.png,data/raw/TBX11K/imgs/test/unknown_2455.png,512,512,OK
TBX11K,unknown_2333.png,data/raw/TBX11K/imgs/test/unknown_2333.png,512,512,OK
TBX11K,unknown_2864.png,data/raw/TBX11K/imgs/test/unknown_2864.png,512,512,OK
TBX11K,unknown_2870.png,data/raw/TBX11K/imgs/test/unknown_2870.png,512,512,OK
TBX11K,unknown_179.png,data/raw/TBX11K/imgs/test/unknown_179.png,512,512,OK
TBX11K,unknown_2680.png,data/raw/TBX11K/imgs/test/unknown_2680.png,512,512,OK
TBX11K,unknown_2858.png,data/raw/TBX11K/imgs/test/unknown_2858.png,512,512,OK
TBX11K,unknown_1389.png,data/raw/TBX11K/imgs/test/unknown_1389.png,512,512,OK
TBX11K,unknown_151.png,data/raw/TBX11K/imgs/test/unknown_151.png,512,512,OK
TBX11K,unknown_637.png,data/raw/TBX11K/imgs/test/unknown_637.png,512,512,OK
TBX11K,unknown_623.png,data/raw/TBX11K/imgs/test/unknown_623.png,512,512,OK
TBX11K,unknown_145.png,data/raw/TBX11K/imgs/test/unknown_145.png,512,512,OK
TBX11K,unknown_2694.png,data/raw/TBX11K/imgs/test/unknown_2694.png,512,512,OK
TBX11K,unknown_1376.png,data/raw/TBX11K/imgs/test/unknown_1376.png,512,512,OK
TBX11K,unknown_810.png,data/raw/TBX11K/imgs/test/unknown_810.png,512,512,OK
TBX11K,unknown_1410.png,data/raw/TBX11K/imgs/test/unknown_1410.png,512,512,OK
TBX11K,unknown_2119.png,data/raw/TBX11K/imgs/test/unknown_2119.png,512,512,OK
TBX11K,unknown_3207.png,data/raw/TBX11K/imgs/test/unknown_3207.png,512,512,OK
TBX11K,unknown_3213.png,data/raw/TBX11K/imgs/test/unknown_3213.png,512,512,OK
TBX11K,unknown_804.png,data/raw/TBX11K/imgs/test/unknown_804.png,512,512,OK
TBX11K,unknown_1404.png,data/raw/TBX11K/imgs/test/unknown_1404.png,512,512,OK
TBX11K,unknown_1362.png,data/raw/TBX11K/imgs/test/unknown_1362.png,512,512,OK
TBX11K,unknown_48.png,data/raw/TBX11K/imgs/test/unknown_48.png,512,512,OK
TBX11K,unknown_192.png,data/raw/TBX11K/imgs/test/unknown_192.png,512,512,OK
TBX11K,unknown_60.png,data/raw/TBX11K/imgs/test/unknown_60.png,512,512,OK
TBX11K,unknown_2643.png,data/raw/TBX11K/imgs/test/unknown_2643.png,512,512,OK
TBX11K,unknown_2125.png,data/raw/TBX11K/imgs/test/unknown_2125.png,512,512,OK
TBX11K,unknown_838.png,data/raw/TBX11K/imgs/test/unknown_838.png,512,512,OK
TBX11K,unknown_1438.png,data/raw/TBX11K/imgs/test/unknown_1438.png,512,512,OK
TBX11K,unknown_2131.png,data/raw/TBX11K/imgs/test/unknown_2131.png,512,512,OK
TBX11K,unknown_74.png,data/raw/TBX11K/imgs/test/unknown_74.png,512,512,OK
TBX11K,unknown_2657.png,data/raw/TBX11K/imgs/test/unknown_2657.png,512,512,OK
TBX11K,unknown_186.png,data/raw/TBX11K/imgs/test/unknown_186.png,512,512,OK
TBX11K,unknown_2130.png,data/raw/TBX11K/imgs/test/unknown_2130.png,512,512,OK
TBX11K,unknown_1439.png,data/raw/TBX11K/imgs/test/unknown_1439.png,512,512,OK
TBX11K,unknown_839.png,data/raw/TBX11K/imgs/test/unknown_839.png,512,512,OK
TBX11K,unknown_187.png,data/raw/TBX11K/imgs/test/unknown_187.png,512,512,OK
TBX11K,unknown_2656.png,data/raw/TBX11K/imgs/test/unknown_2656.png,512,512,OK
TBX11K,unknown_75.png,data/raw/TBX11K/imgs/test/unknown_75.png,512,512,OK
TBX11K,unknown_2642.png,data/raw/TBX11K/imgs/test/unknown_2642.png,512,512,OK
TBX11K,unknown_61.png,data/raw/TBX11K/imgs/test/unknown_61.png,512,512,OK
TBX11K,unknown_193.png,data/raw/TBX11K/imgs/test/unknown_193.png,512,512,OK
TBX11K,unknown_2124.png,data/raw/TBX11K/imgs/test/unknown_2124.png,512,512,OK
TBX11K,unknown_1405.png,data/raw/TBX11K/imgs/test/unknown_1405.png,512,512,OK
TBX11K,unknown_805.png,data/raw/TBX11K/imgs/test/unknown_805.png,512,512,OK
TBX11K,unknown_3212.png,data/raw/TBX11K/imgs/test/unknown_3212.png,512,512,OK
TBX11K,unknown_49.png,data/raw/TBX11K/imgs/test/unknown_49.png,512,512,OK
TBX11K,unknown_1363.png,data/raw/TBX11K/imgs/test/unknown_1363.png,512,512,OK
TBX11K,unknown_1377.png,data/raw/TBX11K/imgs/test/unknown_1377.png,512,512,OK
TBX11K,unknown_3206.png,data/raw/TBX11K/imgs/test/unknown_3206.png,512,512,OK
TBX11K,unknown_2118.png,data/raw/TBX11K/imgs/test/unknown_2118.png,512,512,OK
TBX11K,unknown_1411.png,data/raw/TBX11K/imgs/test/unknown_1411.png,512,512,OK
TBX11K,unknown_811.png,data/raw/TBX11K/imgs/test/unknown_811.png,512,512,OK
TBX11K,unknown_622.png,data/raw/TBX11K/imgs/test/unknown_622.png,512,512,OK
TBX11K,unknown_2695.png,data/raw/TBX11K/imgs/test/unknown_2695.png,512,512,OK
TBX11K,unknown_144.png,data/raw/TBX11K/imgs/test/unknown_144.png,512,512,OK
TBX11K,unknown_150.png,data/raw/TBX11K/imgs/test/unknown_150.png,512,512,OK
TBX11K,unknown_1388.png,data/raw/TBX11K/imgs/test/unknown_1388.png,512,512,OK
TBX11K,unknown_2859.png,data/raw/TBX11K/imgs/test/unknown_2859.png,512,512,OK
TBX11K,unknown_2681.png,data/raw/TBX11K/imgs/test/unknown_2681.png,512,512,OK
TBX11K,unknown_636.png,data/raw/TBX11K/imgs/test/unknown_636.png,512,512,OK
TBX11K,unknown_178.png,data/raw/TBX11K/imgs/test/unknown_178.png,512,512,OK
TBX11K,unknown_2871.png,data/raw/TBX11K/imgs/test/unknown_2871.png,512,512,OK
TBX11K,unknown_2865.png,data/raw/TBX11K/imgs/test/unknown_2865.png,512,512,OK
TBX11K,unknown_2454.png,data/raw/TBX11K/imgs/test/unknown_2454.png,512,512,OK
TBX11K,unknown_385.png,data/raw/TBX11K/imgs/test/unknown_385.png,512,512,OK
TBX11K,unknown_2332.png,data/raw/TBX11K/imgs/test/unknown_2332.png,512,512,OK
TBX11K,unknown_2326.png,data/raw/TBX11K/imgs/test/unknown_2326.png,512,512,OK
TBX11K,unknown_3038.png,data/raw/TBX11K/imgs/test/unknown_3038.png,512,512,OK
TBX11K,unknown_1149.png,data/raw/TBX11K/imgs/test/unknown_1149.png,512,512,OK
TBX11K,unknown_391.png,data/raw/TBX11K/imgs/test/unknown_391.png,512,512,OK
TBX11K,unknown_2440.png,data/raw/TBX11K/imgs/test/unknown_2440.png,512,512,OK
TBX11K,unknown_1161.png,data/raw/TBX11K/imgs/test/unknown_1161.png,512,512,OK
TBX11K,unknown_2468.png,data/raw/TBX11K/imgs/test/unknown_2468.png,512,512,OK
TBX11K,unknown_3010.png,data/raw/TBX11K/imgs/test/unknown_3010.png,512,512,OK
TBX11K,unknown_1607.png,data/raw/TBX11K/imgs/test/unknown_1607.png,512,512,OK
TBX11K,unknown_1613.png,data/raw/TBX11K/imgs/test/unknown_1613.png,512,512,OK
TBX11K,unknown_3004.png,data/raw/TBX11K/imgs/test/unknown_3004.png,512,512,OK
TBX11K,unknown_1175.png,data/raw/TBX11K/imgs/test/unknown_1175.png,512,512,OK
TBX11K,unknown_346.png,data/raw/TBX11K/imgs/test/unknown_346.png,512,512,OK
TBX11K,unknown_2497.png,data/raw/TBX11K/imgs/test/unknown_2497.png,512,512,OK
TBX11K,unknown_420.png,data/raw/TBX11K/imgs/test/unknown_420.png,512,512,OK
TBX11K,unknown_1820.png,data/raw/TBX11K/imgs/test/unknown_1820.png,512,512,OK
TBX11K,unknown_434.png,data/raw/TBX11K/imgs/test/unknown_434.png,512,512,OK
TBX11K,unknown_1834.png,data/raw/TBX11K/imgs/test/unknown_1834.png,512,512,OK
TBX11K,unknown_2483.png,data/raw/TBX11K/imgs/test/unknown_2483.png,512,512,OK
TBX11K,unknown_352.png,data/raw/TBX11K/imgs/test/unknown_352.png,512,512,OK
TBX11K,unknown_408.png,data/raw/TBX11K/imgs/test/unknown_408.png,512,512,OK
TBX11K,unknown_1808.png,data/raw/TBX11K/imgs/test/unknown_1808.png,512,512,OK
TBX11K,unknown_2520.png,data/raw/TBX11K/imgs/test/unknown_2520.png,512,512,OK
TBX11K,unknown_1029.png,data/raw/TBX11K/imgs/test/unknown_1029.png,512,512,OK
TBX11K,unknown_597.png,data/raw/TBX11K/imgs/test/unknown_597.png,512,512,OK
TBX11K,unknown_1997.png,data/raw/TBX11K/imgs/test/unknown_1997.png,512,512,OK
TBX11K,unknown_3158.png,data/raw/TBX11K/imgs/test/unknown_3158.png,512,512,OK
TBX11K,unknown_2246.png,data/raw/TBX11K/imgs/test/unknown_2246.png,512,512,OK
TBX11K,unknown_2252.png,data/raw/TBX11K/imgs/test/unknown_2252.png,512,512,OK
TBX11K,unknown_583.png,data/raw/TBX11K/imgs/test/unknown_583.png,512,512,OK
TBX11K,unknown_1983.png,data/raw/TBX11K/imgs/test/unknown_1983.png,512,512,OK
TBX11K,unknown_2534.png,data/raw/TBX11K/imgs/test/unknown_2534.png,512,512,OK
TBX11K,unknown_1015.png,data/raw/TBX11K/imgs/test/unknown_1015.png,512,512,OK
TBX11K,unknown_3164.png,data/raw/TBX11K/imgs/test/unknown_3164.png,512,512,OK
TBX11K,unknown_1773.png,data/raw/TBX11K/imgs/test/unknown_1773.png,512,512,OK
TBX11K,unknown_1767.png,data/raw/TBX11K/imgs/test/unknown_1767.png,512,512,OK
TBX11K,unknown_3170.png,data/raw/TBX11K/imgs/test/unknown_3170.png,512,512,OK
TBX11K,unknown_2508.png,data/raw/TBX11K/imgs/test/unknown_2508.png,512,512,OK
TBX11K,unknown_1001.png,data/raw/TBX11K/imgs/test/unknown_1001.png,512,512,OK
TBX11K,unknown_232.png,data/raw/TBX11K/imgs/test/unknown_232.png,512,512,OK
TBX11K,unknown_2285.png,data/raw/TBX11K/imgs/test/unknown_2285.png,512,512,OK
TBX11K,unknown_1954.png,data/raw/TBX11K/imgs/test/unknown_1954.png,512,512,OK
TBX11K,unknown_554.png,data/raw/TBX11K/imgs/test/unknown_554.png,512,512,OK
TBX11K,unknown_1940.png,data/raw/TBX11K/imgs/test/unknown_1940.png,512,512,OK
TBX11K,unknown_1798.png,data/raw/TBX11K/imgs/test/unknown_1798.png,512,512,OK
TBX11K,unknown_540.png,data/raw/TBX11K/imgs/test/unknown_540.png,512,512,OK
TBX11K,unknown_2291.png,data/raw/TBX11K/imgs/test/unknown_2291.png,512,512,OK
TBX11K,unknown_226.png,data/raw/TBX11K/imgs/test/unknown_226.png,512,512,OK
TBX11K,unknown_1968.png,data/raw/TBX11K/imgs/test/unknown_1968.png,512,512,OK
TBX11K,unknown_568.png,data/raw/TBX11K/imgs/test/unknown_568.png,512,512,OK
TBX11K,unknown_2044.png,data/raw/TBX11K/imgs/test/unknown_2044.png,512,512,OK
TBX11K,unknown_795.png,data/raw/TBX11K/imgs/test/unknown_795.png,512,512,OK
TBX11K,unknown_2722.png,data/raw/TBX11K/imgs/test/unknown_2722.png,512,512,OK
TBX11K,unknown_2736.png,data/raw/TBX11K/imgs/test/unknown_2736.png,512,512,OK
TBX11K,unknown_959.png,data/raw/TBX11K/imgs/test/unknown_959.png,512,512,OK
TBX11K,unknown_781.png,data/raw/TBX11K/imgs/test/unknown_781.png,512,512,OK
TBX11K,unknown_1559.png,data/raw/TBX11K/imgs/test/unknown_1559.png,512,512,OK
TBX11K,unknown_2050.png,data/raw/TBX11K/imgs/test/unknown_2050.png,512,512,OK
TBX11K,unknown_971.png,data/raw/TBX11K/imgs/test/unknown_971.png,512,512,OK
TBX11K,unknown_1571.png,data/raw/TBX11K/imgs/test/unknown_1571.png,512,512,OK
TBX11K,unknown_2078.png,data/raw/TBX11K/imgs/test/unknown_2078.png,512,512,OK
TBX11K,unknown_1217.png,data/raw/TBX11K/imgs/test/unknown_1217.png,512,512,OK
TBX11K,unknown_1203.png,data/raw/TBX11K/imgs/test/unknown_1203.png,512,512,OK
TBX11K,unknown_965.png,data/raw/TBX11K/imgs/test/unknown_965.png,512,512,OK
TBX11K,unknown_1565.png,data/raw/TBX11K/imgs/test/unknown_1565.png,512,512,OK
TBX11K,unknown_756.png,data/raw/TBX11K/imgs/test/unknown_756.png,512,512,OK
TBX11K,unknown_2087.png,data/raw/TBX11K/imgs/test/unknown_2087.png,512,512,OK
TBX11K,unknown_2939.png,data/raw/TBX11K/imgs/test/unknown_2939.png,512,512,OK
TBX11K,unknown_2093.png,data/raw/TBX11K/imgs/test/unknown_2093.png,512,512,OK
TBX11K,unknown_742.png,data/raw/TBX11K/imgs/test/unknown_742.png,512,512,OK
TBX11K,unknown_2905.png,data/raw/TBX11K/imgs/test/unknown_2905.png,512,512,OK
TBX11K,unknown_2911.png,data/raw/TBX11K/imgs/test/unknown_2911.png,512,512,OK
TBX11K,unknown_2907.png,data/raw/TBX11K/imgs/test/unknown_2907.png,512,512,OK
TBX11K,unknown_768.png,data/raw/TBX11K/imgs/test/unknown_768.png,512,512,OK
TBX11K,unknown_2913.png,data/raw/TBX11K/imgs/test/unknown_2913.png,512,512,OK
TBX11K,unknown_2085.png,data/raw/TBX11K/imgs/test/unknown_2085.png,512,512,OK
TBX11K,unknown_754.png,data/raw/TBX11K/imgs/test/unknown_754.png,512,512,OK
TBX11K,unknown_998.png,data/raw/TBX11K/imgs/test/unknown_998.png,512,512,OK
TBX11K,unknown_740.png,data/raw/TBX11K/imgs/test/unknown_740.png,512,512,OK
TBX11K,unknown_1598.png,data/raw/TBX11K/imgs/test/unknown_1598.png,512,512,OK
TBX11K,unknown_2091.png,data/raw/TBX11K/imgs/test/unknown_2091.png,512,512,OK
TBX11K,unknown_1215.png,data/raw/TBX11K/imgs/test/unknown_1215.png,512,512,OK
TBX11K,unknown_1573.png,data/raw/TBX11K/imgs/test/unknown_1573.png,512,512,OK
TBX11K,unknown_973.png,data/raw/TBX11K/imgs/test/unknown_973.png,512,512,OK
TBX11K,unknown_1567.png,data/raw/TBX11K/imgs/test/unknown_1567.png,512,512,OK
TBX11K,unknown_967.png,data/raw/TBX11K/imgs/test/unknown_967.png,512,512,OK
TBX11K,unknown_2708.png,data/raw/TBX11K/imgs/test/unknown_2708.png,512,512,OK
TBX11K,unknown_1201.png,data/raw/TBX11K/imgs/test/unknown_1201.png,512,512,OK
TBX11K,unknown_2720.png,data/raw/TBX11K/imgs/test/unknown_2720.png,512,512,OK
TBX11K,unknown_1229.png,data/raw/TBX11K/imgs/test/unknown_1229.png,512,512,OK
TBX11K,unknown_797.png,data/raw/TBX11K/imgs/test/unknown_797.png,512,512,OK
TBX11K,unknown_2046.png,data/raw/TBX11K/imgs/test/unknown_2046.png,512,512,OK
TBX11K,unknown_2052.png,data/raw/TBX11K/imgs/test/unknown_2052.png,512,512,OK
TBX11K,unknown_783.png,data/raw/TBX11K/imgs/test/unknown_783.png,512,512,OK
TBX11K,unknown_2734.png,data/raw/TBX11K/imgs/test/unknown_2734.png,512,512,OK
TBX11K,unknown_218.png,data/raw/TBX11K/imgs/test/unknown_218.png,512,512,OK
TBX11K,unknown_556.png,data/raw/TBX11K/imgs/test/unknown_556.png,512,512,OK
TBX11K,unknown_1956.png,data/raw/TBX11K/imgs/test/unknown_1956.png,512,512,OK
TBX11K,unknown_3199.png,data/raw/TBX11K/imgs/test/unknown_3199.png,512,512,OK
TBX11K,unknown_2287.png,data/raw/TBX11K/imgs/test/unknown_2287.png,512,512,OK
TBX11K,unknown_230.png,data/raw/TBX11K/imgs/test/unknown_230.png,512,512,OK
TBX11K,unknown_224.png,data/raw/TBX11K/imgs/test/unknown_224.png,512,512,OK
TBX11K,unknown_2293.png,data/raw/TBX11K/imgs/test/unknown_2293.png,512,512,OK
TBX11K,unknown_542.png,data/raw/TBX11K/imgs/test/unknown_542.png,512,512,OK
TBX11K,unknown_1942.png,data/raw/TBX11K/imgs/test/unknown_1942.png,512,512,OK
TBX11K,unknown_1771.png,data/raw/TBX11K/imgs/test/unknown_1771.png,512,512,OK
TBX11K,unknown_2278.png,data/raw/TBX11K/imgs/test/unknown_2278.png,512,512,OK
TBX11K,unknown_3166.png,data/raw/TBX11K/imgs/test/unknown_3166.png,512,512,OK
TBX11K,unknown_1017.png,data/raw/TBX11K/imgs/test/unknown_1017.png,512,512,OK
TBX11K,unknown_1003.png,data/raw/TBX11K/imgs/test/unknown_1003.png,512,512,OK
TBX11K,unknown_3172.png,data/raw/TBX11K/imgs/test/unknown_3172.png,512,512,OK
TBX11K,unknown_1765.png,data/raw/TBX11K/imgs/test/unknown_1765.png,512,512,OK
TBX11K,unknown_2244.png,data/raw/TBX11K/imgs/test/unknown_2244.png,512,512,OK
TBX11K,unknown_1995.png,data/raw/TBX11K/imgs/test/unknown_1995.png,512,512,OK
TBX11K,unknown_595.png,data/raw/TBX11K/imgs/test/unknown_595.png,512,512,OK
TBX11K,unknown_2522.png,data/raw/TBX11K/imgs/test/unknown_2522.png,512,512,OK
TBX11K,unknown_2536.png,data/raw/TBX11K/imgs/test/unknown_2536.png,512,512,OK
TBX11K,unknown_1981.png,data/raw/TBX11K/imgs/test/unknown_1981.png,512,512,OK
TBX11K,unknown_1759.png,data/raw/TBX11K/imgs/test/unknown_1759.png,512,512,OK
TBX11K,unknown_581.png,data/raw/TBX11K/imgs/test/unknown_581.png,512,512,OK
TBX11K,unknown_2250.png,data/raw/TBX11K/imgs/test/unknown_2250.png,512,512,OK
TBX11K,unknown_378.png,data/raw/TBX11K/imgs/test/unknown_378.png,512,512,OK
TBX11K,unknown_1822.png,data/raw/TBX11K/imgs/test/unknown_1822.png,512,512,OK
TBX11K,unknown_422.png,data/raw/TBX11K/imgs/test/unknown_422.png,512,512,OK
TBX11K,unknown_2495.png,data/raw/TBX11K/imgs/test/unknown_2495.png,512,512,OK
TBX11K,unknown_344.png,data/raw/TBX11K/imgs/test/unknown_344.png,512,512,OK
TBX11K,unknown_1188.png,data/raw/TBX11K/imgs/test/unknown_1188.png,512,512,OK
TBX11K,unknown_350.png,data/raw/TBX11K/imgs/test/unknown_350.png,512,512,OK
TBX11K,unknown_2481.png,data/raw/TBX11K/imgs/test/unknown_2481.png,512,512,OK
TBX11K,unknown_1836.png,data/raw/TBX11K/imgs/test/unknown_1836.png,512,512,OK
TBX11K,unknown_436.png,data/raw/TBX11K/imgs/test/unknown_436.png,512,512,OK
TBX11K,unknown_1605.png,data/raw/TBX11K/imgs/test/unknown_1605.png,512,512,OK
TBX11K,unknown_3012.png,data/raw/TBX11K/imgs/test/unknown_3012.png,512,512,OK
TBX11K,unknown_1163.png,data/raw/TBX11K/imgs/test/unknown_1163.png,512,512,OK
TBX11K,unknown_1177.png,data/raw/TBX11K/imgs/test/unknown_1177.png,512,512,OK
TBX11K,unknown_3006.png,data/raw/TBX11K/imgs/test/unknown_3006.png,512,512,OK
TBX11K,unknown_2318.png,data/raw/TBX11K/imgs/test/unknown_2318.png,512,512,OK
TBX11K,unknown_1611.png,data/raw/TBX11K/imgs/test/unknown_1611.png,512,512,OK
TBX11K,unknown_2330.png,data/raw/TBX11K/imgs/test/unknown_2330.png,512,512,OK
TBX11K,unknown_1639.png,data/raw/TBX11K/imgs/test/unknown_1639.png,512,512,OK
TBX11K,unknown_387.png,data/raw/TBX11K/imgs/test/unknown_387.png,512,512,OK
TBX11K,unknown_2456.png,data/raw/TBX11K/imgs/test/unknown_2456.png,512,512,OK
TBX11K,unknown_2442.png,data/raw/TBX11K/imgs/test/unknown_2442.png,512,512,OK
TBX11K,unknown_393.png,data/raw/TBX11K/imgs/test/unknown_393.png,512,512,OK
TBX11K,unknown_2324.png,data/raw/TBX11K/imgs/test/unknown_2324.png,512,512,OK
TBX11K,unknown_88.png,data/raw/TBX11K/imgs/test/unknown_88.png,512,512,OK
TBX11K,unknown_2873.png,data/raw/TBX11K/imgs/test/unknown_2873.png,512,512,OK
TBX11K,unknown_608.png,data/raw/TBX11K/imgs/test/unknown_608.png,512,512,OK
TBX11K,unknown_2867.png,data/raw/TBX11K/imgs/test/unknown_2867.png,512,512,OK
TBX11K,unknown_146.png,data/raw/TBX11K/imgs/test/unknown_146.png,512,512,OK
TBX11K,unknown_2697.png,data/raw/TBX11K/imgs/test/unknown_2697.png,512,512,OK
TBX11K,unknown_620.png,data/raw/TBX11K/imgs/test/unknown_620.png,512,512,OK
TBX11K,unknown_634.png,data/raw/TBX11K/imgs/test/unknown_634.png,512,512,OK
TBX11K,unknown_2683.png,data/raw/TBX11K/imgs/test/unknown_2683.png,512,512,OK
TBX11K,unknown_152.png,data/raw/TBX11K/imgs/test/unknown_152.png,512,512,OK
TBX11K,unknown_1361.png,data/raw/TBX11K/imgs/test/unknown_1361.png,512,512,OK
TBX11K,unknown_2668.png,data/raw/TBX11K/imgs/test/unknown_2668.png,512,512,OK
TBX11K,unknown_3210.png,data/raw/TBX11K/imgs/test/unknown_3210.png,512,512,OK
TBX11K,unknown_807.png,data/raw/TBX11K/imgs/test/unknown_807.png,512,512,OK
TBX11K,unknown_1407.png,data/raw/TBX11K/imgs/test/unknown_1407.png,512,512,OK
TBX11K,unknown_813.png,data/raw/TBX11K/imgs/test/unknown_813.png,512,512,OK
TBX11K,unknown_1413.png,data/raw/TBX11K/imgs/test/unknown_1413.png,512,512,OK
TBX11K,unknown_3204.png,data/raw/TBX11K/imgs/test/unknown_3204.png,512,512,OK
TBX11K,unknown_1375.png,data/raw/TBX11K/imgs/test/unknown_1375.png,512,512,OK
TBX11K,unknown_77.png,data/raw/TBX11K/imgs/test/unknown_77.png,512,512,OK
TBX11K,unknown_2654.png,data/raw/TBX11K/imgs/test/unknown_2654.png,512,512,OK
TBX11K,unknown_185.png,data/raw/TBX11K/imgs/test/unknown_185.png,512,512,OK
TBX11K,unknown_2132.png,data/raw/TBX11K/imgs/test/unknown_2132.png,512,512,OK
TBX11K,unknown_2126.png,data/raw/TBX11K/imgs/test/unknown_2126.png,512,512,OK
TBX11K,unknown_3238.png,data/raw/TBX11K/imgs/test/unknown_3238.png,512,512,OK
TBX11K,unknown_191.png,data/raw/TBX11K/imgs/test/unknown_191.png,512,512,OK
TBX11K,unknown_1349.png,data/raw/TBX11K/imgs/test/unknown_1349.png,512,512,OK
TBX11K,unknown_2898.png,data/raw/TBX11K/imgs/test/unknown_2898.png,512,512,OK
TBX11K,unknown_63.png,data/raw/TBX11K/imgs/test/unknown_63.png,512,512,OK
TBX11K,unknown_2640.png,data/raw/TBX11K/imgs/test/unknown_2640.png,512,512,OK
TBX11K,unknown_3239.png,data/raw/TBX11K/imgs/test/unknown_3239.png,512,512,OK
TBX11K,unknown_2127.png,data/raw/TBX11K/imgs/test/unknown_2127.png,512,512,OK
TBX11K,unknown_2641.png,data/raw/TBX11K/imgs/test/unknown_2641.png,512,512,OK
TBX11K,unknown_62.png,data/raw/TBX11K/imgs/test/unknown_62.png,512,512,OK
TBX11K,unknown_2899.png,data/raw/TBX11K/imgs/test/unknown_2899.png,512,512,OK
TBX11K,unknown_1348.png,data/raw/TBX11K/imgs/test/unknown_1348.png,512,512,OK
TBX11K,unknown_190.png,data/raw/TBX11K/imgs/test/unknown_190.png,512,512,OK
TBX11K,unknown_184.png,data/raw/TBX11K/imgs/test/unknown_184.png,512,512,OK
TBX11K,unknown_2655.png,data/raw/TBX11K/imgs/test/unknown_2655.png,512,512,OK
TBX11K,unknown_76.png,data/raw/TBX11K/imgs/test/unknown_76.png,512,512,OK
TBX11K,unknown_2133.png,data/raw/TBX11K/imgs/test/unknown_2133.png,512,512,OK
TBX11K,unknown_3205.png,data/raw/TBX11K/imgs/test/unknown_3205.png,512,512,OK
TBX11K,unknown_1412.png,data/raw/TBX11K/imgs/test/unknown_1412.png,512,512,OK
TBX11K,unknown_812.png,data/raw/TBX11K/imgs/test/unknown_812.png,512,512,OK
TBX11K,unknown_1374.png,data/raw/TBX11K/imgs/test/unknown_1374.png,512,512,OK
TBX11K,unknown_2669.png,data/raw/TBX11K/imgs/test/unknown_2669.png,512,512,OK
TBX11K,unknown_1360.png,data/raw/TBX11K/imgs/test/unknown_1360.png,512,512,OK
TBX11K,unknown_1406.png,data/raw/TBX11K/imgs/test/unknown_1406.png,512,512,OK
TBX11K,unknown_806.png,data/raw/TBX11K/imgs/test/unknown_806.png,512,512,OK
TBX11K,unknown_3211.png,data/raw/TBX11K/imgs/test/unknown_3211.png,512,512,OK
TBX11K,unknown_635.png,data/raw/TBX11K/imgs/test/unknown_635.png,512,512,OK
TBX11K,unknown_153.png,data/raw/TBX11K/imgs/test/unknown_153.png,512,512,OK
TBX11K,unknown_2682.png,data/raw/TBX11K/imgs/test/unknown_2682.png,512,512,OK
TBX11K,unknown_2696.png,data/raw/TBX11K/imgs/test/unknown_2696.png,512,512,OK
TBX11K,unknown_147.png,data/raw/TBX11K/imgs/test/unknown_147.png,512,512,OK
TBX11K,unknown_621.png,data/raw/TBX11K/imgs/test/unknown_621.png,512,512,OK
TBX11K,unknown_609.png,data/raw/TBX11K/imgs/test/unknown_609.png,512,512,OK
TBX11K,unknown_2866.png,data/raw/TBX11K/imgs/test/unknown_2866.png,512,512,OK
TBX11K,unknown_2872.png,data/raw/TBX11K/imgs/test/unknown_2872.png,512,512,OK
TBX11K,unknown_89.png,data/raw/TBX11K/imgs/test/unknown_89.png,512,512,OK
TBX11K,unknown_392.png,data/raw/TBX11K/imgs/test/unknown_392.png,512,512,OK
TBX11K,unknown_2443.png,data/raw/TBX11K/imgs/test/unknown_2443.png,512,512,OK
TBX11K,unknown_2325.png,data/raw/TBX11K/imgs/test/unknown_2325.png,512,512,OK
TBX11K,unknown_1638.png,data/raw/TBX11K/imgs/test/unknown_1638.png,512,512,OK
TBX11K,unknown_2331.png,data/raw/TBX11K/imgs/test/unknown_2331.png,512,512,OK
TBX11K,unknown_2457.png,data/raw/TBX11K/imgs/test/unknown_2457.png,512,512,OK
TBX11K,unknown_386.png,data/raw/TBX11K/imgs/test/unknown_386.png,512,512,OK
TBX11K,unknown_1176.png,data/raw/TBX11K/imgs/test/unknown_1176.png,512,512,OK
TBX11K,unknown_1610.png,data/raw/TBX11K/imgs/test/unknown_1610.png,512,512,OK
TBX11K,unknown_2319.png,data/raw/TBX11K/imgs/test/unknown_2319.png,512,512,OK
TBX11K,unknown_3007.png,data/raw/TBX11K/imgs/test/unknown_3007.png,512,512,OK
TBX11K,unknown_3013.png,data/raw/TBX11K/imgs/test/unknown_3013.png,512,512,OK
TBX11K,unknown_1604.png,data/raw/TBX11K/imgs/test/unknown_1604.png,512,512,OK
TBX11K,unknown_1162.png,data/raw/TBX11K/imgs/test/unknown_1162.png,512,512,OK
TBX11K,unknown_2480.png,data/raw/TBX11K/imgs/test/unknown_2480.png,512,512,OK
TBX11K,unknown_351.png,data/raw/TBX11K/imgs/test/unknown_351.png,512,512,OK
TBX11K,unknown_1189.png,data/raw/TBX11K/imgs/test/unknown_1189.png,512,512,OK
TBX11K,unknown_437.png,data/raw/TBX11K/imgs/test/unknown_437.png,512,512,OK
TBX11K,unknown_1837.png,data/raw/TBX11K/imgs/test/unknown_1837.png,512,512,OK
TBX11K,unknown_423.png,data/raw/TBX11K/imgs/test/unknown_423.png,512,512,OK
TBX11K,unknown_1823.png,data/raw/TBX11K/imgs/test/unknown_1823.png,512,512,OK
TBX11K,unknown_345.png,data/raw/TBX11K/imgs/test/unknown_345.png,512,512,OK
TBX11K,unknown_2494.png,data/raw/TBX11K/imgs/test/unknown_2494.png,512,512,OK
TBX11K,unknown_379.png,data/raw/TBX11K/imgs/test/unknown_379.png,512,512,OK
TBX11K,unknown_2537.png,data/raw/TBX11K/imgs/test/unknown_2537.png,512,512,OK
TBX11K,unknown_2251.png,data/raw/TBX11K/imgs/test/unknown_2251.png,512,512,OK
TBX11K,unknown_580.png,data/raw/TBX11K/imgs/test/unknown_580.png,512,512,OK
TBX11K,unknown_1758.png,data/raw/TBX11K/imgs/test/unknown_1758.png,512,512,OK
TBX11K,unknown_1980.png,data/raw/TBX11K/imgs/test/unknown_1980.png,512,512,OK
TBX11K,unknown_594.png,data/raw/TBX11K/imgs/test/unknown_594.png,512,512,OK
TBX11K,unknown_1994.png,data/raw/TBX11K/imgs/test/unknown_1994.png,512,512,OK
TBX11K,unknown_2245.png,data/raw/TBX11K/imgs/test/unknown_2245.png,512,512,OK
TBX11K,unknown_2523.png,data/raw/TBX11K/imgs/test/unknown_2523.png,512,512,OK
TBX11K,unknown_1002.png,data/raw/TBX11K/imgs/test/unknown_1002.png,512,512,OK
TBX11K,unknown_1764.png,data/raw/TBX11K/imgs/test/unknown_1764.png,512,512,OK
TBX11K,unknown_3173.png,data/raw/TBX11K/imgs/test/unknown_3173.png,512,512,OK
TBX11K,unknown_3167.png,data/raw/TBX11K/imgs/test/unknown_3167.png,512,512,OK
TBX11K,unknown_2279.png,data/raw/TBX11K/imgs/test/unknown_2279.png,512,512,OK
TBX11K,unknown_1770.png,data/raw/TBX11K/imgs/test/unknown_1770.png,512,512,OK
TBX11K,unknown_1016.png,data/raw/TBX11K/imgs/test/unknown_1016.png,512,512,OK
TBX11K,unknown_225.png,data/raw/TBX11K/imgs/test/unknown_225.png,512,512,OK
TBX11K,unknown_1943.png,data/raw/TBX11K/imgs/test/unknown_1943.png,512,512,OK
TBX11K,unknown_543.png,data/raw/TBX11K/imgs/test/unknown_543.png,512,512,OK
TBX11K,unknown_2292.png,data/raw/TBX11K/imgs/test/unknown_2292.png,512,512,OK
TBX11K,unknown_2286.png,data/raw/TBX11K/imgs/test/unknown_2286.png,512,512,OK
TBX11K,unknown_3198.png,data/raw/TBX11K/imgs/test/unknown_3198.png,512,512,OK
TBX11K,unknown_1957.png,data/raw/TBX11K/imgs/test/unknown_1957.png,512,512,OK
TBX11K,unknown_557.png,data/raw/TBX11K/imgs/test/unknown_557.png,512,512,OK
TBX11K,unknown_231.png,data/raw/TBX11K/imgs/test/unknown_231.png,512,512,OK
TBX11K,unknown_219.png,data/raw/TBX11K/imgs/test/unknown_219.png,512,512,OK
TBX11K,unknown_782.png,data/raw/TBX11K/imgs/test/unknown_782.png,512,512,OK
TBX11K,unknown_2053.png,data/raw/TBX11K/imgs/test/unknown_2053.png,512,512,OK
TBX11K,unknown_2735.png,data/raw/TBX11K/imgs/test/unknown_2735.png,512,512,OK
TBX11K,unknown_1228.png,data/raw/TBX11K/imgs/test/unknown_1228.png,512,512,OK
TBX11K,unknown_2721.png,data/raw/TBX11K/imgs/test/unknown_2721.png,512,512,OK
TBX11K,unknown_2047.png,data/raw/TBX11K/imgs/test/unknown_2047.png,512,512,OK
TBX11K,unknown_796.png,data/raw/TBX11K/imgs/test/unknown_796.png,512,512,OK
TBX11K,unknown_966.png,data/raw/TBX11K/imgs/test/unknown_966.png,512,512,OK
TBX11K,unknown_1566.png,data/raw/TBX11K/imgs/test/unknown_1566.png,512,512,OK
TBX11K,unknown_1200.png,data/raw/TBX11K/imgs/test/unknown_1200.png,512,512,OK
TBX11K,unknown_2709.png,data/raw/TBX11K/imgs/test/unknown_2709.png,512,512,OK
TBX11K,unknown_1214.png,data/raw/TBX11K/imgs/test/unknown_1214.png,512,512,OK
TBX11K,unknown_972.png,data/raw/TBX11K/imgs/test/unknown_972.png,512,512,OK
TBX11K,unknown_1572.png,data/raw/TBX11K/imgs/test/unknown_1572.png,512,512,OK
TBX11K,unknown_2090.png,data/raw/TBX11K/imgs/test/unknown_2090.png,512,512,OK
TBX11K,unknown_1599.png,data/raw/TBX11K/imgs/test/unknown_1599.png,512,512,OK
TBX11K,unknown_741.png,data/raw/TBX11K/imgs/test/unknown_741.png,512,512,OK
TBX11K,unknown_999.png,data/raw/TBX11K/imgs/test/unknown_999.png,512,512,OK
TBX11K,unknown_755.png,data/raw/TBX11K/imgs/test/unknown_755.png,512,512,OK
TBX11K,unknown_2084.png,data/raw/TBX11K/imgs/test/unknown_2084.png,512,512,OK
TBX11K,unknown_2912.png,data/raw/TBX11K/imgs/test/unknown_2912.png,512,512,OK
TBX11K,unknown_2906.png,data/raw/TBX11K/imgs/test/unknown_2906.png,512,512,OK
TBX11K,unknown_769.png,data/raw/TBX11K/imgs/test/unknown_769.png,512,512,OK
TBX11K,unknown_2080.png,data/raw/TBX11K/imgs/test/unknown_2080.png,512,512,OK
TBX11K,unknown_989.png,data/raw/TBX11K/imgs/test/unknown_989.png,512,512,OK
TBX11K,unknown_751.png,data/raw/TBX11K/imgs/test/unknown_751.png,512,512,OK
TBX11K,unknown_1589.png,data/raw/TBX11K/imgs/test/unknown_1589.png,512,512,OK
TBX11K,unknown_745.png,data/raw/TBX11K/imgs/test/unknown_745.png,512,512,OK
TBX11K,unknown_2094.png,data/raw/TBX11K/imgs/test/unknown_2094.png,512,512,OK
TBX11K,unknown_2902.png,data/raw/TBX11K/imgs/test/unknown_2902.png,512,512,OK
TBX11K,unknown_2916.png,data/raw/TBX11K/imgs/test/unknown_2916.png,512,512,OK
TBX11K,unknown_779.png,data/raw/TBX11K/imgs/test/unknown_779.png,512,512,OK
TBX11K,unknown_792.png,data/raw/TBX11K/imgs/test/unknown_792.png,512,512,OK
TBX11K,unknown_2043.png,data/raw/TBX11K/imgs/test/unknown_2043.png,512,512,OK
TBX11K,unknown_2725.png,data/raw/TBX11K/imgs/test/unknown_2725.png,512,512,OK
TBX11K,unknown_1238.png,data/raw/TBX11K/imgs/test/unknown_1238.png,512,512,OK
TBX11K,unknown_2731.png,data/raw/TBX11K/imgs/test/unknown_2731.png,512,512,OK
TBX11K,unknown_2057.png,data/raw/TBX11K/imgs/test/unknown_2057.png,512,512,OK
TBX11K,unknown_786.png,data/raw/TBX11K/imgs/test/unknown_786.png,512,512,OK
TBX11K,unknown_1576.png,data/raw/TBX11K/imgs/test/unknown_1576.png,512,512,OK
TBX11K,unknown_976.png,data/raw/TBX11K/imgs/test/unknown_976.png,512,512,OK
TBX11K,unknown_1210.png,data/raw/TBX11K/imgs/test/unknown_1210.png,512,512,OK
TBX11K,unknown_2719.png,data/raw/TBX11K/imgs/test/unknown_2719.png,512,512,OK
TBX11K,unknown_1204.png,data/raw/TBX11K/imgs/test/unknown_1204.png,512,512,OK
TBX11K,unknown_1562.png,data/raw/TBX11K/imgs/test/unknown_1562.png,512,512,OK
TBX11K,unknown_962.png,data/raw/TBX11K/imgs/test/unknown_962.png,512,512,OK
TBX11K,unknown_235.png,data/raw/TBX11K/imgs/test/unknown_235.png,512,512,OK
TBX11K,unknown_553.png,data/raw/TBX11K/imgs/test/unknown_553.png,512,512,OK
TBX11K,unknown_1953.png,data/raw/TBX11K/imgs/test/unknown_1953.png,512,512,OK
TBX11K,unknown_2282.png,data/raw/TBX11K/imgs/test/unknown_2282.png,512,512,OK
TBX11K,unknown_3188.png,data/raw/TBX11K/imgs/test/unknown_3188.png,512,512,OK
TBX11K,unknown_2296.png,data/raw/TBX11K/imgs/test/unknown_2296.png,512,512,OK
TBX11K,unknown_547.png,data/raw/TBX11K/imgs/test/unknown_547.png,512,512,OK
TBX11K,unknown_1947.png,data/raw/TBX11K/imgs/test/unknown_1947.png,512,512,OK
TBX11K,unknown_221.png,data/raw/TBX11K/imgs/test/unknown_221.png,512,512,OK
TBX11K,unknown_209.png,data/raw/TBX11K/imgs/test/unknown_209.png,512,512,OK
TBX11K,unknown_2527.png,data/raw/TBX11K/imgs/test/unknown_2527.png,512,512,OK
TBX11K,unknown_2241.png,data/raw/TBX11K/imgs/test/unknown_2241.png,512,512,OK
TBX11K,unknown_1990.png,data/raw/TBX11K/imgs/test/unknown_1990.png,512,512,OK
TBX11K,unknown_1748.png,data/raw/TBX11K/imgs/test/unknown_1748.png,512,512,OK
TBX11K,unknown_590.png,data/raw/TBX11K/imgs/test/unknown_590.png,512,512,OK
TBX11K,unknown_1984.png,data/raw/TBX11K/imgs/test/unknown_1984.png,512,512,OK
TBX11K,unknown_584.png,data/raw/TBX11K/imgs/test/unknown_584.png,512,512,OK
TBX11K,unknown_2255.png,data/raw/TBX11K/imgs/test/unknown_2255.png,512,512,OK
TBX11K,unknown_2533.png,data/raw/TBX11K/imgs/test/unknown_2533.png,512,512,OK
TBX11K,unknown_1012.png,data/raw/TBX11K/imgs/test/unknown_1012.png,512,512,OK
TBX11K,unknown_1774.png,data/raw/TBX11K/imgs/test/unknown_1774.png,512,512,OK
TBX11K,unknown_3163.png,data/raw/TBX11K/imgs/test/unknown_3163.png,512,512,OK
TBX11K,unknown_2269.png,data/raw/TBX11K/imgs/test/unknown_2269.png,512,512,OK
TBX11K,unknown_3177.png,data/raw/TBX11K/imgs/test/unknown_3177.png,512,512,OK
TBX11K,unknown_1760.png,data/raw/TBX11K/imgs/test/unknown_1760.png,512,512,OK
TBX11K,unknown_1006.png,data/raw/TBX11K/imgs/test/unknown_1006.png,512,512,OK
TBX11K,unknown_2490.png,data/raw/TBX11K/imgs/test/unknown_2490.png,512,512,OK
TBX11K,unknown_1199.png,data/raw/TBX11K/imgs/test/unknown_1199.png,512,512,OK
TBX11K,unknown_341.png,data/raw/TBX11K/imgs/test/unknown_341.png,512,512,OK
TBX11K,unknown_1827.png,data/raw/TBX11K/imgs/test/unknown_1827.png,512,512,OK
TBX11K,unknown_427.png,data/raw/TBX11K/imgs/test/unknown_427.png,512,512,OK
TBX11K,unknown_1833.png,data/raw/TBX11K/imgs/test/unknown_1833.png,512,512,OK
TBX11K,unknown_433.png,data/raw/TBX11K/imgs/test/unknown_433.png,512,512,OK
TBX11K,unknown_355.png,data/raw/TBX11K/imgs/test/unknown_355.png,512,512,OK
TBX11K,unknown_2484.png,data/raw/TBX11K/imgs/test/unknown_2484.png,512,512,OK
TBX11K,unknown_8.png,data/raw/TBX11K/imgs/test/unknown_8.png,512,512,OK
TBX11K,unknown_369.png,data/raw/TBX11K/imgs/test/unknown_369.png,512,512,OK
TBX11K,unknown_382.png,data/raw/TBX11K/imgs/test/unknown_382.png,512,512,OK
TBX11K,unknown_2453.png,data/raw/TBX11K/imgs/test/unknown_2453.png,512,512,OK
TBX11K,unknown_2335.png,data/raw/TBX11K/imgs/test/unknown_2335.png,512,512,OK
TBX11K,unknown_1628.png,data/raw/TBX11K/imgs/test/unknown_1628.png,512,512,OK
TBX11K,unknown_2321.png,data/raw/TBX11K/imgs/test/unknown_2321.png,512,512,OK
TBX11K,unknown_2447.png,data/raw/TBX11K/imgs/test/unknown_2447.png,512,512,OK
TBX11K,unknown_396.png,data/raw/TBX11K/imgs/test/unknown_396.png,512,512,OK
TBX11K,unknown_1166.png,data/raw/TBX11K/imgs/test/unknown_1166.png,512,512,OK
TBX11K,unknown_1600.png,data/raw/TBX11K/imgs/test/unknown_1600.png,512,512,OK
TBX11K,unknown_3017.png,data/raw/TBX11K/imgs/test/unknown_3017.png,512,512,OK
TBX11K,unknown_2309.png,data/raw/TBX11K/imgs/test/unknown_2309.png,512,512,OK
TBX11K,unknown_3003.png,data/raw/TBX11K/imgs/test/unknown_3003.png,512,512,OK
TBX11K,unknown_1614.png,data/raw/TBX11K/imgs/test/unknown_1614.png,512,512,OK
TBX11K,unknown_1172.png,data/raw/TBX11K/imgs/test/unknown_1172.png,512,512,OK
TBX11K,unknown_625.png,data/raw/TBX11K/imgs/test/unknown_625.png,512,512,OK
TBX11K,unknown_143.png,data/raw/TBX11K/imgs/test/unknown_143.png,512,512,OK
TBX11K,unknown_2692.png,data/raw/TBX11K/imgs/test/unknown_2692.png,512,512,OK
TBX11K,unknown_2686.png,data/raw/TBX11K/imgs/test/unknown_2686.png,512,512,OK
TBX11K,unknown_157.png,data/raw/TBX11K/imgs/test/unknown_157.png,512,512,OK
TBX11K,unknown_631.png,data/raw/TBX11K/imgs/test/unknown_631.png,512,512,OK
TBX11K,unknown_619.png,data/raw/TBX11K/imgs/test/unknown_619.png,512,512,OK
TBX11K,unknown_2876.png,data/raw/TBX11K/imgs/test/unknown_2876.png,512,512,OK
TBX11K,unknown_99.png,data/raw/TBX11K/imgs/test/unknown_99.png,512,512,OK
TBX11K,unknown_2862.png,data/raw/TBX11K/imgs/test/unknown_2862.png,512,512,OK
TBX11K,unknown_2137.png,data/raw/TBX11K/imgs/test/unknown_2137.png,512,512,OK
TBX11K,unknown_3229.png,data/raw/TBX11K/imgs/test/unknown_3229.png,512,512,OK
TBX11K,unknown_2889.png,data/raw/TBX11K/imgs/test/unknown_2889.png,512,512,OK
TBX11K,unknown_2651.png,data/raw/TBX11K/imgs/test/unknown_2651.png,512,512,OK
TBX11K,unknown_72.png,data/raw/TBX11K/imgs/test/unknown_72.png,512,512,OK
TBX11K,unknown_180.png,data/raw/TBX11K/imgs/test/unknown_180.png,512,512,OK
TBX11K,unknown_1358.png,data/raw/TBX11K/imgs/test/unknown_1358.png,512,512,OK
TBX11K,unknown_194.png,data/raw/TBX11K/imgs/test/unknown_194.png,512,512,OK
TBX11K,unknown_2645.png,data/raw/TBX11K/imgs/test/unknown_2645.png,512,512,OK
TBX11K,unknown_66.png,data/raw/TBX11K/imgs/test/unknown_66.png,512,512,OK
TBX11K,unknown_2123.png,data/raw/TBX11K/imgs/test/unknown_2123.png,512,512,OK
TBX11K,unknown_3215.png,data/raw/TBX11K/imgs/test/unknown_3215.png,512,512,OK
TBX11K,unknown_802.png,data/raw/TBX11K/imgs/test/unknown_802.png,512,512,OK
TBX11K,unknown_1402.png,data/raw/TBX11K/imgs/test/unknown_1402.png,512,512,OK
TBX11K,unknown_1364.png,data/raw/TBX11K/imgs/test/unknown_1364.png,512,512,OK
TBX11K,unknown_2679.png,data/raw/TBX11K/imgs/test/unknown_2679.png,512,512,OK
TBX11K,unknown_1370.png,data/raw/TBX11K/imgs/test/unknown_1370.png,512,512,OK
TBX11K,unknown_816.png,data/raw/TBX11K/imgs/test/unknown_816.png,512,512,OK
TBX11K,unknown_1416.png,data/raw/TBX11K/imgs/test/unknown_1416.png,512,512,OK
TBX11K,unknown_3201.png,data/raw/TBX11K/imgs/test/unknown_3201.png,512,512,OK
TBX11K,unknown_1371.png,data/raw/TBX11K/imgs/test/unknown_1371.png,512,512,OK
TBX11K,unknown_2678.png,data/raw/TBX11K/imgs/test/unknown_2678.png,512,512,OK
TBX11K,unknown_3200.png,data/raw/TBX11K/imgs/test/unknown_3200.png,512,512,OK
TBX11K,unknown_1417.png,data/raw/TBX11K/imgs/test/unknown_1417.png,512,512,OK
TBX11K,unknown_817.png,data/raw/TBX11K/imgs/test/unknown_817.png,512,512,OK
TBX11K,unknown_1403.png,data/raw/TBX11K/imgs/test/unknown_1403.png,512,512,OK
TBX11K,unknown_803.png,data/raw/TBX11K/imgs/test/unknown_803.png,512,512,OK
TBX11K,unknown_3214.png,data/raw/TBX11K/imgs/test/unknown_3214.png,512,512,OK
TBX11K,unknown_1365.png,data/raw/TBX11K/imgs/test/unknown_1365.png,512,512,OK
TBX11K,unknown_67.png,data/raw/TBX11K/imgs/test/unknown_67.png,512,512,OK
TBX11K,unknown_2644.png,data/raw/TBX11K/imgs/test/unknown_2644.png,512,512,OK
TBX11K,unknown_195.png,data/raw/TBX11K/imgs/test/unknown_195.png,512,512,OK
TBX11K,unknown_2122.png,data/raw/TBX11K/imgs/test/unknown_2122.png,512,512,OK
TBX11K,unknown_3228.png,data/raw/TBX11K/imgs/test/unknown_3228.png,512,512,OK
TBX11K,unknown_2136.png,data/raw/TBX11K/imgs/test/unknown_2136.png,512,512,OK
TBX11K,unknown_1359.png,data/raw/TBX11K/imgs/test/unknown_1359.png,512,512,OK
TBX11K,unknown_181.png,data/raw/TBX11K/imgs/test/unknown_181.png,512,512,OK
TBX11K,unknown_73.png,data/raw/TBX11K/imgs/test/unknown_73.png,512,512,OK
TBX11K,unknown_2650.png,data/raw/TBX11K/imgs/test/unknown_2650.png,512,512,OK
TBX11K,unknown_2888.png,data/raw/TBX11K/imgs/test/unknown_2888.png,512,512,OK
TBX11K,unknown_2863.png,data/raw/TBX11K/imgs/test/unknown_2863.png,512,512,OK
TBX11K,unknown_98.png,data/raw/TBX11K/imgs/test/unknown_98.png,512,512,OK
TBX11K,unknown_618.png,data/raw/TBX11K/imgs/test/unknown_618.png,512,512,OK
TBX11K,unknown_2877.png,data/raw/TBX11K/imgs/test/unknown_2877.png,512,512,OK
TBX11K,unknown_156.png,data/raw/TBX11K/imgs/test/unknown_156.png,512,512,OK
TBX11K,unknown_2687.png,data/raw/TBX11K/imgs/test/unknown_2687.png,512,512,OK
TBX11K,unknown_630.png,data/raw/TBX11K/imgs/test/unknown_630.png,512,512,OK
TBX11K,unknown_624.png,data/raw/TBX11K/imgs/test/unknown_624.png,512,512,OK
TBX11K,unknown_2693.png,data/raw/TBX11K/imgs/test/unknown_2693.png,512,512,OK
TBX11K,unknown_142.png,data/raw/TBX11K/imgs/test/unknown_142.png,512,512,OK
TBX11K,unknown_1615.png,data/raw/TBX11K/imgs/test/unknown_1615.png,512,512,OK
TBX11K,unknown_3002.png,data/raw/TBX11K/imgs/test/unknown_3002.png,512,512,OK
TBX11K,unknown_1173.png,data/raw/TBX11K/imgs/test/unknown_1173.png,512,512,OK
TBX11K,unknown_1167.png,data/raw/TBX11K/imgs/test/unknown_1167.png,512,512,OK
TBX11K,unknown_2308.png,data/raw/TBX11K/imgs/test/unknown_2308.png,512,512,OK
TBX11K,unknown_3016.png,data/raw/TBX11K/imgs/test/unknown_3016.png,512,512,OK
TBX11K,unknown_1601.png,data/raw/TBX11K/imgs/test/unknown_1601.png,512,512,OK
TBX11K,unknown_2320.png,data/raw/TBX11K/imgs/test/unknown_2320.png,512,512,OK
TBX11K,unknown_1629.png,data/raw/TBX11K/imgs/test/unknown_1629.png,512,512,OK
TBX11K,unknown_397.png,data/raw/TBX11K/imgs/test/unknown_397.png,512,512,OK
TBX11K,unknown_2446.png,data/raw/TBX11K/imgs/test/unknown_2446.png,512,512,OK
TBX11K,unknown_2452.png,data/raw/TBX11K/imgs/test/unknown_2452.png,512,512,OK
TBX11K,unknown_383.png,data/raw/TBX11K/imgs/test/unknown_383.png,512,512,OK
TBX11K,unknown_2334.png,data/raw/TBX11K/imgs/test/unknown_2334.png,512,512,OK
TBX11K,unknown_368.png,data/raw/TBX11K/imgs/test/unknown_368.png,512,512,OK
TBX11K,unknown_9.png,data/raw/TBX11K/imgs/test/unknown_9.png,512,512,OK
TBX11K,unknown_432.png,data/raw/TBX11K/imgs/test/unknown_432.png,512,512,OK
TBX11K,unknown_1832.png,data/raw/TBX11K/imgs/test/unknown_1832.png,512,512,OK
TBX11K,unknown_2485.png,data/raw/TBX11K/imgs/test/unknown_2485.png,512,512,OK
TBX11K,unknown_354.png,data/raw/TBX11K/imgs/test/unknown_354.png,512,512,OK
TBX11K,unknown_340.png,data/raw/TBX11K/imgs/test/unknown_340.png,512,512,OK
TBX11K,unknown_1198.png,data/raw/TBX11K/imgs/test/unknown_1198.png,512,512,OK
TBX11K,unknown_2491.png,data/raw/TBX11K/imgs/test/unknown_2491.png,512,512,OK
TBX11K,unknown_426.png,data/raw/TBX11K/imgs/test/unknown_426.png,512,512,OK
TBX11K,unknown_1826.png,data/raw/TBX11K/imgs/test/unknown_1826.png,512,512,OK
TBX11K,unknown_1761.png,data/raw/TBX11K/imgs/test/unknown_1761.png,512,512,OK
TBX11K,unknown_3176.png,data/raw/TBX11K/imgs/test/unknown_3176.png,512,512,OK
TBX11K,unknown_2268.png,data/raw/TBX11K/imgs/test/unknown_2268.png,512,512,OK
TBX11K,unknown_1007.png,data/raw/TBX11K/imgs/test/unknown_1007.png,512,512,OK
TBX11K,unknown_1013.png,data/raw/TBX11K/imgs/test/unknown_1013.png,512,512,OK
TBX11K,unknown_3162.png,data/raw/TBX11K/imgs/test/unknown_3162.png,512,512,OK
TBX11K,unknown_1775.png,data/raw/TBX11K/imgs/test/unknown_1775.png,512,512,OK
TBX11K,unknown_2254.png,data/raw/TBX11K/imgs/test/unknown_2254.png,512,512,OK
TBX11K,unknown_585.png,data/raw/TBX11K/imgs/test/unknown_585.png,512,512,OK
TBX11K,unknown_1985.png,data/raw/TBX11K/imgs/test/unknown_1985.png,512,512,OK
TBX11K,unknown_2532.png,data/raw/TBX11K/imgs/test/unknown_2532.png,512,512,OK
TBX11K,unknown_2526.png,data/raw/TBX11K/imgs/test/unknown_2526.png,512,512,OK
TBX11K,unknown_591.png,data/raw/TBX11K/imgs/test/unknown_591.png,512,512,OK
TBX11K,unknown_1749.png,data/raw/TBX11K/imgs/test/unknown_1749.png,512,512,OK
TBX11K,unknown_1991.png,data/raw/TBX11K/imgs/test/unknown_1991.png,512,512,OK
TBX11K,unknown_2240.png,data/raw/TBX11K/imgs/test/unknown_2240.png,512,512,OK
TBX11K,unknown_208.png,data/raw/TBX11K/imgs/test/unknown_208.png,512,512,OK
TBX11K,unknown_1946.png,data/raw/TBX11K/imgs/test/unknown_1946.png,512,512,OK
TBX11K,unknown_546.png,data/raw/TBX11K/imgs/test/unknown_546.png,512,512,OK
TBX11K,unknown_2297.png,data/raw/TBX11K/imgs/test/unknown_2297.png,512,512,OK
TBX11K,unknown_3189.png,data/raw/TBX11K/imgs/test/unknown_3189.png,512,512,OK
TBX11K,unknown_220.png,data/raw/TBX11K/imgs/test/unknown_220.png,512,512,OK
TBX11K,unknown_234.png,data/raw/TBX11K/imgs/test/unknown_234.png,512,512,OK
TBX11K,unknown_2283.png,data/raw/TBX11K/imgs/test/unknown_2283.png,512,512,OK
TBX11K,unknown_1952.png,data/raw/TBX11K/imgs/test/unknown_1952.png,512,512,OK
TBX11K,unknown_552.png,data/raw/TBX11K/imgs/test/unknown_552.png,512,512,OK
TBX11K,unknown_1205.png,data/raw/TBX11K/imgs/test/unknown_1205.png,512,512,OK
TBX11K,unknown_963.png,data/raw/TBX11K/imgs/test/unknown_963.png,512,512,OK
TBX11K,unknown_1563.png,data/raw/TBX11K/imgs/test/unknown_1563.png,512,512,OK
TBX11K,unknown_977.png,data/raw/TBX11K/imgs/test/unknown_977.png,512,512,OK
TBX11K,unknown_1577.png,data/raw/TBX11K/imgs/test/unknown_1577.png,512,512,OK
TBX11K,unknown_2718.png,data/raw/TBX11K/imgs/test/unknown_2718.png,512,512,OK
TBX11K,unknown_1211.png,data/raw/TBX11K/imgs/test/unknown_1211.png,512,512,OK
TBX11K,unknown_2730.png,data/raw/TBX11K/imgs/test/unknown_2730.png,512,512,OK
TBX11K,unknown_1239.png,data/raw/TBX11K/imgs/test/unknown_1239.png,512,512,OK
TBX11K,unknown_787.png,data/raw/TBX11K/imgs/test/unknown_787.png,512,512,OK
TBX11K,unknown_2056.png,data/raw/TBX11K/imgs/test/unknown_2056.png,512,512,OK
TBX11K,unknown_2042.png,data/raw/TBX11K/imgs/test/unknown_2042.png,512,512,OK
TBX11K,unknown_793.png,data/raw/TBX11K/imgs/test/unknown_793.png,512,512,OK
TBX11K,unknown_2724.png,data/raw/TBX11K/imgs/test/unknown_2724.png,512,512,OK
TBX11K,unknown_2917.png,data/raw/TBX11K/imgs/test/unknown_2917.png,512,512,OK
TBX11K,unknown_778.png,data/raw/TBX11K/imgs/test/unknown_778.png,512,512,OK
TBX11K,unknown_2903.png,data/raw/TBX11K/imgs/test/unknown_2903.png,512,512,OK
TBX11K,unknown_2095.png,data/raw/TBX11K/imgs/test/unknown_2095.png,512,512,OK
TBX11K,unknown_744.png,data/raw/TBX11K/imgs/test/unknown_744.png,512,512,OK
TBX11K,unknown_1588.png,data/raw/TBX11K/imgs/test/unknown_1588.png,512,512,OK
TBX11K,unknown_750.png,data/raw/TBX11K/imgs/test/unknown_750.png,512,512,OK
TBX11K,unknown_988.png,data/raw/TBX11K/imgs/test/unknown_988.png,512,512,OK
TBX11K,unknown_2081.png,data/raw/TBX11K/imgs/test/unknown_2081.png,512,512,OK
TBX11K,unknown_746.png,data/raw/TBX11K/imgs/test/unknown_746.png,512,512,OK
TBX11K,unknown_2097.png,data/raw/TBX11K/imgs/test/unknown_2097.png,512,512,OK
TBX11K,unknown_2929.png,data/raw/TBX11K/imgs/test/unknown_2929.png,512,512,OK
TBX11K,unknown_2083.png,data/raw/TBX11K/imgs/test/unknown_2083.png,512,512,OK
TBX11K,unknown_752.png,data/raw/TBX11K/imgs/test/unknown_752.png,512,512,OK
TBX11K,unknown_2915.png,data/raw/TBX11K/imgs/test/unknown_2915.png,512,512,OK
TBX11K,unknown_2901.png,data/raw/TBX11K/imgs/test/unknown_2901.png,512,512,OK
TBX11K,unknown_2054.png,data/raw/TBX11K/imgs/test/unknown_2054.png,512,512,OK
TBX11K,unknown_785.png,data/raw/TBX11K/imgs/test/unknown_785.png,512,512,OK
TBX11K,unknown_2732.png,data/raw/TBX11K/imgs/test/unknown_2732.png,512,512,OK
TBX11K,unknown_2726.png,data/raw/TBX11K/imgs/test/unknown_2726.png,512,512,OK
TBX11K,unknown_1549.png,data/raw/TBX11K/imgs/test/unknown_1549.png,512,512,OK
TBX11K,unknown_791.png,data/raw/TBX11K/imgs/test/unknown_791.png,512,512,OK
TBX11K,unknown_949.png,data/raw/TBX11K/imgs/test/unknown_949.png,512,512,OK
TBX11K,unknown_2040.png,data/raw/TBX11K/imgs/test/unknown_2040.png,512,512,OK
TBX11K,unknown_1561.png,data/raw/TBX11K/imgs/test/unknown_1561.png,512,512,OK
TBX11K,unknown_961.png,data/raw/TBX11K/imgs/test/unknown_961.png,512,512,OK
TBX11K,unknown_2068.png,data/raw/TBX11K/imgs/test/unknown_2068.png,512,512,OK
TBX11K,unknown_1207.png,data/raw/TBX11K/imgs/test/unknown_1207.png,512,512,OK
TBX11K,unknown_1213.png,data/raw/TBX11K/imgs/test/unknown_1213.png,512,512,OK
TBX11K,unknown_1575.png,data/raw/TBX11K/imgs/test/unknown_1575.png,512,512,OK
TBX11K,unknown_975.png,data/raw/TBX11K/imgs/test/unknown_975.png,512,512,OK
TBX11K,unknown_222.png,data/raw/TBX11K/imgs/test/unknown_222.png,512,512,OK
TBX11K,unknown_2295.png,data/raw/TBX11K/imgs/test/unknown_2295.png,512,512,OK
TBX11K,unknown_544.png,data/raw/TBX11K/imgs/test/unknown_544.png,512,512,OK
TBX11K,unknown_1944.png,data/raw/TBX11K/imgs/test/unknown_1944.png,512,512,OK
TBX11K,unknown_550.png,data/raw/TBX11K/imgs/test/unknown_550.png,512,512,OK
TBX11K,unknown_1788.png,data/raw/TBX11K/imgs/test/unknown_1788.png,512,512,OK
TBX11K,unknown_1950.png,data/raw/TBX11K/imgs/test/unknown_1950.png,512,512,OK
TBX11K,unknown_2281.png,data/raw/TBX11K/imgs/test/unknown_2281.png,512,512,OK
TBX11K,unknown_236.png,data/raw/TBX11K/imgs/test/unknown_236.png,512,512,OK
TBX11K,unknown_578.png,data/raw/TBX11K/imgs/test/unknown_578.png,512,512,OK
TBX11K,unknown_1978.png,data/raw/TBX11K/imgs/test/unknown_1978.png,512,512,OK
TBX11K,unknown_2530.png,data/raw/TBX11K/imgs/test/unknown_2530.png,512,512,OK
TBX11K,unknown_1039.png,data/raw/TBX11K/imgs/test/unknown_1039.png,512,512,OK
TBX11K,unknown_1987.png,data/raw/TBX11K/imgs/test/unknown_1987.png,512,512,OK
TBX11K,unknown_587.png,data/raw/TBX11K/imgs/test/unknown_587.png,512,512,OK
TBX11K,unknown_2256.png,data/raw/TBX11K/imgs/test/unknown_2256.png,512,512,OK
TBX11K,unknown_3148.png,data/raw/TBX11K/imgs/test/unknown_3148.png,512,512,OK
TBX11K,unknown_2242.png,data/raw/TBX11K/imgs/test/unknown_2242.png,512,512,OK
TBX11K,unknown_1993.png,data/raw/TBX11K/imgs/test/unknown_1993.png,512,512,OK
TBX11K,unknown_593.png,data/raw/TBX11K/imgs/test/unknown_593.png,512,512,OK
TBX11K,unknown_2524.png,data/raw/TBX11K/imgs/test/unknown_2524.png,512,512,OK
TBX11K,unknown_1005.png,data/raw/TBX11K/imgs/test/unknown_1005.png,512,512,OK
TBX11K,unknown_3174.png,data/raw/TBX11K/imgs/test/unknown_3174.png,512,512,OK
TBX11K,unknown_1763.png,data/raw/TBX11K/imgs/test/unknown_1763.png,512,512,OK
TBX11K,unknown_1777.png,data/raw/TBX11K/imgs/test/unknown_1777.png,512,512,OK
TBX11K,unknown_3160.png,data/raw/TBX11K/imgs/test/unknown_3160.png,512,512,OK
TBX11K,unknown_2518.png,data/raw/TBX11K/imgs/test/unknown_2518.png,512,512,OK
TBX11K,unknown_1011.png,data/raw/TBX11K/imgs/test/unknown_1011.png,512,512,OK
TBX11K,unknown_356.png,data/raw/TBX11K/imgs/test/unknown_356.png,512,512,OK
TBX11K,unknown_2487.png,data/raw/TBX11K/imgs/test/unknown_2487.png,512,512,OK
TBX11K,unknown_1830.png,data/raw/TBX11K/imgs/test/unknown_1830.png,512,512,OK
TBX11K,unknown_430.png,data/raw/TBX11K/imgs/test/unknown_430.png,512,512,OK
TBX11K,unknown_1824.png,data/raw/TBX11K/imgs/test/unknown_1824.png,512,512,OK
TBX11K,unknown_424.png,data/raw/TBX11K/imgs/test/unknown_424.png,512,512,OK
TBX11K,unknown_2493.png,data/raw/TBX11K/imgs/test/unknown_2493.png,512,512,OK
TBX11K,unknown_342.png,data/raw/TBX11K/imgs/test/unknown_342.png,512,512,OK
TBX11K,unknown_1818.png,data/raw/TBX11K/imgs/test/unknown_1818.png,512,512,OK
TBX11K,unknown_418.png,data/raw/TBX11K/imgs/test/unknown_418.png,512,512,OK
TBX11K,unknown_2444.png,data/raw/TBX11K/imgs/test/unknown_2444.png,512,512,OK
TBX11K,unknown_395.png,data/raw/TBX11K/imgs/test/unknown_395.png,512,512,OK
TBX11K,unknown_2322.png,data/raw/TBX11K/imgs/test/unknown_2322.png,512,512,OK
TBX11K,unknown_3028.png,data/raw/TBX11K/imgs/test/unknown_3028.png,512,512,OK
TBX11K,unknown_2336.png,data/raw/TBX11K/imgs/test/unknown_2336.png,512,512,OK
TBX11K,unknown_381.png,data/raw/TBX11K/imgs/test/unknown_381.png,512,512,OK
TBX11K,unknown_1159.png,data/raw/TBX11K/imgs/test/unknown_1159.png,512,512,OK
TBX11K,unknown_2450.png,data/raw/TBX11K/imgs/test/unknown_2450.png,512,512,OK
TBX11K,unknown_1171.png,data/raw/TBX11K/imgs/test/unknown_1171.png,512,512,OK
TBX11K,unknown_2478.png,data/raw/TBX11K/imgs/test/unknown_2478.png,512,512,OK
TBX11K,unknown_3000.png,data/raw/TBX11K/imgs/test/unknown_3000.png,512,512,OK
TBX11K,unknown_1617.png,data/raw/TBX11K/imgs/test/unknown_1617.png,512,512,OK
TBX11K,unknown_1603.png,data/raw/TBX11K/imgs/test/unknown_1603.png,512,512,OK
TBX11K,unknown_3014.png,data/raw/TBX11K/imgs/test/unknown_3014.png,512,512,OK
TBX11K,unknown_1165.png,data/raw/TBX11K/imgs/test/unknown_1165.png,512,512,OK
TBX11K,unknown_632.png,data/raw/TBX11K/imgs/test/unknown_632.png,512,512,OK
TBX11K,unknown_2685.png,data/raw/TBX11K/imgs/test/unknown_2685.png,512,512,OK
TBX11K,unknown_154.png,data/raw/TBX11K/imgs/test/unknown_154.png,512,512,OK
TBX11K,unknown_1398.png,data/raw/TBX11K/imgs/test/unknown_1398.png,512,512,OK
TBX11K,unknown_140.png,data/raw/TBX11K/imgs/test/unknown_140.png,512,512,OK
TBX11K,unknown_2691.png,data/raw/TBX11K/imgs/test/unknown_2691.png,512,512,OK
TBX11K,unknown_2849.png,data/raw/TBX11K/imgs/test/unknown_2849.png,512,512,OK
TBX11K,unknown_626.png,data/raw/TBX11K/imgs/test/unknown_626.png,512,512,OK
TBX11K,unknown_168.png,data/raw/TBX11K/imgs/test/unknown_168.png,512,512,OK
TBX11K,unknown_2861.png,data/raw/TBX11K/imgs/test/unknown_2861.png,512,512,OK
TBX11K,unknown_2875.png,data/raw/TBX11K/imgs/test/unknown_2875.png,512,512,OK
TBX11K,unknown_2120.png,data/raw/TBX11K/imgs/test/unknown_2120.png,512,512,OK
TBX11K,unknown_829.png,data/raw/TBX11K/imgs/test/unknown_829.png,512,512,OK
TBX11K,unknown_1429.png,data/raw/TBX11K/imgs/test/unknown_1429.png,512,512,OK
TBX11K,unknown_197.png,data/raw/TBX11K/imgs/test/unknown_197.png,512,512,OK
TBX11K,unknown_2646.png,data/raw/TBX11K/imgs/test/unknown_2646.png,512,512,OK
TBX11K,unknown_65.png,data/raw/TBX11K/imgs/test/unknown_65.png,512,512,OK
TBX11K,unknown_2652.png,data/raw/TBX11K/imgs/test/unknown_2652.png,512,512,OK
TBX11K,unknown_71.png,data/raw/TBX11K/imgs/test/unknown_71.png,512,512,OK
TBX11K,unknown_183.png,data/raw/TBX11K/imgs/test/unknown_183.png,512,512,OK
TBX11K,unknown_2134.png,data/raw/TBX11K/imgs/test/unknown_2134.png,512,512,OK
TBX11K,unknown_815.png,data/raw/TBX11K/imgs/test/unknown_815.png,512,512,OK
TBX11K,unknown_1415.png,data/raw/TBX11K/imgs/test/unknown_1415.png,512,512,OK
TBX11K,unknown_3202.png,data/raw/TBX11K/imgs/test/unknown_3202.png,512,512,OK
TBX11K,unknown_59.png,data/raw/TBX11K/imgs/test/unknown_59.png,512,512,OK
TBX11K,unknown_1373.png,data/raw/TBX11K/imgs/test/unknown_1373.png,512,512,OK
TBX11K,unknown_1367.png,data/raw/TBX11K/imgs/test/unknown_1367.png,512,512,OK
TBX11K,unknown_2108.png,data/raw/TBX11K/imgs/test/unknown_2108.png,512,512,OK
TBX11K,unknown_3216.png,data/raw/TBX11K/imgs/test/unknown_3216.png,512,512,OK
TBX11K,unknown_801.png,data/raw/TBX11K/imgs/test/unknown_801.png,512,512,OK
TBX11K,unknown_1401.png,data/raw/TBX11K/imgs/test/unknown_1401.png,512,512,OK
TBX11K,unknown_1366.png,data/raw/TBX11K/imgs/test/unknown_1366.png,512,512,OK
TBX11K,unknown_1400.png,data/raw/TBX11K/imgs/test/unknown_1400.png,512,512,OK
TBX11K,unknown_800.png,data/raw/TBX11K/imgs/test/unknown_800.png,512,512,OK
TBX11K,unknown_3217.png,data/raw/TBX11K/imgs/test/unknown_3217.png,512,512,OK
TBX11K,unknown_2109.png,data/raw/TBX11K/imgs/test/unknown_2109.png,512,512,OK
TBX11K,unknown_3203.png,data/raw/TBX11K/imgs/test/unknown_3203.png,512,512,OK
TBX11K,unknown_1414.png,data/raw/TBX11K/imgs/test/unknown_1414.png,512,512,OK
TBX11K,unknown_814.png,data/raw/TBX11K/imgs/test/unknown_814.png,512,512,OK
TBX11K,unknown_1372.png,data/raw/TBX11K/imgs/test/unknown_1372.png,512,512,OK
TBX11K,unknown_58.png,data/raw/TBX11K/imgs/test/unknown_58.png,512,512,OK
TBX11K,unknown_182.png,data/raw/TBX11K/imgs/test/unknown_182.png,512,512,OK
TBX11K,unknown_70.png,data/raw/TBX11K/imgs/test/unknown_70.png,512,512,OK
TBX11K,unknown_2653.png,data/raw/TBX11K/imgs/test/unknown_2653.png,512,512,OK
TBX11K,unknown_2135.png,data/raw/TBX11K/imgs/test/unknown_2135.png,512,512,OK
TBX11K,unknown_1428.png,data/raw/TBX11K/imgs/test/unknown_1428.png,512,512,OK
TBX11K,unknown_828.png,data/raw/TBX11K/imgs/test/unknown_828.png,512,512,OK
TBX11K,unknown_2121.png,data/raw/TBX11K/imgs/test/unknown_2121.png,512,512,OK
TBX11K,unknown_64.png,data/raw/TBX11K/imgs/test/unknown_64.png,512,512,OK
TBX11K,unknown_2647.png,data/raw/TBX11K/imgs/test/unknown_2647.png,512,512,OK
TBX11K,unknown_196.png,data/raw/TBX11K/imgs/test/unknown_196.png,512,512,OK
TBX11K,unknown_2874.png,data/raw/TBX11K/imgs/test/unknown_2874.png,512,512,OK
TBX11K,unknown_2860.png,data/raw/TBX11K/imgs/test/unknown_2860.png,512,512,OK
TBX11K,unknown_169.png,data/raw/TBX11K/imgs/test/unknown_169.png,512,512,OK
TBX11K,unknown_2848.png,data/raw/TBX11K/imgs/test/unknown_2848.png,512,512,OK
TBX11K,unknown_2690.png,data/raw/TBX11K/imgs/test/unknown_2690.png,512,512,OK
TBX11K,unknown_141.png,data/raw/TBX11K/imgs/test/unknown_141.png,512,512,OK
TBX11K,unknown_1399.png,data/raw/TBX11K/imgs/test/unknown_1399.png,512,512,OK
TBX11K,unknown_627.png,data/raw/TBX11K/imgs/test/unknown_627.png,512,512,OK
TBX11K,unknown_633.png,data/raw/TBX11K/imgs/test/unknown_633.png,512,512,OK
TBX11K,unknown_155.png,data/raw/TBX11K/imgs/test/unknown_155.png,512,512,OK
TBX11K,unknown_2684.png,data/raw/TBX11K/imgs/test/unknown_2684.png,512,512,OK
TBX11K,unknown_3015.png,data/raw/TBX11K/imgs/test/unknown_3015.png,512,512,OK
TBX11K,unknown_1602.png,data/raw/TBX11K/imgs/test/unknown_1602.png,512,512,OK
TBX11K,unknown_1164.png,data/raw/TBX11K/imgs/test/unknown_1164.png,512,512,OK
TBX11K,unknown_2479.png,data/raw/TBX11K/imgs/test/unknown_2479.png,512,512,OK
TBX11K,unknown_1170.png,data/raw/TBX11K/imgs/test/unknown_1170.png,512,512,OK
TBX11K,unknown_1616.png,data/raw/TBX11K/imgs/test/unknown_1616.png,512,512,OK
TBX11K,unknown_3001.png,data/raw/TBX11K/imgs/test/unknown_3001.png,512,512,OK
TBX11K,unknown_2337.png,data/raw/TBX11K/imgs/test/unknown_2337.png,512,512,OK
TBX11K,unknown_3029.png,data/raw/TBX11K/imgs/test/unknown_3029.png,512,512,OK
TBX11K,unknown_2451.png,data/raw/TBX11K/imgs/test/unknown_2451.png,512,512,OK
TBX11K,unknown_1158.png,data/raw/TBX11K/imgs/test/unknown_1158.png,512,512,OK
TBX11K,unknown_380.png,data/raw/TBX11K/imgs/test/unknown_380.png,512,512,OK
TBX11K,unknown_394.png,data/raw/TBX11K/imgs/test/unknown_394.png,512,512,OK
TBX11K,unknown_2445.png,data/raw/TBX11K/imgs/test/unknown_2445.png,512,512,OK
TBX11K,unknown_2323.png,data/raw/TBX11K/imgs/test/unknown_2323.png,512,512,OK
TBX11K,unknown_419.png,data/raw/TBX11K/imgs/test/unknown_419.png,512,512,OK
TBX11K,unknown_1819.png,data/raw/TBX11K/imgs/test/unknown_1819.png,512,512,OK
TBX11K,unknown_425.png,data/raw/TBX11K/imgs/test/unknown_425.png,512,512,OK
TBX11K,unknown_1825.png,data/raw/TBX11K/imgs/test/unknown_1825.png,512,512,OK
TBX11K,unknown_343.png,data/raw/TBX11K/imgs/test/unknown_343.png,512,512,OK
TBX11K,unknown_2492.png,data/raw/TBX11K/imgs/test/unknown_2492.png,512,512,OK
TBX11K,unknown_2486.png,data/raw/TBX11K/imgs/test/unknown_2486.png,512,512,OK
TBX11K,unknown_357.png,data/raw/TBX11K/imgs/test/unknown_357.png,512,512,OK
TBX11K,unknown_431.png,data/raw/TBX11K/imgs/test/unknown_431.png,512,512,OK
TBX11K,unknown_1831.png,data/raw/TBX11K/imgs/test/unknown_1831.png,512,512,OK
TBX11K,unknown_3161.png,data/raw/TBX11K/imgs/test/unknown_3161.png,512,512,OK
TBX11K,unknown_1776.png,data/raw/TBX11K/imgs/test/unknown_1776.png,512,512,OK
TBX11K,unknown_1010.png,data/raw/TBX11K/imgs/test/unknown_1010.png,512,512,OK
TBX11K,unknown_2519.png,data/raw/TBX11K/imgs/test/unknown_2519.png,512,512,OK
TBX11K,unknown_1004.png,data/raw/TBX11K/imgs/test/unknown_1004.png,512,512,OK
TBX11K,unknown_1762.png,data/raw/TBX11K/imgs/test/unknown_1762.png,512,512,OK
TBX11K,unknown_3175.png,data/raw/TBX11K/imgs/test/unknown_3175.png,512,512,OK
TBX11K,unknown_592.png,data/raw/TBX11K/imgs/test/unknown_592.png,512,512,OK
TBX11K,unknown_1992.png,data/raw/TBX11K/imgs/test/unknown_1992.png,512,512,OK
TBX11K,unknown_2243.png,data/raw/TBX11K/imgs/test/unknown_2243.png,512,512,OK
TBX11K,unknown_2525.png,data/raw/TBX11K/imgs/test/unknown_2525.png,512,512,OK
TBX11K,unknown_1038.png,data/raw/TBX11K/imgs/test/unknown_1038.png,512,512,OK
TBX11K,unknown_2531.png,data/raw/TBX11K/imgs/test/unknown_2531.png,512,512,OK
TBX11K,unknown_3149.png,data/raw/TBX11K/imgs/test/unknown_3149.png,512,512,OK
TBX11K,unknown_2257.png,data/raw/TBX11K/imgs/test/unknown_2257.png,512,512,OK
TBX11K,unknown_586.png,data/raw/TBX11K/imgs/test/unknown_586.png,512,512,OK
TBX11K,unknown_1986.png,data/raw/TBX11K/imgs/test/unknown_1986.png,512,512,OK
TBX11K,unknown_1979.png,data/raw/TBX11K/imgs/test/unknown_1979.png,512,512,OK
TBX11K,unknown_579.png,data/raw/TBX11K/imgs/test/unknown_579.png,512,512,OK
TBX11K,unknown_2280.png,data/raw/TBX11K/imgs/test/unknown_2280.png,512,512,OK
TBX11K,unknown_1951.png,data/raw/TBX11K/imgs/test/unknown_1951.png,512,512,OK
TBX11K,unknown_1789.png,data/raw/TBX11K/imgs/test/unknown_1789.png,512,512,OK
TBX11K,unknown_551.png,data/raw/TBX11K/imgs/test/unknown_551.png,512,512,OK
TBX11K,unknown_237.png,data/raw/TBX11K/imgs/test/unknown_237.png,512,512,OK
TBX11K,unknown_223.png,data/raw/TBX11K/imgs/test/unknown_223.png,512,512,OK
TBX11K,unknown_1945.png,data/raw/TBX11K/imgs/test/unknown_1945.png,512,512,OK
TBX11K,unknown_545.png,data/raw/TBX11K/imgs/test/unknown_545.png,512,512,OK
TBX11K,unknown_2294.png,data/raw/TBX11K/imgs/test/unknown_2294.png,512,512,OK
TBX11K,unknown_1212.png,data/raw/TBX11K/imgs/test/unknown_1212.png,512,512,OK
TBX11K,unknown_974.png,data/raw/TBX11K/imgs/test/unknown_974.png,512,512,OK
TBX11K,unknown_1574.png,data/raw/TBX11K/imgs/test/unknown_1574.png,512,512,OK
TBX11K,unknown_2069.png,data/raw/TBX11K/imgs/test/unknown_2069.png,512,512,OK
TBX11K,unknown_960.png,data/raw/TBX11K/imgs/test/unknown_960.png,512,512,OK
TBX11K,unknown_1560.png,data/raw/TBX11K/imgs/test/unknown_1560.png,512,512,OK
TBX11K,unknown_1206.png,data/raw/TBX11K/imgs/test/unknown_1206.png,512,512,OK
TBX11K,unknown_2727.png,data/raw/TBX11K/imgs/test/unknown_2727.png,512,512,OK
TBX11K,unknown_2041.png,data/raw/TBX11K/imgs/test/unknown_2041.png,512,512,OK
TBX11K,unknown_948.png,data/raw/TBX11K/imgs/test/unknown_948.png,512,512,OK
TBX11K,unknown_790.png,data/raw/TBX11K/imgs/test/unknown_790.png,512,512,OK
TBX11K,unknown_1548.png,data/raw/TBX11K/imgs/test/unknown_1548.png,512,512,OK
TBX11K,unknown_784.png,data/raw/TBX11K/imgs/test/unknown_784.png,512,512,OK
TBX11K,unknown_2055.png,data/raw/TBX11K/imgs/test/unknown_2055.png,512,512,OK
TBX11K,unknown_2733.png,data/raw/TBX11K/imgs/test/unknown_2733.png,512,512,OK
TBX11K,unknown_2900.png,data/raw/TBX11K/imgs/test/unknown_2900.png,512,512,OK
TBX11K,unknown_2914.png,data/raw/TBX11K/imgs/test/unknown_2914.png,512,512,OK
TBX11K,unknown_753.png,data/raw/TBX11K/imgs/test/unknown_753.png,512,512,OK
TBX11K,unknown_2082.png,data/raw/TBX11K/imgs/test/unknown_2082.png,512,512,OK
TBX11K,unknown_2096.png,data/raw/TBX11K/imgs/test/unknown_2096.png,512,512,OK
TBX11K,unknown_747.png,data/raw/TBX11K/imgs/test/unknown_747.png,512,512,OK
TBX11K,unknown_2928.png,data/raw/TBX11K/imgs/test/unknown_2928.png,512,512,OK
TBX11K,unknown_2973.png,data/raw/TBX11K/imgs/test/unknown_2973.png,512,512,OK
TBX11K,unknown_2967.png,data/raw/TBX11K/imgs/test/unknown_2967.png,512,512,OK
TBX11K,unknown_708.png,data/raw/TBX11K/imgs/test/unknown_708.png,512,512,OK
TBX11K,unknown_720.png,data/raw/TBX11K/imgs/test/unknown_720.png,512,512,OK
TBX11K,unknown_2797.png,data/raw/TBX11K/imgs/test/unknown_2797.png,512,512,OK
TBX11K,unknown_2783.png,data/raw/TBX11K/imgs/test/unknown_2783.png,512,512,OK
TBX11K,unknown_734.png,data/raw/TBX11K/imgs/test/unknown_734.png,512,512,OK
TBX11K,unknown_1507.png,data/raw/TBX11K/imgs/test/unknown_1507.png,512,512,OK
TBX11K,unknown_907.png,data/raw/TBX11K/imgs/test/unknown_907.png,512,512,OK
TBX11K,unknown_1261.png,data/raw/TBX11K/imgs/test/unknown_1261.png,512,512,OK
TBX11K,unknown_2768.png,data/raw/TBX11K/imgs/test/unknown_2768.png,512,512,OK
TBX11K,unknown_1275.png,data/raw/TBX11K/imgs/test/unknown_1275.png,512,512,OK
TBX11K,unknown_1513.png,data/raw/TBX11K/imgs/test/unknown_1513.png,512,512,OK
TBX11K,unknown_913.png,data/raw/TBX11K/imgs/test/unknown_913.png,512,512,OK
TBX11K,unknown_2032.png,data/raw/TBX11K/imgs/test/unknown_2032.png,512,512,OK
TBX11K,unknown_2754.png,data/raw/TBX11K/imgs/test/unknown_2754.png,512,512,OK
TBX11K,unknown_1249.png,data/raw/TBX11K/imgs/test/unknown_1249.png,512,512,OK
TBX11K,unknown_2740.png,data/raw/TBX11K/imgs/test/unknown_2740.png,512,512,OK
TBX11K,unknown_2998.png,data/raw/TBX11K/imgs/test/unknown_2998.png,512,512,OK
TBX11K,unknown_2026.png,data/raw/TBX11K/imgs/test/unknown_2026.png,512,512,OK
TBX11K,unknown_278.png,data/raw/TBX11K/imgs/test/unknown_278.png,512,512,OK
TBX11K,unknown_2595.png,data/raw/TBX11K/imgs/test/unknown_2595.png,512,512,OK
TBX11K,unknown_244.png,data/raw/TBX11K/imgs/test/unknown_244.png,512,512,OK
TBX11K,unknown_522.png,data/raw/TBX11K/imgs/test/unknown_522.png,512,512,OK
TBX11K,unknown_1922.png,data/raw/TBX11K/imgs/test/unknown_1922.png,512,512,OK
TBX11K,unknown_536.png,data/raw/TBX11K/imgs/test/unknown_536.png,512,512,OK
TBX11K,unknown_1936.png,data/raw/TBX11K/imgs/test/unknown_1936.png,512,512,OK
TBX11K,unknown_1088.png,data/raw/TBX11K/imgs/test/unknown_1088.png,512,512,OK
TBX11K,unknown_250.png,data/raw/TBX11K/imgs/test/unknown_250.png,512,512,OK
TBX11K,unknown_2581.png,data/raw/TBX11K/imgs/test/unknown_2581.png,512,512,OK
TBX11K,unknown_1063.png,data/raw/TBX11K/imgs/test/unknown_1063.png,512,512,OK
TBX11K,unknown_1705.png,data/raw/TBX11K/imgs/test/unknown_1705.png,512,512,OK
TBX11K,unknown_3112.png,data/raw/TBX11K/imgs/test/unknown_3112.png,512,512,OK
TBX11K,unknown_2218.png,data/raw/TBX11K/imgs/test/unknown_2218.png,512,512,OK
TBX11K,unknown_3106.png,data/raw/TBX11K/imgs/test/unknown_3106.png,512,512,OK
TBX11K,unknown_1711.png,data/raw/TBX11K/imgs/test/unknown_1711.png,512,512,OK
TBX11K,unknown_1077.png,data/raw/TBX11K/imgs/test/unknown_1077.png,512,512,OK
TBX11K,unknown_287.png,data/raw/TBX11K/imgs/test/unknown_287.png,512,512,OK
TBX11K,unknown_2556.png,data/raw/TBX11K/imgs/test/unknown_2556.png,512,512,OK
TBX11K,unknown_2230.png,data/raw/TBX11K/imgs/test/unknown_2230.png,512,512,OK
TBX11K,unknown_1739.png,data/raw/TBX11K/imgs/test/unknown_1739.png,512,512,OK
TBX11K,unknown_2224.png,data/raw/TBX11K/imgs/test/unknown_2224.png,512,512,OK
TBX11K,unknown_2542.png,data/raw/TBX11K/imgs/test/unknown_2542.png,512,512,OK
TBX11K,unknown_293.png,data/raw/TBX11K/imgs/test/unknown_293.png,512,512,OK
TBX11K,unknown_318.png,data/raw/TBX11K/imgs/test/unknown_318.png,512,512,OK
TBX11K,unknown_330.png,data/raw/TBX11K/imgs/test/unknown_330.png,512,512,OK
TBX11K,unknown_1856.png,data/raw/TBX11K/imgs/test/unknown_1856.png,512,512,OK
TBX11K,unknown_456.png,data/raw/TBX11K/imgs/test/unknown_456.png,512,512,OK
TBX11K,unknown_2387.png,data/raw/TBX11K/imgs/test/unknown_2387.png,512,512,OK
TBX11K,unknown_3099.png,data/raw/TBX11K/imgs/test/unknown_3099.png,512,512,OK
TBX11K,unknown_2393.png,data/raw/TBX11K/imgs/test/unknown_2393.png,512,512,OK
TBX11K,unknown_1842.png,data/raw/TBX11K/imgs/test/unknown_1842.png,512,512,OK
TBX11K,unknown_442.png,data/raw/TBX11K/imgs/test/unknown_442.png,512,512,OK
TBX11K,unknown_324.png,data/raw/TBX11K/imgs/test/unknown_324.png,512,512,OK
TBX11K,unknown_1117.png,data/raw/TBX11K/imgs/test/unknown_1117.png,512,512,OK
TBX11K,unknown_1671.png,data/raw/TBX11K/imgs/test/unknown_1671.png,512,512,OK
TBX11K,unknown_3066.png,data/raw/TBX11K/imgs/test/unknown_3066.png,512,512,OK
TBX11K,unknown_2378.png,data/raw/TBX11K/imgs/test/unknown_2378.png,512,512,OK
TBX11K,unknown_3072.png,data/raw/TBX11K/imgs/test/unknown_3072.png,512,512,OK
TBX11K,unknown_1665.png,data/raw/TBX11K/imgs/test/unknown_1665.png,512,512,OK
TBX11K,unknown_1103.png,data/raw/TBX11K/imgs/test/unknown_1103.png,512,512,OK
TBX11K,unknown_2422.png,data/raw/TBX11K/imgs/test/unknown_2422.png,512,512,OK
TBX11K,unknown_2344.png,data/raw/TBX11K/imgs/test/unknown_2344.png,512,512,OK
TBX11K,unknown_495.png,data/raw/TBX11K/imgs/test/unknown_495.png,512,512,OK
TBX11K,unknown_1895.png,data/raw/TBX11K/imgs/test/unknown_1895.png,512,512,OK
TBX11K,unknown_1659.png,data/raw/TBX11K/imgs/test/unknown_1659.png,512,512,OK
TBX11K,unknown_481.png,data/raw/TBX11K/imgs/test/unknown_481.png,512,512,OK
TBX11K,unknown_1881.png,data/raw/TBX11K/imgs/test/unknown_1881.png,512,512,OK
TBX11K,unknown_2350.png,data/raw/TBX11K/imgs/test/unknown_2350.png,512,512,OK
TBX11K,unknown_2436.png,data/raw/TBX11K/imgs/test/unknown_2436.png,512,512,OK
TBX11K,unknown_668.png,data/raw/TBX11K/imgs/test/unknown_668.png,512,512,OK
TBX11K,unknown_2807.png,data/raw/TBX11K/imgs/test/unknown_2807.png,512,512,OK
TBX11K,unknown_2813.png,data/raw/TBX11K/imgs/test/unknown_2813.png,512,512,OK
TBX11K,unknown_2185.png,data/raw/TBX11K/imgs/test/unknown_2185.png,512,512,OK
TBX11K,unknown_654.png,data/raw/TBX11K/imgs/test/unknown_654.png,512,512,OK
TBX11K,unknown_132.png,data/raw/TBX11K/imgs/test/unknown_132.png,512,512,OK
TBX11K,unknown_126.png,data/raw/TBX11K/imgs/test/unknown_126.png,512,512,OK
TBX11K,unknown_640.png,data/raw/TBX11K/imgs/test/unknown_640.png,512,512,OK
TBX11K,unknown_1498.png,data/raw/TBX11K/imgs/test/unknown_1498.png,512,512,OK
TBX11K,unknown_898.png,data/raw/TBX11K/imgs/test/unknown_898.png,512,512,OK
TBX11K,unknown_2191.png,data/raw/TBX11K/imgs/test/unknown_2191.png,512,512,OK
TBX11K,unknown_3264.png,data/raw/TBX11K/imgs/test/unknown_3264.png,512,512,OK
TBX11K,unknown_873.png,data/raw/TBX11K/imgs/test/unknown_873.png,512,512,OK
TBX11K,unknown_1473.png,data/raw/TBX11K/imgs/test/unknown_1473.png,512,512,OK
TBX11K,unknown_1315.png,data/raw/TBX11K/imgs/test/unknown_1315.png,512,512,OK
TBX11K,unknown_2608.png,data/raw/TBX11K/imgs/test/unknown_2608.png,512,512,OK
TBX11K,unknown_1301.png,data/raw/TBX11K/imgs/test/unknown_1301.png,512,512,OK
TBX11K,unknown_867.png,data/raw/TBX11K/imgs/test/unknown_867.png,512,512,OK
TBX11K,unknown_1467.png,data/raw/TBX11K/imgs/test/unknown_1467.png,512,512,OK
TBX11K,unknown_3270.png,data/raw/TBX11K/imgs/test/unknown_3270.png,512,512,OK
TBX11K,unknown_697.png,data/raw/TBX11K/imgs/test/unknown_697.png,512,512,OK
TBX11K,unknown_2146.png,data/raw/TBX11K/imgs/test/unknown_2146.png,512,512,OK
TBX11K,unknown_3258.png,data/raw/TBX11K/imgs/test/unknown_3258.png,512,512,OK
TBX11K,unknown_2620.png,data/raw/TBX11K/imgs/test/unknown_2620.png,512,512,OK
TBX11K,unknown_1329.png,data/raw/TBX11K/imgs/test/unknown_1329.png,512,512,OK
TBX11K,unknown_17.png,data/raw/TBX11K/imgs/test/unknown_17.png,512,512,OK
TBX11K,unknown_2634.png,data/raw/TBX11K/imgs/test/unknown_2634.png,512,512,OK
TBX11K,unknown_2152.png,data/raw/TBX11K/imgs/test/unknown_2152.png,512,512,OK
TBX11K,unknown_683.png,data/raw/TBX11K/imgs/test/unknown_683.png,512,512,OK
TBX11K,unknown_2635.png,data/raw/TBX11K/imgs/test/unknown_2635.png,512,512,OK
TBX11K,unknown_16.png,data/raw/TBX11K/imgs/test/unknown_16.png,512,512,OK
TBX11K,unknown_682.png,data/raw/TBX11K/imgs/test/unknown_682.png,512,512,OK
TBX11K,unknown_2153.png,data/raw/TBX11K/imgs/test/unknown_2153.png,512,512,OK
TBX11K,unknown_3259.png,data/raw/TBX11K/imgs/test/unknown_3259.png,512,512,OK
TBX11K,unknown_2147.png,data/raw/TBX11K/imgs/test/unknown_2147.png,512,512,OK
TBX11K,unknown_696.png,data/raw/TBX11K/imgs/test/unknown_696.png,512,512,OK
TBX11K,unknown_1328.png,data/raw/TBX11K/imgs/test/unknown_1328.png,512,512,OK
TBX11K,unknown_2621.png,data/raw/TBX11K/imgs/test/unknown_2621.png,512,512,OK
TBX11K,unknown_1300.png,data/raw/TBX11K/imgs/test/unknown_1300.png,512,512,OK
TBX11K,unknown_2609.png,data/raw/TBX11K/imgs/test/unknown_2609.png,512,512,OK
TBX11K,unknown_3271.png,data/raw/TBX11K/imgs/test/unknown_3271.png,512,512,OK
TBX11K,unknown_1466.png,data/raw/TBX11K/imgs/test/unknown_1466.png,512,512,OK
TBX11K,unknown_866.png,data/raw/TBX11K/imgs/test/unknown_866.png,512,512,OK
TBX11K,unknown_1472.png,data/raw/TBX11K/imgs/test/unknown_1472.png,512,512,OK
TBX11K,unknown_872.png,data/raw/TBX11K/imgs/test/unknown_872.png,512,512,OK
TBX11K,unknown_3265.png,data/raw/TBX11K/imgs/test/unknown_3265.png,512,512,OK
TBX11K,unknown_1314.png,data/raw/TBX11K/imgs/test/unknown_1314.png,512,512,OK
TBX11K,unknown_127.png,data/raw/TBX11K/imgs/test/unknown_127.png,512,512,OK
TBX11K,unknown_2190.png,data/raw/TBX11K/imgs/test/unknown_2190.png,512,512,OK
TBX11K,unknown_899.png,data/raw/TBX11K/imgs/test/unknown_899.png,512,512,OK
TBX11K,unknown_1499.png,data/raw/TBX11K/imgs/test/unknown_1499.png,512,512,OK
TBX11K,unknown_641.png,data/raw/TBX11K/imgs/test/unknown_641.png,512,512,OK
TBX11K,unknown_655.png,data/raw/TBX11K/imgs/test/unknown_655.png,512,512,OK
TBX11K,unknown_2184.png,data/raw/TBX11K/imgs/test/unknown_2184.png,512,512,OK
TBX11K,unknown_133.png,data/raw/TBX11K/imgs/test/unknown_133.png,512,512,OK
TBX11K,unknown_2812.png,data/raw/TBX11K/imgs/test/unknown_2812.png,512,512,OK
TBX11K,unknown_669.png,data/raw/TBX11K/imgs/test/unknown_669.png,512,512,OK
TBX11K,unknown_2806.png,data/raw/TBX11K/imgs/test/unknown_2806.png,512,512,OK
TBX11K,unknown_2351.png,data/raw/TBX11K/imgs/test/unknown_2351.png,512,512,OK
TBX11K,unknown_1880.png,data/raw/TBX11K/imgs/test/unknown_1880.png,512,512,OK
TBX11K,unknown_480.png,data/raw/TBX11K/imgs/test/unknown_480.png,512,512,OK
TBX11K,unknown_1658.png,data/raw/TBX11K/imgs/test/unknown_1658.png,512,512,OK
TBX11K,unknown_2437.png,data/raw/TBX11K/imgs/test/unknown_2437.png,512,512,OK
TBX11K,unknown_2423.png,data/raw/TBX11K/imgs/test/unknown_2423.png,512,512,OK
TBX11K,unknown_1894.png,data/raw/TBX11K/imgs/test/unknown_1894.png,512,512,OK
TBX11K,unknown_494.png,data/raw/TBX11K/imgs/test/unknown_494.png,512,512,OK
TBX11K,unknown_2345.png,data/raw/TBX11K/imgs/test/unknown_2345.png,512,512,OK
TBX11K,unknown_1664.png,data/raw/TBX11K/imgs/test/unknown_1664.png,512,512,OK
TBX11K,unknown_3073.png,data/raw/TBX11K/imgs/test/unknown_3073.png,512,512,OK
TBX11K,unknown_1102.png,data/raw/TBX11K/imgs/test/unknown_1102.png,512,512,OK
TBX11K,unknown_1116.png,data/raw/TBX11K/imgs/test/unknown_1116.png,512,512,OK
TBX11K,unknown_2379.png,data/raw/TBX11K/imgs/test/unknown_2379.png,512,512,OK
TBX11K,unknown_3067.png,data/raw/TBX11K/imgs/test/unknown_3067.png,512,512,OK
TBX11K,unknown_1670.png,data/raw/TBX11K/imgs/test/unknown_1670.png,512,512,OK
TBX11K,unknown_443.png,data/raw/TBX11K/imgs/test/unknown_443.png,512,512,OK
TBX11K,unknown_1843.png,data/raw/TBX11K/imgs/test/unknown_1843.png,512,512,OK
TBX11K,unknown_2392.png,data/raw/TBX11K/imgs/test/unknown_2392.png,512,512,OK
TBX11K,unknown_325.png,data/raw/TBX11K/imgs/test/unknown_325.png,512,512,OK
TBX11K,unknown_331.png,data/raw/TBX11K/imgs/test/unknown_331.png,512,512,OK
TBX11K,unknown_3098.png,data/raw/TBX11K/imgs/test/unknown_3098.png,512,512,OK
TBX11K,unknown_2386.png,data/raw/TBX11K/imgs/test/unknown_2386.png,512,512,OK
TBX11K,unknown_457.png,data/raw/TBX11K/imgs/test/unknown_457.png,512,512,OK
TBX11K,unknown_1857.png,data/raw/TBX11K/imgs/test/unknown_1857.png,512,512,OK
TBX11K,unknown_319.png,data/raw/TBX11K/imgs/test/unknown_319.png,512,512,OK
TBX11K,unknown_2225.png,data/raw/TBX11K/imgs/test/unknown_2225.png,512,512,OK
TBX11K,unknown_292.png,data/raw/TBX11K/imgs/test/unknown_292.png,512,512,OK
TBX11K,unknown_2543.png,data/raw/TBX11K/imgs/test/unknown_2543.png,512,512,OK
TBX11K,unknown_2557.png,data/raw/TBX11K/imgs/test/unknown_2557.png,512,512,OK
TBX11K,unknown_286.png,data/raw/TBX11K/imgs/test/unknown_286.png,512,512,OK
TBX11K,unknown_1738.png,data/raw/TBX11K/imgs/test/unknown_1738.png,512,512,OK
TBX11K,unknown_2231.png,data/raw/TBX11K/imgs/test/unknown_2231.png,512,512,OK
TBX11K,unknown_1710.png,data/raw/TBX11K/imgs/test/unknown_1710.png,512,512,OK
TBX11K,unknown_3107.png,data/raw/TBX11K/imgs/test/unknown_3107.png,512,512,OK
TBX11K,unknown_2219.png,data/raw/TBX11K/imgs/test/unknown_2219.png,512,512,OK
TBX11K,unknown_1076.png,data/raw/TBX11K/imgs/test/unknown_1076.png,512,512,OK
TBX11K,unknown_1062.png,data/raw/TBX11K/imgs/test/unknown_1062.png,512,512,OK
TBX11K,unknown_3113.png,data/raw/TBX11K/imgs/test/unknown_3113.png,512,512,OK
TBX11K,unknown_1704.png,data/raw/TBX11K/imgs/test/unknown_1704.png,512,512,OK
TBX11K,unknown_1937.png,data/raw/TBX11K/imgs/test/unknown_1937.png,512,512,OK
TBX11K,unknown_537.png,data/raw/TBX11K/imgs/test/unknown_537.png,512,512,OK
TBX11K,unknown_2580.png,data/raw/TBX11K/imgs/test/unknown_2580.png,512,512,OK
TBX11K,unknown_251.png,data/raw/TBX11K/imgs/test/unknown_251.png,512,512,OK
TBX11K,unknown_1089.png,data/raw/TBX11K/imgs/test/unknown_1089.png,512,512,OK
TBX11K,unknown_245.png,data/raw/TBX11K/imgs/test/unknown_245.png,512,512,OK
TBX11K,unknown_2594.png,data/raw/TBX11K/imgs/test/unknown_2594.png,512,512,OK
TBX11K,unknown_1923.png,data/raw/TBX11K/imgs/test/unknown_1923.png,512,512,OK
TBX11K,unknown_523.png,data/raw/TBX11K/imgs/test/unknown_523.png,512,512,OK
TBX11K,unknown_279.png,data/raw/TBX11K/imgs/test/unknown_279.png,512,512,OK
TBX11K,unknown_2999.png,data/raw/TBX11K/imgs/test/unknown_2999.png,512,512,OK
TBX11K,unknown_2741.png,data/raw/TBX11K/imgs/test/unknown_2741.png,512,512,OK
TBX11K,unknown_1248.png,data/raw/TBX11K/imgs/test/unknown_1248.png,512,512,OK
TBX11K,unknown_2027.png,data/raw/TBX11K/imgs/test/unknown_2027.png,512,512,OK
TBX11K,unknown_2033.png,data/raw/TBX11K/imgs/test/unknown_2033.png,512,512,OK
TBX11K,unknown_2755.png,data/raw/TBX11K/imgs/test/unknown_2755.png,512,512,OK
TBX11K,unknown_1274.png,data/raw/TBX11K/imgs/test/unknown_1274.png,512,512,OK
TBX11K,unknown_912.png,data/raw/TBX11K/imgs/test/unknown_912.png,512,512,OK
TBX11K,unknown_1512.png,data/raw/TBX11K/imgs/test/unknown_1512.png,512,512,OK
TBX11K,unknown_906.png,data/raw/TBX11K/imgs/test/unknown_906.png,512,512,OK
TBX11K,unknown_1506.png,data/raw/TBX11K/imgs/test/unknown_1506.png,512,512,OK
TBX11K,unknown_2769.png,data/raw/TBX11K/imgs/test/unknown_2769.png,512,512,OK
TBX11K,unknown_1260.png,data/raw/TBX11K/imgs/test/unknown_1260.png,512,512,OK
TBX11K,unknown_2782.png,data/raw/TBX11K/imgs/test/unknown_2782.png,512,512,OK
TBX11K,unknown_735.png,data/raw/TBX11K/imgs/test/unknown_735.png,512,512,OK
TBX11K,unknown_721.png,data/raw/TBX11K/imgs/test/unknown_721.png,512,512,OK
TBX11K,unknown_2796.png,data/raw/TBX11K/imgs/test/unknown_2796.png,512,512,OK
TBX11K,unknown_2966.png,data/raw/TBX11K/imgs/test/unknown_2966.png,512,512,OK
TBX11K,unknown_709.png,data/raw/TBX11K/imgs/test/unknown_709.png,512,512,OK
TBX11K,unknown_2972.png,data/raw/TBX11K/imgs/test/unknown_2972.png,512,512,OK
TBX11K,unknown_2964.png,data/raw/TBX11K/imgs/test/unknown_2964.png,512,512,OK
TBX11K,unknown_2970.png,data/raw/TBX11K/imgs/test/unknown_2970.png,512,512,OK
TBX11K,unknown_737.png,data/raw/TBX11K/imgs/test/unknown_737.png,512,512,OK
TBX11K,unknown_2958.png,data/raw/TBX11K/imgs/test/unknown_2958.png,512,512,OK
TBX11K,unknown_2780.png,data/raw/TBX11K/imgs/test/unknown_2780.png,512,512,OK
TBX11K,unknown_1289.png,data/raw/TBX11K/imgs/test/unknown_1289.png,512,512,OK
TBX11K,unknown_2794.png,data/raw/TBX11K/imgs/test/unknown_2794.png,512,512,OK
TBX11K,unknown_723.png,data/raw/TBX11K/imgs/test/unknown_723.png,512,512,OK
TBX11K,unknown_1510.png,data/raw/TBX11K/imgs/test/unknown_1510.png,512,512,OK
TBX11K,unknown_910.png,data/raw/TBX11K/imgs/test/unknown_910.png,512,512,OK
TBX11K,unknown_2019.png,data/raw/TBX11K/imgs/test/unknown_2019.png,512,512,OK
TBX11K,unknown_1276.png,data/raw/TBX11K/imgs/test/unknown_1276.png,512,512,OK
TBX11K,unknown_1262.png,data/raw/TBX11K/imgs/test/unknown_1262.png,512,512,OK
TBX11K,unknown_1504.png,data/raw/TBX11K/imgs/test/unknown_1504.png,512,512,OK
TBX11K,unknown_904.png,data/raw/TBX11K/imgs/test/unknown_904.png,512,512,OK
TBX11K,unknown_2025.png,data/raw/TBX11K/imgs/test/unknown_2025.png,512,512,OK
TBX11K,unknown_2743.png,data/raw/TBX11K/imgs/test/unknown_2743.png,512,512,OK
TBX11K,unknown_2757.png,data/raw/TBX11K/imgs/test/unknown_2757.png,512,512,OK
TBX11K,unknown_1538.png,data/raw/TBX11K/imgs/test/unknown_1538.png,512,512,OK
TBX11K,unknown_938.png,data/raw/TBX11K/imgs/test/unknown_938.png,512,512,OK
TBX11K,unknown_2031.png,data/raw/TBX11K/imgs/test/unknown_2031.png,512,512,OK
TBX11K,unknown_509.png,data/raw/TBX11K/imgs/test/unknown_509.png,512,512,OK
TBX11K,unknown_1909.png,data/raw/TBX11K/imgs/test/unknown_1909.png,512,512,OK
TBX11K,unknown_253.png,data/raw/TBX11K/imgs/test/unknown_253.png,512,512,OK
TBX11K,unknown_2582.png,data/raw/TBX11K/imgs/test/unknown_2582.png,512,512,OK
TBX11K,unknown_535.png,data/raw/TBX11K/imgs/test/unknown_535.png,512,512,OK
TBX11K,unknown_1935.png,data/raw/TBX11K/imgs/test/unknown_1935.png,512,512,OK
TBX11K,unknown_521.png,data/raw/TBX11K/imgs/test/unknown_521.png,512,512,OK
TBX11K,unknown_1921.png,data/raw/TBX11K/imgs/test/unknown_1921.png,512,512,OK
TBX11K,unknown_2596.png,data/raw/TBX11K/imgs/test/unknown_2596.png,512,512,OK
TBX11K,unknown_247.png,data/raw/TBX11K/imgs/test/unknown_247.png,512,512,OK
TBX11K,unknown_1074.png,data/raw/TBX11K/imgs/test/unknown_1074.png,512,512,OK
TBX11K,unknown_3105.png,data/raw/TBX11K/imgs/test/unknown_3105.png,512,512,OK
TBX11K,unknown_1712.png,data/raw/TBX11K/imgs/test/unknown_1712.png,512,512,OK
TBX11K,unknown_1706.png,data/raw/TBX11K/imgs/test/unknown_1706.png,512,512,OK
TBX11K,unknown_3111.png,data/raw/TBX11K/imgs/test/unknown_3111.png,512,512,OK
TBX11K,unknown_2569.png,data/raw/TBX11K/imgs/test/unknown_2569.png,512,512,OK
TBX11K,unknown_1060.png,data/raw/TBX11K/imgs/test/unknown_1060.png,512,512,OK
TBX11K,unknown_2541.png,data/raw/TBX11K/imgs/test/unknown_2541.png,512,512,OK
TBX11K,unknown_290.png,data/raw/TBX11K/imgs/test/unknown_290.png,512,512,OK
TBX11K,unknown_1048.png,data/raw/TBX11K/imgs/test/unknown_1048.png,512,512,OK
TBX11K,unknown_2227.png,data/raw/TBX11K/imgs/test/unknown_2227.png,512,512,OK
TBX11K,unknown_3139.png,data/raw/TBX11K/imgs/test/unknown_3139.png,512,512,OK
TBX11K,unknown_2233.png,data/raw/TBX11K/imgs/test/unknown_2233.png,512,512,OK
TBX11K,unknown_284.png,data/raw/TBX11K/imgs/test/unknown_284.png,512,512,OK
TBX11K,unknown_2555.png,data/raw/TBX11K/imgs/test/unknown_2555.png,512,512,OK
TBX11K,unknown_1869.png,data/raw/TBX11K/imgs/test/unknown_1869.png,512,512,OK
TBX11K,unknown_469.png,data/raw/TBX11K/imgs/test/unknown_469.png,512,512,OK
TBX11K,unknown_327.png,data/raw/TBX11K/imgs/test/unknown_327.png,512,512,OK
TBX11K,unknown_2390.png,data/raw/TBX11K/imgs/test/unknown_2390.png,512,512,OK
TBX11K,unknown_1841.png,data/raw/TBX11K/imgs/test/unknown_1841.png,512,512,OK
TBX11K,unknown_441.png,data/raw/TBX11K/imgs/test/unknown_441.png,512,512,OK
TBX11K,unknown_1699.png,data/raw/TBX11K/imgs/test/unknown_1699.png,512,512,OK
TBX11K,unknown_1855.png,data/raw/TBX11K/imgs/test/unknown_1855.png,512,512,OK
TBX11K,unknown_455.png,data/raw/TBX11K/imgs/test/unknown_455.png,512,512,OK
TBX11K,unknown_2384.png,data/raw/TBX11K/imgs/test/unknown_2384.png,512,512,OK
TBX11K,unknown_333.png,data/raw/TBX11K/imgs/test/unknown_333.png,512,512,OK
TBX11K,unknown_1100.png,data/raw/TBX11K/imgs/test/unknown_1100.png,512,512,OK
TBX11K,unknown_2409.png,data/raw/TBX11K/imgs/test/unknown_2409.png,512,512,OK
TBX11K,unknown_3071.png,data/raw/TBX11K/imgs/test/unknown_3071.png,512,512,OK
TBX11K,unknown_1666.png,data/raw/TBX11K/imgs/test/unknown_1666.png,512,512,OK
TBX11K,unknown_1672.png,data/raw/TBX11K/imgs/test/unknown_1672.png,512,512,OK
TBX11K,unknown_3065.png,data/raw/TBX11K/imgs/test/unknown_3065.png,512,512,OK
TBX11K,unknown_1114.png,data/raw/TBX11K/imgs/test/unknown_1114.png,512,512,OK
TBX11K,unknown_2435.png,data/raw/TBX11K/imgs/test/unknown_2435.png,512,512,OK
TBX11K,unknown_482.png,data/raw/TBX11K/imgs/test/unknown_482.png,512,512,OK
TBX11K,unknown_1882.png,data/raw/TBX11K/imgs/test/unknown_1882.png,512,512,OK
TBX11K,unknown_2353.png,data/raw/TBX11K/imgs/test/unknown_2353.png,512,512,OK
TBX11K,unknown_3059.png,data/raw/TBX11K/imgs/test/unknown_3059.png,512,512,OK
TBX11K,unknown_2347.png,data/raw/TBX11K/imgs/test/unknown_2347.png,512,512,OK
TBX11K,unknown_496.png,data/raw/TBX11K/imgs/test/unknown_496.png,512,512,OK
TBX11K,unknown_1896.png,data/raw/TBX11K/imgs/test/unknown_1896.png,512,512,OK
TBX11K,unknown_1128.png,data/raw/TBX11K/imgs/test/unknown_1128.png,512,512,OK
TBX11K,unknown_2421.png,data/raw/TBX11K/imgs/test/unknown_2421.png,512,512,OK
TBX11K,unknown_119.png,data/raw/TBX11K/imgs/test/unknown_119.png,512,512,OK
TBX11K,unknown_2810.png,data/raw/TBX11K/imgs/test/unknown_2810.png,512,512,OK
TBX11K,unknown_2804.png,data/raw/TBX11K/imgs/test/unknown_2804.png,512,512,OK
TBX11K,unknown_643.png,data/raw/TBX11K/imgs/test/unknown_643.png,512,512,OK
TBX11K,unknown_2192.png,data/raw/TBX11K/imgs/test/unknown_2192.png,512,512,OK
TBX11K,unknown_125.png,data/raw/TBX11K/imgs/test/unknown_125.png,512,512,OK
TBX11K,unknown_131.png,data/raw/TBX11K/imgs/test/unknown_131.png,512,512,OK
TBX11K,unknown_2838.png,data/raw/TBX11K/imgs/test/unknown_2838.png,512,512,OK
TBX11K,unknown_3298.png,data/raw/TBX11K/imgs/test/unknown_3298.png,512,512,OK
TBX11K,unknown_2186.png,data/raw/TBX11K/imgs/test/unknown_2186.png,512,512,OK
TBX11K,unknown_657.png,data/raw/TBX11K/imgs/test/unknown_657.png,512,512,OK
TBX11K,unknown_864.png,data/raw/TBX11K/imgs/test/unknown_864.png,512,512,OK
TBX11K,unknown_1464.png,data/raw/TBX11K/imgs/test/unknown_1464.png,512,512,OK
TBX11K,unknown_3273.png,data/raw/TBX11K/imgs/test/unknown_3273.png,512,512,OK
TBX11K,unknown_28.png,data/raw/TBX11K/imgs/test/unknown_28.png,512,512,OK
TBX11K,unknown_1302.png,data/raw/TBX11K/imgs/test/unknown_1302.png,512,512,OK
TBX11K,unknown_1316.png,data/raw/TBX11K/imgs/test/unknown_1316.png,512,512,OK
TBX11K,unknown_2179.png,data/raw/TBX11K/imgs/test/unknown_2179.png,512,512,OK
TBX11K,unknown_3267.png,data/raw/TBX11K/imgs/test/unknown_3267.png,512,512,OK
TBX11K,unknown_870.png,data/raw/TBX11K/imgs/test/unknown_870.png,512,512,OK
TBX11K,unknown_1470.png,data/raw/TBX11K/imgs/test/unknown_1470.png,512,512,OK
TBX11K,unknown_2151.png,data/raw/TBX11K/imgs/test/unknown_2151.png,512,512,OK
TBX11K,unknown_858.png,data/raw/TBX11K/imgs/test/unknown_858.png,512,512,OK
TBX11K,unknown_1458.png,data/raw/TBX11K/imgs/test/unknown_1458.png,512,512,OK
TBX11K,unknown_680.png,data/raw/TBX11K/imgs/test/unknown_680.png,512,512,OK
TBX11K,unknown_14.png,data/raw/TBX11K/imgs/test/unknown_14.png,512,512,OK
TBX11K,unknown_2637.png,data/raw/TBX11K/imgs/test/unknown_2637.png,512,512,OK
TBX11K,unknown_2623.png,data/raw/TBX11K/imgs/test/unknown_2623.png,512,512,OK
TBX11K,unknown_694.png,data/raw/TBX11K/imgs/test/unknown_694.png,512,512,OK
TBX11K,unknown_2145.png,data/raw/TBX11K/imgs/test/unknown_2145.png,512,512,OK
TBX11K,unknown_2622.png,data/raw/TBX11K/imgs/test/unknown_2622.png,512,512,OK
TBX11K,unknown_2144.png,data/raw/TBX11K/imgs/test/unknown_2144.png,512,512,OK
TBX11K,unknown_695.png,data/raw/TBX11K/imgs/test/unknown_695.png,512,512,OK
TBX11K,unknown_681.png,data/raw/TBX11K/imgs/test/unknown_681.png,512,512,OK
TBX11K,unknown_1459.png,data/raw/TBX11K/imgs/test/unknown_1459.png,512,512,OK
TBX11K,unknown_859.png,data/raw/TBX11K/imgs/test/unknown_859.png,512,512,OK
TBX11K,unknown_2150.png,data/raw/TBX11K/imgs/test/unknown_2150.png,512,512,OK
TBX11K,unknown_2636.png,data/raw/TBX11K/imgs/test/unknown_2636.png,512,512,OK
TBX11K,unknown_15.png,data/raw/TBX11K/imgs/test/unknown_15.png,512,512,OK
TBX11K,unknown_1317.png,data/raw/TBX11K/imgs/test/unknown_1317.png,512,512,OK
TBX11K,unknown_1471.png,data/raw/TBX11K/imgs/test/unknown_1471.png,512,512,OK
TBX11K,unknown_871.png,data/raw/TBX11K/imgs/test/unknown_871.png,512,512,OK
TBX11K,unknown_3266.png,data/raw/TBX11K/imgs/test/unknown_3266.png,512,512,OK
TBX11K,unknown_2178.png,data/raw/TBX11K/imgs/test/unknown_2178.png,512,512,OK
TBX11K,unknown_3272.png,data/raw/TBX11K/imgs/test/unknown_3272.png,512,512,OK
TBX11K,unknown_1465.png,data/raw/TBX11K/imgs/test/unknown_1465.png,512,512,OK
TBX11K,unknown_865.png,data/raw/TBX11K/imgs/test/unknown_865.png,512,512,OK
TBX11K,unknown_1303.png,data/raw/TBX11K/imgs/test/unknown_1303.png,512,512,OK
TBX11K,unknown_29.png,data/raw/TBX11K/imgs/test/unknown_29.png,512,512,OK
TBX11K,unknown_2839.png,data/raw/TBX11K/imgs/test/unknown_2839.png,512,512,OK
TBX11K,unknown_130.png,data/raw/TBX11K/imgs/test/unknown_130.png,512,512,OK
TBX11K,unknown_656.png,data/raw/TBX11K/imgs/test/unknown_656.png,512,512,OK
TBX11K,unknown_2187.png,data/raw/TBX11K/imgs/test/unknown_2187.png,512,512,OK
TBX11K,unknown_3299.png,data/raw/TBX11K/imgs/test/unknown_3299.png,512,512,OK
TBX11K,unknown_2193.png,data/raw/TBX11K/imgs/test/unknown_2193.png,512,512,OK
TBX11K,unknown_642.png,data/raw/TBX11K/imgs/test/unknown_642.png,512,512,OK
TBX11K,unknown_124.png,data/raw/TBX11K/imgs/test/unknown_124.png,512,512,OK
TBX11K,unknown_2805.png,data/raw/TBX11K/imgs/test/unknown_2805.png,512,512,OK
TBX11K,unknown_2811.png,data/raw/TBX11K/imgs/test/unknown_2811.png,512,512,OK
TBX11K,unknown_118.png,data/raw/TBX11K/imgs/test/unknown_118.png,512,512,OK
TBX11K,unknown_1897.png,data/raw/TBX11K/imgs/test/unknown_1897.png,512,512,OK
TBX11K,unknown_497.png,data/raw/TBX11K/imgs/test/unknown_497.png,512,512,OK
TBX11K,unknown_2346.png,data/raw/TBX11K/imgs/test/unknown_2346.png,512,512,OK
TBX11K,unknown_3058.png,data/raw/TBX11K/imgs/test/unknown_3058.png,512,512,OK
TBX11K,unknown_2420.png,data/raw/TBX11K/imgs/test/unknown_2420.png,512,512,OK
TBX11K,unknown_1129.png,data/raw/TBX11K/imgs/test/unknown_1129.png,512,512,OK
TBX11K,unknown_2434.png,data/raw/TBX11K/imgs/test/unknown_2434.png,512,512,OK
TBX11K,unknown_2352.png,data/raw/TBX11K/imgs/test/unknown_2352.png,512,512,OK
TBX11K,unknown_1883.png,data/raw/TBX11K/imgs/test/unknown_1883.png,512,512,OK
TBX11K,unknown_483.png,data/raw/TBX11K/imgs/test/unknown_483.png,512,512,OK
TBX11K,unknown_3064.png,data/raw/TBX11K/imgs/test/unknown_3064.png,512,512,OK
TBX11K,unknown_1673.png,data/raw/TBX11K/imgs/test/unknown_1673.png,512,512,OK
TBX11K,unknown_1115.png,data/raw/TBX11K/imgs/test/unknown_1115.png,512,512,OK
TBX11K,unknown_2408.png,data/raw/TBX11K/imgs/test/unknown_2408.png,512,512,OK
TBX11K,unknown_1101.png,data/raw/TBX11K/imgs/test/unknown_1101.png,512,512,OK
TBX11K,unknown_1667.png,data/raw/TBX11K/imgs/test/unknown_1667.png,512,512,OK
TBX11K,unknown_3070.png,data/raw/TBX11K/imgs/test/unknown_3070.png,512,512,OK
TBX11K,unknown_2385.png,data/raw/TBX11K/imgs/test/unknown_2385.png,512,512,OK
TBX11K,unknown_454.png,data/raw/TBX11K/imgs/test/unknown_454.png,512,512,OK
TBX11K,unknown_1854.png,data/raw/TBX11K/imgs/test/unknown_1854.png,512,512,OK
TBX11K,unknown_332.png,data/raw/TBX11K/imgs/test/unknown_332.png,512,512,OK
TBX11K,unknown_326.png,data/raw/TBX11K/imgs/test/unknown_326.png,512,512,OK
TBX11K,unknown_1698.png,data/raw/TBX11K/imgs/test/unknown_1698.png,512,512,OK
TBX11K,unknown_440.png,data/raw/TBX11K/imgs/test/unknown_440.png,512,512,OK
TBX11K,unknown_1840.png,data/raw/TBX11K/imgs/test/unknown_1840.png,512,512,OK
TBX11K,unknown_2391.png,data/raw/TBX11K/imgs/test/unknown_2391.png,512,512,OK
TBX11K,unknown_468.png,data/raw/TBX11K/imgs/test/unknown_468.png,512,512,OK
TBX11K,unknown_1868.png,data/raw/TBX11K/imgs/test/unknown_1868.png,512,512,OK
TBX11K,unknown_2232.png,data/raw/TBX11K/imgs/test/unknown_2232.png,512,512,OK
TBX11K,unknown_2554.png,data/raw/TBX11K/imgs/test/unknown_2554.png,512,512,OK
TBX11K,unknown_285.png,data/raw/TBX11K/imgs/test/unknown_285.png,512,512,OK
TBX11K,unknown_1049.png,data/raw/TBX11K/imgs/test/unknown_1049.png,512,512,OK
TBX11K,unknown_291.png,data/raw/TBX11K/imgs/test/unknown_291.png,512,512,OK
TBX11K,unknown_2540.png,data/raw/TBX11K/imgs/test/unknown_2540.png,512,512,OK
TBX11K,unknown_3138.png,data/raw/TBX11K/imgs/test/unknown_3138.png,512,512,OK
TBX11K,unknown_2226.png,data/raw/TBX11K/imgs/test/unknown_2226.png,512,512,OK
TBX11K,unknown_3110.png,data/raw/TBX11K/imgs/test/unknown_3110.png,512,512,OK
TBX11K,unknown_1707.png,data/raw/TBX11K/imgs/test/unknown_1707.png,512,512,OK
TBX11K,unknown_1061.png,data/raw/TBX11K/imgs/test/unknown_1061.png,512,512,OK
TBX11K,unknown_2568.png,data/raw/TBX11K/imgs/test/unknown_2568.png,512,512,OK
TBX11K,unknown_1075.png,data/raw/TBX11K/imgs/test/unknown_1075.png,512,512,OK
TBX11K,unknown_1713.png,data/raw/TBX11K/imgs/test/unknown_1713.png,512,512,OK
TBX11K,unknown_3104.png,data/raw/TBX11K/imgs/test/unknown_3104.png,512,512,OK
TBX11K,unknown_1920.png,data/raw/TBX11K/imgs/test/unknown_1920.png,512,512,OK
TBX11K,unknown_520.png,data/raw/TBX11K/imgs/test/unknown_520.png,512,512,OK
TBX11K,unknown_246.png,data/raw/TBX11K/imgs/test/unknown_246.png,512,512,OK
TBX11K,unknown_2597.png,data/raw/TBX11K/imgs/test/unknown_2597.png,512,512,OK
TBX11K,unknown_2583.png,data/raw/TBX11K/imgs/test/unknown_2583.png,512,512,OK
TBX11K,unknown_252.png,data/raw/TBX11K/imgs/test/unknown_252.png,512,512,OK
TBX11K,unknown_1934.png,data/raw/TBX11K/imgs/test/unknown_1934.png,512,512,OK
TBX11K,unknown_534.png,data/raw/TBX11K/imgs/test/unknown_534.png,512,512,OK
TBX11K,unknown_1908.png,data/raw/TBX11K/imgs/test/unknown_1908.png,512,512,OK
TBX11K,unknown_508.png,data/raw/TBX11K/imgs/test/unknown_508.png,512,512,OK
TBX11K,unknown_2756.png,data/raw/TBX11K/imgs/test/unknown_2756.png,512,512,OK
TBX11K,unknown_2030.png,data/raw/TBX11K/imgs/test/unknown_2030.png,512,512,OK
TBX11K,unknown_939.png,data/raw/TBX11K/imgs/test/unknown_939.png,512,512,OK
TBX11K,unknown_1539.png,data/raw/TBX11K/imgs/test/unknown_1539.png,512,512,OK
TBX11K,unknown_2024.png,data/raw/TBX11K/imgs/test/unknown_2024.png,512,512,OK
TBX11K,unknown_2742.png,data/raw/TBX11K/imgs/test/unknown_2742.png,512,512,OK
TBX11K,unknown_1263.png,data/raw/TBX11K/imgs/test/unknown_1263.png,512,512,OK
TBX11K,unknown_905.png,data/raw/TBX11K/imgs/test/unknown_905.png,512,512,OK
TBX11K,unknown_1505.png,data/raw/TBX11K/imgs/test/unknown_1505.png,512,512,OK
TBX11K,unknown_2018.png,data/raw/TBX11K/imgs/test/unknown_2018.png,512,512,OK
TBX11K,unknown_911.png,data/raw/TBX11K/imgs/test/unknown_911.png,512,512,OK
TBX11K,unknown_1511.png,data/raw/TBX11K/imgs/test/unknown_1511.png,512,512,OK
TBX11K,unknown_1277.png,data/raw/TBX11K/imgs/test/unknown_1277.png,512,512,OK
TBX11K,unknown_2795.png,data/raw/TBX11K/imgs/test/unknown_2795.png,512,512,OK
TBX11K,unknown_722.png,data/raw/TBX11K/imgs/test/unknown_722.png,512,512,OK
TBX11K,unknown_736.png,data/raw/TBX11K/imgs/test/unknown_736.png,512,512,OK
TBX11K,unknown_1288.png,data/raw/TBX11K/imgs/test/unknown_1288.png,512,512,OK
TBX11K,unknown_2781.png,data/raw/TBX11K/imgs/test/unknown_2781.png,512,512,OK
TBX11K,unknown_2959.png,data/raw/TBX11K/imgs/test/unknown_2959.png,512,512,OK
TBX11K,unknown_2971.png,data/raw/TBX11K/imgs/test/unknown_2971.png,512,512,OK
TBX11K,unknown_2965.png,data/raw/TBX11K/imgs/test/unknown_2965.png,512,512,OK
TBX11K,unknown_2785.png,data/raw/TBX11K/imgs/test/unknown_2785.png,512,512,OK
TBX11K,unknown_732.png,data/raw/TBX11K/imgs/test/unknown_732.png,512,512,OK
TBX11K,unknown_726.png,data/raw/TBX11K/imgs/test/unknown_726.png,512,512,OK
TBX11K,unknown_1298.png,data/raw/TBX11K/imgs/test/unknown_1298.png,512,512,OK
TBX11K,unknown_2949.png,data/raw/TBX11K/imgs/test/unknown_2949.png,512,512,OK
TBX11K,unknown_2791.png,data/raw/TBX11K/imgs/test/unknown_2791.png,512,512,OK
TBX11K,unknown_2961.png,data/raw/TBX11K/imgs/test/unknown_2961.png,512,512,OK
TBX11K,unknown_2975.png,data/raw/TBX11K/imgs/test/unknown_2975.png,512,512,OK
TBX11K,unknown_2746.png,data/raw/TBX11K/imgs/test/unknown_2746.png,512,512,OK
TBX11K,unknown_2020.png,data/raw/TBX11K/imgs/test/unknown_2020.png,512,512,OK
TBX11K,unknown_1529.png,data/raw/TBX11K/imgs/test/unknown_1529.png,512,512,OK
TBX11K,unknown_929.png,data/raw/TBX11K/imgs/test/unknown_929.png,512,512,OK
TBX11K,unknown_2034.png,data/raw/TBX11K/imgs/test/unknown_2034.png,512,512,OK
TBX11K,unknown_2752.png,data/raw/TBX11K/imgs/test/unknown_2752.png,512,512,OK
TBX11K,unknown_1273.png,data/raw/TBX11K/imgs/test/unknown_1273.png,512,512,OK
TBX11K,unknown_1515.png,data/raw/TBX11K/imgs/test/unknown_1515.png,512,512,OK
TBX11K,unknown_915.png,data/raw/TBX11K/imgs/test/unknown_915.png,512,512,OK
TBX11K,unknown_3302.png,data/raw/TBX11K/imgs/test/unknown_3302.png,512,512,OK
TBX11K,unknown_2008.png,data/raw/TBX11K/imgs/test/unknown_2008.png,512,512,OK
TBX11K,unknown_1501.png,data/raw/TBX11K/imgs/test/unknown_1501.png,512,512,OK
TBX11K,unknown_901.png,data/raw/TBX11K/imgs/test/unknown_901.png,512,512,OK
TBX11K,unknown_1267.png,data/raw/TBX11K/imgs/test/unknown_1267.png,512,512,OK
TBX11K,unknown_530.png,data/raw/TBX11K/imgs/test/unknown_530.png,512,512,OK
TBX11K,unknown_1930.png,data/raw/TBX11K/imgs/test/unknown_1930.png,512,512,OK
TBX11K,unknown_256.png,data/raw/TBX11K/imgs/test/unknown_256.png,512,512,OK
TBX11K,unknown_2587.png,data/raw/TBX11K/imgs/test/unknown_2587.png,512,512,OK
TBX11K,unknown_2593.png,data/raw/TBX11K/imgs/test/unknown_2593.png,512,512,OK
TBX11K,unknown_242.png,data/raw/TBX11K/imgs/test/unknown_242.png,512,512,OK
TBX11K,unknown_524.png,data/raw/TBX11K/imgs/test/unknown_524.png,512,512,OK
TBX11K,unknown_1924.png,data/raw/TBX11K/imgs/test/unknown_1924.png,512,512,OK
TBX11K,unknown_518.png,data/raw/TBX11K/imgs/test/unknown_518.png,512,512,OK
TBX11K,unknown_1918.png,data/raw/TBX11K/imgs/test/unknown_1918.png,512,512,OK
TBX11K,unknown_2222.png,data/raw/TBX11K/imgs/test/unknown_2222.png,512,512,OK
TBX11K,unknown_2544.png,data/raw/TBX11K/imgs/test/unknown_2544.png,512,512,OK
TBX11K,unknown_295.png,data/raw/TBX11K/imgs/test/unknown_295.png,512,512,OK
TBX11K,unknown_281.png,data/raw/TBX11K/imgs/test/unknown_281.png,512,512,OK
TBX11K,unknown_1059.png,data/raw/TBX11K/imgs/test/unknown_1059.png,512,512,OK
TBX11K,unknown_2550.png,data/raw/TBX11K/imgs/test/unknown_2550.png,512,512,OK
TBX11K,unknown_2236.png,data/raw/TBX11K/imgs/test/unknown_2236.png,512,512,OK
TBX11K,unknown_3128.png,data/raw/TBX11K/imgs/test/unknown_3128.png,512,512,OK
TBX11K,unknown_3100.png,data/raw/TBX11K/imgs/test/unknown_3100.png,512,512,OK
TBX11K,unknown_1717.png,data/raw/TBX11K/imgs/test/unknown_1717.png,512,512,OK
TBX11K,unknown_1071.png,data/raw/TBX11K/imgs/test/unknown_1071.png,512,512,OK
TBX11K,unknown_2578.png,data/raw/TBX11K/imgs/test/unknown_2578.png,512,512,OK
TBX11K,unknown_1065.png,data/raw/TBX11K/imgs/test/unknown_1065.png,512,512,OK
TBX11K,unknown_1703.png,data/raw/TBX11K/imgs/test/unknown_1703.png,512,512,OK
TBX11K,unknown_3114.png,data/raw/TBX11K/imgs/test/unknown_3114.png,512,512,OK
TBX11K,unknown_2395.png,data/raw/TBX11K/imgs/test/unknown_2395.png,512,512,OK
TBX11K,unknown_1844.png,data/raw/TBX11K/imgs/test/unknown_1844.png,512,512,OK
TBX11K,unknown_444.png,data/raw/TBX11K/imgs/test/unknown_444.png,512,512,OK
TBX11K,unknown_322.png,data/raw/TBX11K/imgs/test/unknown_322.png,512,512,OK
TBX11K,unknown_336.png,data/raw/TBX11K/imgs/test/unknown_336.png,512,512,OK
TBX11K,unknown_1850.png,data/raw/TBX11K/imgs/test/unknown_1850.png,512,512,OK
TBX11K,unknown_450.png,data/raw/TBX11K/imgs/test/unknown_450.png,512,512,OK
TBX11K,unknown_1688.png,data/raw/TBX11K/imgs/test/unknown_1688.png,512,512,OK
TBX11K,unknown_2381.png,data/raw/TBX11K/imgs/test/unknown_2381.png,512,512,OK
TBX11K,unknown_1878.png,data/raw/TBX11K/imgs/test/unknown_1878.png,512,512,OK
TBX11K,unknown_478.png,data/raw/TBX11K/imgs/test/unknown_478.png,512,512,OK
TBX11K,unknown_487.png,data/raw/TBX11K/imgs/test/unknown_487.png,512,512,OK
TBX11K,unknown_1887.png,data/raw/TBX11K/imgs/test/unknown_1887.png,512,512,OK
TBX11K,unknown_3048.png,data/raw/TBX11K/imgs/test/unknown_3048.png,512,512,OK
TBX11K,unknown_2356.png,data/raw/TBX11K/imgs/test/unknown_2356.png,512,512,OK
TBX11K,unknown_2430.png,data/raw/TBX11K/imgs/test/unknown_2430.png,512,512,OK
TBX11K,unknown_1139.png,data/raw/TBX11K/imgs/test/unknown_1139.png,512,512,OK
TBX11K,unknown_2424.png,data/raw/TBX11K/imgs/test/unknown_2424.png,512,512,OK
TBX11K,unknown_2342.png,data/raw/TBX11K/imgs/test/unknown_2342.png,512,512,OK
TBX11K,unknown_493.png,data/raw/TBX11K/imgs/test/unknown_493.png,512,512,OK
TBX11K,unknown_1893.png,data/raw/TBX11K/imgs/test/unknown_1893.png,512,512,OK
TBX11K,unknown_3074.png,data/raw/TBX11K/imgs/test/unknown_3074.png,512,512,OK
TBX11K,unknown_1663.png,data/raw/TBX11K/imgs/test/unknown_1663.png,512,512,OK
TBX11K,unknown_1105.png,data/raw/TBX11K/imgs/test/unknown_1105.png,512,512,OK
TBX11K,unknown_2418.png,data/raw/TBX11K/imgs/test/unknown_2418.png,512,512,OK
TBX11K,unknown_1111.png,data/raw/TBX11K/imgs/test/unknown_1111.png,512,512,OK
TBX11K,unknown_1677.png,data/raw/TBX11K/imgs/test/unknown_1677.png,512,512,OK
TBX11K,unknown_3060.png,data/raw/TBX11K/imgs/test/unknown_3060.png,512,512,OK
TBX11K,unknown_2829.png,data/raw/TBX11K/imgs/test/unknown_2829.png,512,512,OK
TBX11K,unknown_120.png,data/raw/TBX11K/imgs/test/unknown_120.png,512,512,OK
TBX11K,unknown_646.png,data/raw/TBX11K/imgs/test/unknown_646.png,512,512,OK
TBX11K,unknown_3289.png,data/raw/TBX11K/imgs/test/unknown_3289.png,512,512,OK
TBX11K,unknown_2197.png,data/raw/TBX11K/imgs/test/unknown_2197.png,512,512,OK
TBX11K,unknown_2183.png,data/raw/TBX11K/imgs/test/unknown_2183.png,512,512,OK
TBX11K,unknown_652.png,data/raw/TBX11K/imgs/test/unknown_652.png,512,512,OK
TBX11K,unknown_134.png,data/raw/TBX11K/imgs/test/unknown_134.png,512,512,OK
TBX11K,unknown_2815.png,data/raw/TBX11K/imgs/test/unknown_2815.png,512,512,OK
TBX11K,unknown_2801.png,data/raw/TBX11K/imgs/test/unknown_2801.png,512,512,OK
TBX11K,unknown_108.png,data/raw/TBX11K/imgs/test/unknown_108.png,512,512,OK
TBX11K,unknown_2632.png,data/raw/TBX11K/imgs/test/unknown_2632.png,512,512,OK
TBX11K,unknown_11.png,data/raw/TBX11K/imgs/test/unknown_11.png,512,512,OK
TBX11K,unknown_2154.png,data/raw/TBX11K/imgs/test/unknown_2154.png,512,512,OK
TBX11K,unknown_685.png,data/raw/TBX11K/imgs/test/unknown_685.png,512,512,OK
TBX11K,unknown_849.png,data/raw/TBX11K/imgs/test/unknown_849.png,512,512,OK
TBX11K,unknown_1449.png,data/raw/TBX11K/imgs/test/unknown_1449.png,512,512,OK
TBX11K,unknown_691.png,data/raw/TBX11K/imgs/test/unknown_691.png,512,512,OK
TBX11K,unknown_2140.png,data/raw/TBX11K/imgs/test/unknown_2140.png,512,512,OK
TBX11K,unknown_2626.png,data/raw/TBX11K/imgs/test/unknown_2626.png,512,512,OK
TBX11K,unknown_1307.png,data/raw/TBX11K/imgs/test/unknown_1307.png,512,512,OK
TBX11K,unknown_861.png,data/raw/TBX11K/imgs/test/unknown_861.png,512,512,OK
TBX11K,unknown_1461.png,data/raw/TBX11K/imgs/test/unknown_1461.png,512,512,OK
TBX11K,unknown_2168.png,data/raw/TBX11K/imgs/test/unknown_2168.png,512,512,OK
TBX11K,unknown_3276.png,data/raw/TBX11K/imgs/test/unknown_3276.png,512,512,OK
TBX11K,unknown_3262.png,data/raw/TBX11K/imgs/test/unknown_3262.png,512,512,OK
TBX11K,unknown_875.png,data/raw/TBX11K/imgs/test/unknown_875.png,512,512,OK
TBX11K,unknown_1475.png,data/raw/TBX11K/imgs/test/unknown_1475.png,512,512,OK
TBX11K,unknown_1313.png,data/raw/TBX11K/imgs/test/unknown_1313.png,512,512,OK
TBX11K,unknown_39.png,data/raw/TBX11K/imgs/test/unknown_39.png,512,512,OK
TBX11K,unknown_1474.png,data/raw/TBX11K/imgs/test/unknown_1474.png,512,512,OK
TBX11K,unknown_874.png,data/raw/TBX11K/imgs/test/unknown_874.png,512,512,OK
TBX11K,unknown_3263.png,data/raw/TBX11K/imgs/test/unknown_3263.png,512,512,OK
TBX11K,unknown_38.png,data/raw/TBX11K/imgs/test/unknown_38.png,512,512,OK
TBX11K,unknown_1312.png,data/raw/TBX11K/imgs/test/unknown_1312.png,512,512,OK
TBX11K,unknown_1306.png,data/raw/TBX11K/imgs/test/unknown_1306.png,512,512,OK
TBX11K,unknown_3277.png,data/raw/TBX11K/imgs/test/unknown_3277.png,512,512,OK
TBX11K,unknown_2169.png,data/raw/TBX11K/imgs/test/unknown_2169.png,512,512,OK
TBX11K,unknown_1460.png,data/raw/TBX11K/imgs/test/unknown_1460.png,512,512,OK
TBX11K,unknown_860.png,data/raw/TBX11K/imgs/test/unknown_860.png,512,512,OK
TBX11K,unknown_2141.png,data/raw/TBX11K/imgs/test/unknown_2141.png,512,512,OK
TBX11K,unknown_690.png,data/raw/TBX11K/imgs/test/unknown_690.png,512,512,OK
TBX11K,unknown_1448.png,data/raw/TBX11K/imgs/test/unknown_1448.png,512,512,OK
TBX11K,unknown_848.png,data/raw/TBX11K/imgs/test/unknown_848.png,512,512,OK
TBX11K,unknown_2627.png,data/raw/TBX11K/imgs/test/unknown_2627.png,512,512,OK
TBX11K,unknown_10.png,data/raw/TBX11K/imgs/test/unknown_10.png,512,512,OK
TBX11K,unknown_2633.png,data/raw/TBX11K/imgs/test/unknown_2633.png,512,512,OK
TBX11K,unknown_684.png,data/raw/TBX11K/imgs/test/unknown_684.png,512,512,OK
TBX11K,unknown_2155.png,data/raw/TBX11K/imgs/test/unknown_2155.png,512,512,OK
TBX11K,unknown_109.png,data/raw/TBX11K/imgs/test/unknown_109.png,512,512,OK
TBX11K,unknown_2800.png,data/raw/TBX11K/imgs/test/unknown_2800.png,512,512,OK
TBX11K,unknown_2814.png,data/raw/TBX11K/imgs/test/unknown_2814.png,512,512,OK
TBX11K,unknown_653.png,data/raw/TBX11K/imgs/test/unknown_653.png,512,512,OK
TBX11K,unknown_2182.png,data/raw/TBX11K/imgs/test/unknown_2182.png,512,512,OK
TBX11K,unknown_135.png,data/raw/TBX11K/imgs/test/unknown_135.png,512,512,OK
TBX11K,unknown_121.png,data/raw/TBX11K/imgs/test/unknown_121.png,512,512,OK
TBX11K,unknown_2828.png,data/raw/TBX11K/imgs/test/unknown_2828.png,512,512,OK
TBX11K,unknown_2196.png,data/raw/TBX11K/imgs/test/unknown_2196.png,512,512,OK
TBX11K,unknown_3288.png,data/raw/TBX11K/imgs/test/unknown_3288.png,512,512,OK
TBX11K,unknown_647.png,data/raw/TBX11K/imgs/test/unknown_647.png,512,512,OK
TBX11K,unknown_1110.png,data/raw/TBX11K/imgs/test/unknown_1110.png,512,512,OK
TBX11K,unknown_2419.png,data/raw/TBX11K/imgs/test/unknown_2419.png,512,512,OK
TBX11K,unknown_3061.png,data/raw/TBX11K/imgs/test/unknown_3061.png,512,512,OK
TBX11K,unknown_1676.png,data/raw/TBX11K/imgs/test/unknown_1676.png,512,512,OK
TBX11K,unknown_1662.png,data/raw/TBX11K/imgs/test/unknown_1662.png,512,512,OK
TBX11K,unknown_3075.png,data/raw/TBX11K/imgs/test/unknown_3075.png,512,512,OK
TBX11K,unknown_1104.png,data/raw/TBX11K/imgs/test/unknown_1104.png,512,512,OK
TBX11K,unknown_2425.png,data/raw/TBX11K/imgs/test/unknown_2425.png,512,512,OK
TBX11K,unknown_1892.png,data/raw/TBX11K/imgs/test/unknown_1892.png,512,512,OK
TBX11K,unknown_492.png,data/raw/TBX11K/imgs/test/unknown_492.png,512,512,OK
TBX11K,unknown_2343.png,data/raw/TBX11K/imgs/test/unknown_2343.png,512,512,OK
TBX11K,unknown_2357.png,data/raw/TBX11K/imgs/test/unknown_2357.png,512,512,OK
TBX11K,unknown_3049.png,data/raw/TBX11K/imgs/test/unknown_3049.png,512,512,OK
TBX11K,unknown_1886.png,data/raw/TBX11K/imgs/test/unknown_1886.png,512,512,OK
TBX11K,unknown_486.png,data/raw/TBX11K/imgs/test/unknown_486.png,512,512,OK
TBX11K,unknown_1138.png,data/raw/TBX11K/imgs/test/unknown_1138.png,512,512,OK
TBX11K,unknown_2431.png,data/raw/TBX11K/imgs/test/unknown_2431.png,512,512,OK
TBX11K,unknown_479.png,data/raw/TBX11K/imgs/test/unknown_479.png,512,512,OK
TBX11K,unknown_1879.png,data/raw/TBX11K/imgs/test/unknown_1879.png,512,512,OK
TBX11K,unknown_337.png,data/raw/TBX11K/imgs/test/unknown_337.png,512,512,OK
TBX11K,unknown_2380.png,data/raw/TBX11K/imgs/test/unknown_2380.png,512,512,OK
TBX11K,unknown_1689.png,data/raw/TBX11K/imgs/test/unknown_1689.png,512,512,OK
TBX11K,unknown_451.png,data/raw/TBX11K/imgs/test/unknown_451.png,512,512,OK
TBX11K,unknown_1851.png,data/raw/TBX11K/imgs/test/unknown_1851.png,512,512,OK
TBX11K,unknown_445.png,data/raw/TBX11K/imgs/test/unknown_445.png,512,512,OK
TBX11K,unknown_1845.png,data/raw/TBX11K/imgs/test/unknown_1845.png,512,512,OK
TBX11K,unknown_2394.png,data/raw/TBX11K/imgs/test/unknown_2394.png,512,512,OK
TBX11K,unknown_323.png,data/raw/TBX11K/imgs/test/unknown_323.png,512,512,OK
TBX11K,unknown_1064.png,data/raw/TBX11K/imgs/test/unknown_1064.png,512,512,OK
TBX11K,unknown_3115.png,data/raw/TBX11K/imgs/test/unknown_3115.png,512,512,OK
TBX11K,unknown_1702.png,data/raw/TBX11K/imgs/test/unknown_1702.png,512,512,OK
TBX11K,unknown_1716.png,data/raw/TBX11K/imgs/test/unknown_1716.png,512,512,OK
TBX11K,unknown_3101.png,data/raw/TBX11K/imgs/test/unknown_3101.png,512,512,OK
TBX11K,unknown_2579.png,data/raw/TBX11K/imgs/test/unknown_2579.png,512,512,OK
TBX11K,unknown_1070.png,data/raw/TBX11K/imgs/test/unknown_1070.png,512,512,OK
TBX11K,unknown_2551.png,data/raw/TBX11K/imgs/test/unknown_2551.png,512,512,OK
TBX11K,unknown_1058.png,data/raw/TBX11K/imgs/test/unknown_1058.png,512,512,OK
TBX11K,unknown_280.png,data/raw/TBX11K/imgs/test/unknown_280.png,512,512,OK
TBX11K,unknown_3129.png,data/raw/TBX11K/imgs/test/unknown_3129.png,512,512,OK
TBX11K,unknown_2237.png,data/raw/TBX11K/imgs/test/unknown_2237.png,512,512,OK
TBX11K,unknown_2223.png,data/raw/TBX11K/imgs/test/unknown_2223.png,512,512,OK
TBX11K,unknown_294.png,data/raw/TBX11K/imgs/test/unknown_294.png,512,512,OK
TBX11K,unknown_2545.png,data/raw/TBX11K/imgs/test/unknown_2545.png,512,512,OK
TBX11K,unknown_1919.png,data/raw/TBX11K/imgs/test/unknown_1919.png,512,512,OK
TBX11K,unknown_519.png,data/raw/TBX11K/imgs/test/unknown_519.png,512,512,OK
TBX11K,unknown_243.png,data/raw/TBX11K/imgs/test/unknown_243.png,512,512,OK
TBX11K,unknown_2592.png,data/raw/TBX11K/imgs/test/unknown_2592.png,512,512,OK
TBX11K,unknown_1925.png,data/raw/TBX11K/imgs/test/unknown_1925.png,512,512,OK
TBX11K,unknown_525.png,data/raw/TBX11K/imgs/test/unknown_525.png,512,512,OK
TBX11K,unknown_1931.png,data/raw/TBX11K/imgs/test/unknown_1931.png,512,512,OK
TBX11K,unknown_531.png,data/raw/TBX11K/imgs/test/unknown_531.png,512,512,OK
TBX11K,unknown_2586.png,data/raw/TBX11K/imgs/test/unknown_2586.png,512,512,OK
TBX11K,unknown_257.png,data/raw/TBX11K/imgs/test/unknown_257.png,512,512,OK
TBX11K,unknown_900.png,data/raw/TBX11K/imgs/test/unknown_900.png,512,512,OK
TBX11K,unknown_1500.png,data/raw/TBX11K/imgs/test/unknown_1500.png,512,512,OK
TBX11K,unknown_2009.png,data/raw/TBX11K/imgs/test/unknown_2009.png,512,512,OK
TBX11K,unknown_1266.png,data/raw/TBX11K/imgs/test/unknown_1266.png,512,512,OK
TBX11K,unknown_1272.png,data/raw/TBX11K/imgs/test/unknown_1272.png,512,512,OK
TBX11K,unknown_914.png,data/raw/TBX11K/imgs/test/unknown_914.png,512,512,OK
TBX11K,unknown_1514.png,data/raw/TBX11K/imgs/test/unknown_1514.png,512,512,OK
TBX11K,unknown_2035.png,data/raw/TBX11K/imgs/test/unknown_2035.png,512,512,OK
TBX11K,unknown_2753.png,data/raw/TBX11K/imgs/test/unknown_2753.png,512,512,OK
TBX11K,unknown_2747.png,data/raw/TBX11K/imgs/test/unknown_2747.png,512,512,OK
TBX11K,unknown_928.png,data/raw/TBX11K/imgs/test/unknown_928.png,512,512,OK
TBX11K,unknown_1528.png,data/raw/TBX11K/imgs/test/unknown_1528.png,512,512,OK
TBX11K,unknown_2021.png,data/raw/TBX11K/imgs/test/unknown_2021.png,512,512,OK
TBX11K,unknown_2974.png,data/raw/TBX11K/imgs/test/unknown_2974.png,512,512,OK
TBX11K,unknown_2960.png,data/raw/TBX11K/imgs/test/unknown_2960.png,512,512,OK
TBX11K,unknown_727.png,data/raw/TBX11K/imgs/test/unknown_727.png,512,512,OK
TBX11K,unknown_2790.png,data/raw/TBX11K/imgs/test/unknown_2790.png,512,512,OK
TBX11K,unknown_2948.png,data/raw/TBX11K/imgs/test/unknown_2948.png,512,512,OK
TBX11K,unknown_1299.png,data/raw/TBX11K/imgs/test/unknown_1299.png,512,512,OK
TBX11K,unknown_2784.png,data/raw/TBX11K/imgs/test/unknown_2784.png,512,512,OK
TBX11K,unknown_733.png,data/raw/TBX11K/imgs/test/unknown_733.png,512,512,OK
TBX11K,unknown_2792.png,data/raw/TBX11K/imgs/test/unknown_2792.png,512,512,OK
TBX11K,unknown_725.png,data/raw/TBX11K/imgs/test/unknown_725.png,512,512,OK
TBX11K,unknown_731.png,data/raw/TBX11K/imgs/test/unknown_731.png,512,512,OK
TBX11K,unknown_2786.png,data/raw/TBX11K/imgs/test/unknown_2786.png,512,512,OK
TBX11K,unknown_2976.png,data/raw/TBX11K/imgs/test/unknown_2976.png,512,512,OK
TBX11K,unknown_719.png,data/raw/TBX11K/imgs/test/unknown_719.png,512,512,OK
TBX11K,unknown_2962.png,data/raw/TBX11K/imgs/test/unknown_2962.png,512,512,OK
TBX11K,unknown_2751.png,data/raw/TBX11K/imgs/test/unknown_2751.png,512,512,OK
TBX11K,unknown_2989.png,data/raw/TBX11K/imgs/test/unknown_2989.png,512,512,OK
TBX11K,unknown_1258.png,data/raw/TBX11K/imgs/test/unknown_1258.png,512,512,OK
TBX11K,unknown_2037.png,data/raw/TBX11K/imgs/test/unknown_2037.png,512,512,OK
TBX11K,unknown_2023.png,data/raw/TBX11K/imgs/test/unknown_2023.png,512,512,OK
TBX11K,unknown_2745.png,data/raw/TBX11K/imgs/test/unknown_2745.png,512,512,OK
TBX11K,unknown_1264.png,data/raw/TBX11K/imgs/test/unknown_1264.png,512,512,OK
TBX11K,unknown_1502.png,data/raw/TBX11K/imgs/test/unknown_1502.png,512,512,OK
TBX11K,unknown_902.png,data/raw/TBX11K/imgs/test/unknown_902.png,512,512,OK
TBX11K,unknown_1516.png,data/raw/TBX11K/imgs/test/unknown_1516.png,512,512,OK
TBX11K,unknown_916.png,data/raw/TBX11K/imgs/test/unknown_916.png,512,512,OK
TBX11K,unknown_3301.png,data/raw/TBX11K/imgs/test/unknown_3301.png,512,512,OK
TBX11K,unknown_2779.png,data/raw/TBX11K/imgs/test/unknown_2779.png,512,512,OK
TBX11K,unknown_1270.png,data/raw/TBX11K/imgs/test/unknown_1270.png,512,512,OK
TBX11K,unknown_527.png,data/raw/TBX11K/imgs/test/unknown_527.png,512,512,OK
TBX11K,unknown_1927.png,data/raw/TBX11K/imgs/test/unknown_1927.png,512,512,OK
TBX11K,unknown_2590.png,data/raw/TBX11K/imgs/test/unknown_2590.png,512,512,OK
TBX11K,unknown_1099.png,data/raw/TBX11K/imgs/test/unknown_1099.png,512,512,OK
TBX11K,unknown_241.png,data/raw/TBX11K/imgs/test/unknown_241.png,512,512,OK
TBX11K,unknown_255.png,data/raw/TBX11K/imgs/test/unknown_255.png,512,512,OK
TBX11K,unknown_2584.png,data/raw/TBX11K/imgs/test/unknown_2584.png,512,512,OK
TBX11K,unknown_533.png,data/raw/TBX11K/imgs/test/unknown_533.png,512,512,OK
TBX11K,unknown_1933.png,data/raw/TBX11K/imgs/test/unknown_1933.png,512,512,OK
TBX11K,unknown_269.png,data/raw/TBX11K/imgs/test/unknown_269.png,512,512,OK
TBX11K,unknown_2235.png,data/raw/TBX11K/imgs/test/unknown_2235.png,512,512,OK
TBX11K,unknown_282.png,data/raw/TBX11K/imgs/test/unknown_282.png,512,512,OK
TBX11K,unknown_2553.png,data/raw/TBX11K/imgs/test/unknown_2553.png,512,512,OK
TBX11K,unknown_2547.png,data/raw/TBX11K/imgs/test/unknown_2547.png,512,512,OK
TBX11K,unknown_296.png,data/raw/TBX11K/imgs/test/unknown_296.png,512,512,OK
TBX11K,unknown_1728.png,data/raw/TBX11K/imgs/test/unknown_1728.png,512,512,OK
TBX11K,unknown_2221.png,data/raw/TBX11K/imgs/test/unknown_2221.png,512,512,OK
TBX11K,unknown_1700.png,data/raw/TBX11K/imgs/test/unknown_1700.png,512,512,OK
TBX11K,unknown_2209.png,data/raw/TBX11K/imgs/test/unknown_2209.png,512,512,OK
TBX11K,unknown_3117.png,data/raw/TBX11K/imgs/test/unknown_3117.png,512,512,OK
TBX11K,unknown_1066.png,data/raw/TBX11K/imgs/test/unknown_1066.png,512,512,OK
TBX11K,unknown_1072.png,data/raw/TBX11K/imgs/test/unknown_1072.png,512,512,OK
TBX11K,unknown_3103.png,data/raw/TBX11K/imgs/test/unknown_3103.png,512,512,OK
TBX11K,unknown_1714.png,data/raw/TBX11K/imgs/test/unknown_1714.png,512,512,OK
TBX11K,unknown_1853.png,data/raw/TBX11K/imgs/test/unknown_1853.png,512,512,OK
TBX11K,unknown_453.png,data/raw/TBX11K/imgs/test/unknown_453.png,512,512,OK
TBX11K,unknown_2382.png,data/raw/TBX11K/imgs/test/unknown_2382.png,512,512,OK
TBX11K,unknown_335.png,data/raw/TBX11K/imgs/test/unknown_335.png,512,512,OK
TBX11K,unknown_321.png,data/raw/TBX11K/imgs/test/unknown_321.png,512,512,OK
TBX11K,unknown_2396.png,data/raw/TBX11K/imgs/test/unknown_2396.png,512,512,OK
TBX11K,unknown_3088.png,data/raw/TBX11K/imgs/test/unknown_3088.png,512,512,OK
TBX11K,unknown_1847.png,data/raw/TBX11K/imgs/test/unknown_1847.png,512,512,OK
TBX11K,unknown_447.png,data/raw/TBX11K/imgs/test/unknown_447.png,512,512,OK
TBX11K,unknown_309.png,data/raw/TBX11K/imgs/test/unknown_309.png,512,512,OK
TBX11K,unknown_2341.png,data/raw/TBX11K/imgs/test/unknown_2341.png,512,512,OK
TBX11K,unknown_1648.png,data/raw/TBX11K/imgs/test/unknown_1648.png,512,512,OK
TBX11K,unknown_490.png,data/raw/TBX11K/imgs/test/unknown_490.png,512,512,OK
TBX11K,unknown_1890.png,data/raw/TBX11K/imgs/test/unknown_1890.png,512,512,OK
TBX11K,unknown_2427.png,data/raw/TBX11K/imgs/test/unknown_2427.png,512,512,OK
TBX11K,unknown_2433.png,data/raw/TBX11K/imgs/test/unknown_2433.png,512,512,OK
TBX11K,unknown_484.png,data/raw/TBX11K/imgs/test/unknown_484.png,512,512,OK
TBX11K,unknown_1884.png,data/raw/TBX11K/imgs/test/unknown_1884.png,512,512,OK
TBX11K,unknown_2355.png,data/raw/TBX11K/imgs/test/unknown_2355.png,512,512,OK
TBX11K,unknown_1674.png,data/raw/TBX11K/imgs/test/unknown_1674.png,512,512,OK
TBX11K,unknown_3063.png,data/raw/TBX11K/imgs/test/unknown_3063.png,512,512,OK
TBX11K,unknown_1112.png,data/raw/TBX11K/imgs/test/unknown_1112.png,512,512,OK
TBX11K,unknown_1106.png,data/raw/TBX11K/imgs/test/unknown_1106.png,512,512,OK
TBX11K,unknown_3077.png,data/raw/TBX11K/imgs/test/unknown_3077.png,512,512,OK
TBX11K,unknown_2369.png,data/raw/TBX11K/imgs/test/unknown_2369.png,512,512,OK
TBX11K,unknown_1660.png,data/raw/TBX11K/imgs/test/unknown_1660.png,512,512,OK
TBX11K,unknown_137.png,data/raw/TBX11K/imgs/test/unknown_137.png,512,512,OK
TBX11K,unknown_2180.png,data/raw/TBX11K/imgs/test/unknown_2180.png,512,512,OK
TBX11K,unknown_651.png,data/raw/TBX11K/imgs/test/unknown_651.png,512,512,OK
TBX11K,unknown_1489.png,data/raw/TBX11K/imgs/test/unknown_1489.png,512,512,OK
TBX11K,unknown_889.png,data/raw/TBX11K/imgs/test/unknown_889.png,512,512,OK
TBX11K,unknown_645.png,data/raw/TBX11K/imgs/test/unknown_645.png,512,512,OK
TBX11K,unknown_2194.png,data/raw/TBX11K/imgs/test/unknown_2194.png,512,512,OK
TBX11K,unknown_123.png,data/raw/TBX11K/imgs/test/unknown_123.png,512,512,OK
TBX11K,unknown_2802.png,data/raw/TBX11K/imgs/test/unknown_2802.png,512,512,OK
TBX11K,unknown_679.png,data/raw/TBX11K/imgs/test/unknown_679.png,512,512,OK
TBX11K,unknown_2816.png,data/raw/TBX11K/imgs/test/unknown_2816.png,512,512,OK
TBX11K,unknown_2625.png,data/raw/TBX11K/imgs/test/unknown_2625.png,512,512,OK
TBX11K,unknown_692.png,data/raw/TBX11K/imgs/test/unknown_692.png,512,512,OK
TBX11K,unknown_2143.png,data/raw/TBX11K/imgs/test/unknown_2143.png,512,512,OK
TBX11K,unknown_2157.png,data/raw/TBX11K/imgs/test/unknown_2157.png,512,512,OK
TBX11K,unknown_3249.png,data/raw/TBX11K/imgs/test/unknown_3249.png,512,512,OK
TBX11K,unknown_686.png,data/raw/TBX11K/imgs/test/unknown_686.png,512,512,OK
TBX11K,unknown_1338.png,data/raw/TBX11K/imgs/test/unknown_1338.png,512,512,OK
TBX11K,unknown_2631.png,data/raw/TBX11K/imgs/test/unknown_2631.png,512,512,OK
TBX11K,unknown_12.png,data/raw/TBX11K/imgs/test/unknown_12.png,512,512,OK
TBX11K,unknown_1310.png,data/raw/TBX11K/imgs/test/unknown_1310.png,512,512,OK
TBX11K,unknown_2619.png,data/raw/TBX11K/imgs/test/unknown_2619.png,512,512,OK
TBX11K,unknown_3261.png,data/raw/TBX11K/imgs/test/unknown_3261.png,512,512,OK
TBX11K,unknown_876.png,data/raw/TBX11K/imgs/test/unknown_876.png,512,512,OK
TBX11K,unknown_1476.png,data/raw/TBX11K/imgs/test/unknown_1476.png,512,512,OK
TBX11K,unknown_862.png,data/raw/TBX11K/imgs/test/unknown_862.png,512,512,OK
TBX11K,unknown_1462.png,data/raw/TBX11K/imgs/test/unknown_1462.png,512,512,OK
TBX11K,unknown_3275.png,data/raw/TBX11K/imgs/test/unknown_3275.png,512,512,OK
TBX11K,unknown_1304.png,data/raw/TBX11K/imgs/test/unknown_1304.png,512,512,OK
TBX11K,unknown_3274.png,data/raw/TBX11K/imgs/test/unknown_3274.png,512,512,OK
TBX11K,unknown_1463.png,data/raw/TBX11K/imgs/test/unknown_1463.png,512,512,OK
TBX11K,unknown_863.png,data/raw/TBX11K/imgs/test/unknown_863.png,512,512,OK
TBX11K,unknown_1305.png,data/raw/TBX11K/imgs/test/unknown_1305.png,512,512,OK
TBX11K,unknown_2618.png,data/raw/TBX11K/imgs/test/unknown_2618.png,512,512,OK
TBX11K,unknown_1311.png,data/raw/TBX11K/imgs/test/unknown_1311.png,512,512,OK
TBX11K,unknown_1477.png,data/raw/TBX11K/imgs/test/unknown_1477.png,512,512,OK
TBX11K,unknown_877.png,data/raw/TBX11K/imgs/test/unknown_877.png,512,512,OK
TBX11K,unknown_3260.png,data/raw/TBX11K/imgs/test/unknown_3260.png,512,512,OK
TBX11K,unknown_687.png,data/raw/TBX11K/imgs/test/unknown_687.png,512,512,OK
TBX11K,unknown_3248.png,data/raw/TBX11K/imgs/test/unknown_3248.png,512,512,OK
TBX11K,unknown_2156.png,data/raw/TBX11K/imgs/test/unknown_2156.png,512,512,OK
TBX11K,unknown_13.png,data/raw/TBX11K/imgs/test/unknown_13.png,512,512,OK
TBX11K,unknown_2630.png,data/raw/TBX11K/imgs/test/unknown_2630.png,512,512,OK
TBX11K,unknown_1339.png,data/raw/TBX11K/imgs/test/unknown_1339.png,512,512,OK
TBX11K,unknown_2624.png,data/raw/TBX11K/imgs/test/unknown_2624.png,512,512,OK
TBX11K,unknown_2142.png,data/raw/TBX11K/imgs/test/unknown_2142.png,512,512,OK
TBX11K,unknown_693.png,data/raw/TBX11K/imgs/test/unknown_693.png,512,512,OK
TBX11K,unknown_678.png,data/raw/TBX11K/imgs/test/unknown_678.png,512,512,OK
TBX11K,unknown_2817.png,data/raw/TBX11K/imgs/test/unknown_2817.png,512,512,OK
TBX11K,unknown_2803.png,data/raw/TBX11K/imgs/test/unknown_2803.png,512,512,OK
TBX11K,unknown_2195.png,data/raw/TBX11K/imgs/test/unknown_2195.png,512,512,OK
TBX11K,unknown_644.png,data/raw/TBX11K/imgs/test/unknown_644.png,512,512,OK
TBX11K,unknown_122.png,data/raw/TBX11K/imgs/test/unknown_122.png,512,512,OK
TBX11K,unknown_136.png,data/raw/TBX11K/imgs/test/unknown_136.png,512,512,OK
TBX11K,unknown_888.png,data/raw/TBX11K/imgs/test/unknown_888.png,512,512,OK
TBX11K,unknown_1488.png,data/raw/TBX11K/imgs/test/unknown_1488.png,512,512,OK
TBX11K,unknown_650.png,data/raw/TBX11K/imgs/test/unknown_650.png,512,512,OK
TBX11K,unknown_2181.png,data/raw/TBX11K/imgs/test/unknown_2181.png,512,512,OK
TBX11K,unknown_1107.png,data/raw/TBX11K/imgs/test/unknown_1107.png,512,512,OK
TBX11K,unknown_1661.png,data/raw/TBX11K/imgs/test/unknown_1661.png,512,512,OK
TBX11K,unknown_2368.png,data/raw/TBX11K/imgs/test/unknown_2368.png,512,512,OK
TBX11K,unknown_3076.png,data/raw/TBX11K/imgs/test/unknown_3076.png,512,512,OK
TBX11K,unknown_3062.png,data/raw/TBX11K/imgs/test/unknown_3062.png,512,512,OK
TBX11K,unknown_1675.png,data/raw/TBX11K/imgs/test/unknown_1675.png,512,512,OK
TBX11K,unknown_1113.png,data/raw/TBX11K/imgs/test/unknown_1113.png,512,512,OK
TBX11K,unknown_2432.png,data/raw/TBX11K/imgs/test/unknown_2432.png,512,512,OK
TBX11K,unknown_2354.png,data/raw/TBX11K/imgs/test/unknown_2354.png,512,512,OK
TBX11K,unknown_1885.png,data/raw/TBX11K/imgs/test/unknown_1885.png,512,512,OK
TBX11K,unknown_485.png,data/raw/TBX11K/imgs/test/unknown_485.png,512,512,OK
TBX11K,unknown_1891.png,data/raw/TBX11K/imgs/test/unknown_1891.png,512,512,OK
TBX11K,unknown_491.png,data/raw/TBX11K/imgs/test/unknown_491.png,512,512,OK
TBX11K,unknown_1649.png,data/raw/TBX11K/imgs/test/unknown_1649.png,512,512,OK
TBX11K,unknown_2340.png,data/raw/TBX11K/imgs/test/unknown_2340.png,512,512,OK
TBX11K,unknown_2426.png,data/raw/TBX11K/imgs/test/unknown_2426.png,512,512,OK
TBX11K,unknown_308.png,data/raw/TBX11K/imgs/test/unknown_308.png,512,512,OK
TBX11K,unknown_320.png,data/raw/TBX11K/imgs/test/unknown_320.png,512,512,OK
TBX11K,unknown_446.png,data/raw/TBX11K/imgs/test/unknown_446.png,512,512,OK
TBX11K,unknown_1846.png,data/raw/TBX11K/imgs/test/unknown_1846.png,512,512,OK
TBX11K,unknown_3089.png,data/raw/TBX11K/imgs/test/unknown_3089.png,512,512,OK
TBX11K,unknown_2397.png,data/raw/TBX11K/imgs/test/unknown_2397.png,512,512,OK
TBX11K,unknown_2383.png,data/raw/TBX11K/imgs/test/unknown_2383.png,512,512,OK
TBX11K,unknown_452.png,data/raw/TBX11K/imgs/test/unknown_452.png,512,512,OK
TBX11K,unknown_1852.png,data/raw/TBX11K/imgs/test/unknown_1852.png,512,512,OK
TBX11K,unknown_334.png,data/raw/TBX11K/imgs/test/unknown_334.png,512,512,OK
TBX11K,unknown_1073.png,data/raw/TBX11K/imgs/test/unknown_1073.png,512,512,OK
TBX11K,unknown_1715.png,data/raw/TBX11K/imgs/test/unknown_1715.png,512,512,OK
TBX11K,unknown_3102.png,data/raw/TBX11K/imgs/test/unknown_3102.png,512,512,OK
TBX11K,unknown_3116.png,data/raw/TBX11K/imgs/test/unknown_3116.png,512,512,OK
TBX11K,unknown_2208.png,data/raw/TBX11K/imgs/test/unknown_2208.png,512,512,OK
TBX11K,unknown_1701.png,data/raw/TBX11K/imgs/test/unknown_1701.png,512,512,OK
TBX11K,unknown_1067.png,data/raw/TBX11K/imgs/test/unknown_1067.png,512,512,OK
TBX11K,unknown_297.png,data/raw/TBX11K/imgs/test/unknown_297.png,512,512,OK
TBX11K,unknown_2546.png,data/raw/TBX11K/imgs/test/unknown_2546.png,512,512,OK
TBX11K,unknown_2220.png,data/raw/TBX11K/imgs/test/unknown_2220.png,512,512,OK
TBX11K,unknown_1729.png,data/raw/TBX11K/imgs/test/unknown_1729.png,512,512,OK
TBX11K,unknown_2234.png,data/raw/TBX11K/imgs/test/unknown_2234.png,512,512,OK
TBX11K,unknown_2552.png,data/raw/TBX11K/imgs/test/unknown_2552.png,512,512,OK
TBX11K,unknown_283.png,data/raw/TBX11K/imgs/test/unknown_283.png,512,512,OK
TBX11K,unknown_268.png,data/raw/TBX11K/imgs/test/unknown_268.png,512,512,OK
TBX11K,unknown_2585.png,data/raw/TBX11K/imgs/test/unknown_2585.png,512,512,OK
TBX11K,unknown_254.png,data/raw/TBX11K/imgs/test/unknown_254.png,512,512,OK
TBX11K,unknown_1932.png,data/raw/TBX11K/imgs/test/unknown_1932.png,512,512,OK
TBX11K,unknown_532.png,data/raw/TBX11K/imgs/test/unknown_532.png,512,512,OK
TBX11K,unknown_1926.png,data/raw/TBX11K/imgs/test/unknown_1926.png,512,512,OK
TBX11K,unknown_526.png,data/raw/TBX11K/imgs/test/unknown_526.png,512,512,OK
TBX11K,unknown_240.png,data/raw/TBX11K/imgs/test/unknown_240.png,512,512,OK
TBX11K,unknown_1098.png,data/raw/TBX11K/imgs/test/unknown_1098.png,512,512,OK
TBX11K,unknown_2591.png,data/raw/TBX11K/imgs/test/unknown_2591.png,512,512,OK
TBX11K,unknown_3300.png,data/raw/TBX11K/imgs/test/unknown_3300.png,512,512,OK
TBX11K,unknown_917.png,data/raw/TBX11K/imgs/test/unknown_917.png,512,512,OK
TBX11K,unknown_1517.png,data/raw/TBX11K/imgs/test/unknown_1517.png,512,512,OK
TBX11K,unknown_1271.png,data/raw/TBX11K/imgs/test/unknown_1271.png,512,512,OK
TBX11K,unknown_2778.png,data/raw/TBX11K/imgs/test/unknown_2778.png,512,512,OK
TBX11K,unknown_1265.png,data/raw/TBX11K/imgs/test/unknown_1265.png,512,512,OK
TBX11K,unknown_903.png,data/raw/TBX11K/imgs/test/unknown_903.png,512,512,OK
TBX11K,unknown_1503.png,data/raw/TBX11K/imgs/test/unknown_1503.png,512,512,OK
TBX11K,unknown_2022.png,data/raw/TBX11K/imgs/test/unknown_2022.png,512,512,OK
TBX11K,unknown_2744.png,data/raw/TBX11K/imgs/test/unknown_2744.png,512,512,OK
TBX11K,unknown_1259.png,data/raw/TBX11K/imgs/test/unknown_1259.png,512,512,OK
TBX11K,unknown_2988.png,data/raw/TBX11K/imgs/test/unknown_2988.png,512,512,OK
TBX11K,unknown_2750.png,data/raw/TBX11K/imgs/test/unknown_2750.png,512,512,OK
TBX11K,unknown_2036.png,data/raw/TBX11K/imgs/test/unknown_2036.png,512,512,OK
TBX11K,unknown_2963.png,data/raw/TBX11K/imgs/test/unknown_2963.png,512,512,OK
TBX11K,unknown_2977.png,data/raw/TBX11K/imgs/test/unknown_2977.png,512,512,OK
TBX11K,unknown_718.png,data/raw/TBX11K/imgs/test/unknown_718.png,512,512,OK
TBX11K,unknown_730.png,data/raw/TBX11K/imgs/test/unknown_730.png,512,512,OK
TBX11K,unknown_2787.png,data/raw/TBX11K/imgs/test/unknown_2787.png,512,512,OK
TBX11K,unknown_2793.png,data/raw/TBX11K/imgs/test/unknown_2793.png,512,512,OK
TBX11K,unknown_724.png,data/raw/TBX11K/imgs/test/unknown_724.png,512,512,OK
TBX11K,h3038.png,data/raw/TBX11K/imgs/health/h3038.png,512,512,OK
TBX11K,h4031.png,data/raw/TBX11K/imgs/health/h4031.png,512,512,OK
TBX11K,h3986.png,data/raw/TBX11K/imgs/health/h3986.png,512,512,OK
TBX11K,h4025.png,data/raw/TBX11K/imgs/health/h4025.png,512,512,OK
TBX11K,h3992.png,data/raw/TBX11K/imgs/health/h3992.png,512,512,OK
TBX11K,h2454.png,data/raw/TBX11K/imgs/health/h2454.png,512,512,OK
TBX11K,h0243.png,data/raw/TBX11K/imgs/health/h0243.png,512,512,OK
TBX11K,h2332.png,data/raw/TBX11K/imgs/health/h2332.png,512,512,OK
TBX11K,h4743.png,data/raw/TBX11K/imgs/health/h4743.png,512,512,OK
TBX11K,h1613.png,data/raw/TBX11K/imgs/health/h1613.png,512,512,OK
TBX11K,h3004.png,data/raw/TBX11K/imgs/health/h3004.png,512,512,OK
TBX11K,h1175.png,data/raw/TBX11K/imgs/health/h1175.png,512,512,OK
TBX11K,h3776.png,data/raw/TBX11K/imgs/health/h3776.png,512,512,OK
TBX11K,h4019.png,data/raw/TBX11K/imgs/health/h4019.png,512,512,OK
TBX11K,h2468.png,data/raw/TBX11K/imgs/health/h2468.png,512,512,OK
TBX11K,h3010.png,data/raw/TBX11K/imgs/health/h3010.png,512,512,OK
TBX11K,h0519.png,data/raw/TBX11K/imgs/health/h0519.png,512,512,OK
TBX11K,h1607.png,data/raw/TBX11K/imgs/health/h1607.png,512,512,OK
TBX11K,h1834.png,data/raw/TBX11K/imgs/health/h1834.png,512,512,OK
TBX11K,h4794.png,data/raw/TBX11K/imgs/health/h4794.png,512,512,OK
TBX11K,h3945.png,data/raw/TBX11K/imgs/health/h3945.png,512,512,OK
TBX11K,h2483.png,data/raw/TBX11K/imgs/health/h2483.png,512,512,OK
TBX11K,h0294.png,data/raw/TBX11K/imgs/health/h0294.png,512,512,OK
TBX11K,h3951.png,data/raw/TBX11K/imgs/health/h3951.png,512,512,OK
TBX11K,h2497.png,data/raw/TBX11K/imgs/health/h2497.png,512,512,OK
TBX11K,h3789.png,data/raw/TBX11K/imgs/health/h3789.png,512,512,OK
TBX11K,h4780.png,data/raw/TBX11K/imgs/health/h4780.png,512,512,OK
TBX11K,h4958.png,data/raw/TBX11K/imgs/health/h4958.png,512,512,OK
TBX11K,h1820.png,data/raw/TBX11K/imgs/health/h1820.png,512,512,OK
TBX11K,h4970.png,data/raw/TBX11K/imgs/health/h4970.png,512,512,OK
TBX11K,h2642.png,data/raw/TBX11K/imgs/health/h2642.png,512,512,OK
TBX11K,h4233.png,data/raw/TBX11K/imgs/health/h4233.png,512,512,OK
TBX11K,h0055.png,data/raw/TBX11K/imgs/health/h0055.png,512,512,OK
TBX11K,h0733.png,data/raw/TBX11K/imgs/health/h0733.png,512,512,OK
TBX11K,h4555.png,data/raw/TBX11K/imgs/health/h4555.png,512,512,OK
TBX11K,h2124.png,data/raw/TBX11K/imgs/health/h2124.png,512,512,OK
TBX11K,h4541.png,data/raw/TBX11K/imgs/health/h4541.png,512,512,OK
TBX11K,h2130.png,data/raw/TBX11K/imgs/health/h2130.png,512,512,OK
TBX11K,h1439.png,data/raw/TBX11K/imgs/health/h1439.png,512,512,OK
TBX11K,h0727.png,data/raw/TBX11K/imgs/health/h0727.png,512,512,OK
TBX11K,h0041.png,data/raw/TBX11K/imgs/health/h0041.png,512,512,OK
TBX11K,h2656.png,data/raw/TBX11K/imgs/health/h2656.png,512,512,OK
TBX11K,h4227.png,data/raw/TBX11K/imgs/health/h4227.png,512,512,OK
TBX11K,h3548.png,data/raw/TBX11K/imgs/health/h3548.png,512,512,OK
TBX11K,h0069.png,data/raw/TBX11K/imgs/health/h0069.png,512,512,OK
TBX11K,h1377.png,data/raw/TBX11K/imgs/health/h1377.png,512,512,OK
TBX11K,h3560.png,data/raw/TBX11K/imgs/health/h3560.png,512,512,OK
TBX11K,h3206.png,data/raw/TBX11K/imgs/health/h3206.png,512,512,OK
TBX11K,h4569.png,data/raw/TBX11K/imgs/health/h4569.png,512,512,OK
TBX11K,h2118.png,data/raw/TBX11K/imgs/health/h2118.png,512,512,OK
TBX11K,h1405.png,data/raw/TBX11K/imgs/health/h1405.png,512,512,OK
TBX11K,h3212.png,data/raw/TBX11K/imgs/health/h3212.png,512,512,OK
TBX11K,h3574.png,data/raw/TBX11K/imgs/health/h3574.png,512,512,OK
TBX11K,h1363.png,data/raw/TBX11K/imgs/health/h1363.png,512,512,OK
TBX11K,h0096.png,data/raw/TBX11K/imgs/health/h0096.png,512,512,OK
TBX11K,h2859.png,data/raw/TBX11K/imgs/health/h2859.png,512,512,OK
TBX11K,h2681.png,data/raw/TBX11K/imgs/health/h2681.png,512,512,OK
TBX11K,h4596.png,data/raw/TBX11K/imgs/health/h4596.png,512,512,OK
TBX11K,h0928.png,data/raw/TBX11K/imgs/health/h0928.png,512,512,OK
TBX11K,h4582.png,data/raw/TBX11K/imgs/health/h4582.png,512,512,OK
TBX11K,h0082.png,data/raw/TBX11K/imgs/health/h0082.png,512,512,OK
TBX11K,h2865.png,data/raw/TBX11K/imgs/health/h2865.png,512,512,OK
TBX11K,h0914.png,data/raw/TBX11K/imgs/health/h0914.png,512,512,OK
TBX11K,h2871.png,data/raw/TBX11K/imgs/health/h2871.png,512,512,OK
TBX11K,h3428.png,data/raw/TBX11K/imgs/health/h3428.png,512,512,OK
TBX11K,h4347.png,data/raw/TBX11K/imgs/health/h4347.png,512,512,OK
TBX11K,h2736.png,data/raw/TBX11K/imgs/health/h2736.png,512,512,OK
TBX11K,h0121.png,data/raw/TBX11K/imgs/health/h0121.png,512,512,OK
TBX11K,h0647.png,data/raw/TBX11K/imgs/health/h0647.png,512,512,OK
TBX11K,h1559.png,data/raw/TBX11K/imgs/health/h1559.png,512,512,OK
TBX11K,h2050.png,data/raw/TBX11K/imgs/health/h2050.png,512,512,OK
TBX11K,h4421.png,data/raw/TBX11K/imgs/health/h4421.png,512,512,OK
TBX11K,h2044.png,data/raw/TBX11K/imgs/health/h2044.png,512,512,OK
TBX11K,h4435.png,data/raw/TBX11K/imgs/health/h4435.png,512,512,OK
TBX11K,h0135.png,data/raw/TBX11K/imgs/health/h0135.png,512,512,OK
TBX11K,h2722.png,data/raw/TBX11K/imgs/health/h2722.png,512,512,OK
TBX11K,h3414.png,data/raw/TBX11K/imgs/health/h3414.png,512,512,OK
TBX11K,h3372.png,data/raw/TBX11K/imgs/health/h3372.png,512,512,OK
TBX11K,h1565.png,data/raw/TBX11K/imgs/health/h1565.png,512,512,OK
TBX11K,h1571.png,data/raw/TBX11K/imgs/health/h1571.png,512,512,OK
TBX11K,h3366.png,data/raw/TBX11K/imgs/health/h3366.png,512,512,OK
TBX11K,h3400.png,data/raw/TBX11K/imgs/health/h3400.png,512,512,OK
TBX11K,h1217.png,data/raw/TBX11K/imgs/health/h1217.png,512,512,OK
TBX11K,h2093.png,data/raw/TBX11K/imgs/health/h2093.png,512,512,OK
TBX11K,h0684.png,data/raw/TBX11K/imgs/health/h0684.png,512,512,OK
TBX11K,h0690.png,data/raw/TBX11K/imgs/health/h0690.png,512,512,OK
TBX11K,h3399.png,data/raw/TBX11K/imgs/health/h3399.png,512,512,OK
TBX11K,h2087.png,data/raw/TBX11K/imgs/health/h2087.png,512,512,OK
TBX11K,h4390.png,data/raw/TBX11K/imgs/health/h4390.png,512,512,OK
TBX11K,h2911.png,data/raw/TBX11K/imgs/health/h2911.png,512,512,OK
TBX11K,h0860.png,data/raw/TBX11K/imgs/health/h0860.png,512,512,OK
TBX11K,h0874.png,data/raw/TBX11K/imgs/health/h0874.png,512,512,OK
TBX11K,h2905.png,data/raw/TBX11K/imgs/health/h2905.png,512,512,OK
TBX11K,h2252.png,data/raw/TBX11K/imgs/health/h2252.png,512,512,OK
TBX11K,h0445.png,data/raw/TBX11K/imgs/health/h0445.png,512,512,OK
TBX11K,h0323.png,data/raw/TBX11K/imgs/health/h0323.png,512,512,OK
TBX11K,h2534.png,data/raw/TBX11K/imgs/health/h2534.png,512,512,OK
TBX11K,h4145.png,data/raw/TBX11K/imgs/health/h4145.png,512,512,OK
TBX11K,h2520.png,data/raw/TBX11K/imgs/health/h2520.png,512,512,OK
TBX11K,h4151.png,data/raw/TBX11K/imgs/health/h4151.png,512,512,OK
TBX11K,h0337.png,data/raw/TBX11K/imgs/health/h0337.png,512,512,OK
TBX11K,h1997.png,data/raw/TBX11K/imgs/health/h1997.png,512,512,OK
TBX11K,h0451.png,data/raw/TBX11K/imgs/health/h0451.png,512,512,OK
TBX11K,h3158.png,data/raw/TBX11K/imgs/health/h3158.png,512,512,OK
TBX11K,h4637.png,data/raw/TBX11K/imgs/health/h4637.png,512,512,OK
TBX11K,h2246.png,data/raw/TBX11K/imgs/health/h2246.png,512,512,OK
TBX11K,h1767.png,data/raw/TBX11K/imgs/health/h1767.png,512,512,OK
TBX11K,h0479.png,data/raw/TBX11K/imgs/health/h0479.png,512,512,OK
TBX11K,h2508.png,data/raw/TBX11K/imgs/health/h2508.png,512,512,OK
TBX11K,h4179.png,data/raw/TBX11K/imgs/health/h4179.png,512,512,OK
TBX11K,h3616.png,data/raw/TBX11K/imgs/health/h3616.png,512,512,OK
TBX11K,h1015.png,data/raw/TBX11K/imgs/health/h1015.png,512,512,OK
TBX11K,h3602.png,data/raw/TBX11K/imgs/health/h3602.png,512,512,OK
TBX11K,h1773.png,data/raw/TBX11K/imgs/health/h1773.png,512,512,OK
TBX11K,h1940.png,data/raw/TBX11K/imgs/health/h1940.png,512,512,OK
TBX11K,h1798.png,data/raw/TBX11K/imgs/health/h1798.png,512,512,OK
TBX11K,h4838.png,data/raw/TBX11K/imgs/health/h4838.png,512,512,OK
TBX11K,h2291.png,data/raw/TBX11K/imgs/health/h2291.png,512,512,OK
TBX11K,h4186.png,data/raw/TBX11K/imgs/health/h4186.png,512,512,OK
TBX11K,h4192.png,data/raw/TBX11K/imgs/health/h4192.png,512,512,OK
TBX11K,h3825.png,data/raw/TBX11K/imgs/health/h3825.png,512,512,OK
TBX11K,h1954.png,data/raw/TBX11K/imgs/health/h1954.png,512,512,OK
TBX11K,h0492.png,data/raw/TBX11K/imgs/health/h0492.png,512,512,OK
TBX11K,h3819.png,data/raw/TBX11K/imgs/health/h3819.png,512,512,OK
TBX11K,h1968.png,data/raw/TBX11K/imgs/health/h1968.png,512,512,OK
TBX11K,h4810.png,data/raw/TBX11K/imgs/health/h4810.png,512,512,OK
TBX11K,h4811.png,data/raw/TBX11K/imgs/health/h4811.png,512,512,OK
TBX11K,h1969.png,data/raw/TBX11K/imgs/health/h1969.png,512,512,OK
TBX11K,h4805.png,data/raw/TBX11K/imgs/health/h4805.png,512,512,OK
TBX11K,h3824.png,data/raw/TBX11K/imgs/health/h3824.png,512,512,OK
TBX11K,h4193.png,data/raw/TBX11K/imgs/health/h4193.png,512,512,OK
TBX11K,h1955.png,data/raw/TBX11K/imgs/health/h1955.png,512,512,OK
TBX11K,h2290.png,data/raw/TBX11K/imgs/health/h2290.png,512,512,OK
TBX11K,h4839.png,data/raw/TBX11K/imgs/health/h4839.png,512,512,OK
TBX11K,h1799.png,data/raw/TBX11K/imgs/health/h1799.png,512,512,OK
TBX11K,h0487.png,data/raw/TBX11K/imgs/health/h0487.png,512,512,OK
TBX11K,h3830.png,data/raw/TBX11K/imgs/health/h3830.png,512,512,OK
TBX11K,h4187.png,data/raw/TBX11K/imgs/health/h4187.png,512,512,OK
TBX11K,h3603.png,data/raw/TBX11K/imgs/health/h3603.png,512,512,OK
TBX11K,h1772.png,data/raw/TBX11K/imgs/health/h1772.png,512,512,OK
TBX11K,h3171.png,data/raw/TBX11K/imgs/health/h3171.png,512,512,OK
TBX11K,h0478.png,data/raw/TBX11K/imgs/health/h0478.png,512,512,OK
TBX11K,h1766.png,data/raw/TBX11K/imgs/health/h1766.png,512,512,OK
TBX11K,h3617.png,data/raw/TBX11K/imgs/health/h3617.png,512,512,OK
TBX11K,h4178.png,data/raw/TBX11K/imgs/health/h4178.png,512,512,OK
TBX11K,h1028.png,data/raw/TBX11K/imgs/health/h1028.png,512,512,OK
TBX11K,h2521.png,data/raw/TBX11K/imgs/health/h2521.png,512,512,OK
TBX11K,h2247.png,data/raw/TBX11K/imgs/health/h2247.png,512,512,OK
TBX11K,h4636.png,data/raw/TBX11K/imgs/health/h4636.png,512,512,OK
TBX11K,h3159.png,data/raw/TBX11K/imgs/health/h3159.png,512,512,OK
TBX11K,h0450.png,data/raw/TBX11K/imgs/health/h0450.png,512,512,OK
TBX11K,h1996.png,data/raw/TBX11K/imgs/health/h1996.png,512,512,OK
TBX11K,h0444.png,data/raw/TBX11K/imgs/health/h0444.png,512,512,OK
TBX11K,h1982.png,data/raw/TBX11K/imgs/health/h1982.png,512,512,OK
TBX11K,h2253.png,data/raw/TBX11K/imgs/health/h2253.png,512,512,OK
TBX11K,h4622.png,data/raw/TBX11K/imgs/health/h4622.png,512,512,OK
TBX11K,h4144.png,data/raw/TBX11K/imgs/health/h4144.png,512,512,OK
TBX11K,h2535.png,data/raw/TBX11K/imgs/health/h2535.png,512,512,OK
TBX11K,h0322.png,data/raw/TBX11K/imgs/health/h0322.png,512,512,OK
TBX11K,h0875.png,data/raw/TBX11K/imgs/health/h0875.png,512,512,OK
TBX11K,h2904.png,data/raw/TBX11K/imgs/health/h2904.png,512,512,OK
TBX11K,h2910.png,data/raw/TBX11K/imgs/health/h2910.png,512,512,OK
TBX11K,h2086.png,data/raw/TBX11K/imgs/health/h2086.png,512,512,OK
TBX11K,h0691.png,data/raw/TBX11K/imgs/health/h0691.png,512,512,OK
TBX11K,h0849.png,data/raw/TBX11K/imgs/health/h0849.png,512,512,OK
TBX11K,h4391.png,data/raw/TBX11K/imgs/health/h4391.png,512,512,OK
TBX11K,h2938.png,data/raw/TBX11K/imgs/health/h2938.png,512,512,OK
TBX11K,h0685.png,data/raw/TBX11K/imgs/health/h0685.png,512,512,OK
TBX11K,h2092.png,data/raw/TBX11K/imgs/health/h2092.png,512,512,OK
TBX11K,h3367.png,data/raw/TBX11K/imgs/health/h3367.png,512,512,OK
TBX11K,h4408.png,data/raw/TBX11K/imgs/health/h4408.png,512,512,OK
TBX11K,h2079.png,data/raw/TBX11K/imgs/health/h2079.png,512,512,OK
TBX11K,h1570.png,data/raw/TBX11K/imgs/health/h1570.png,512,512,OK
TBX11K,h0108.png,data/raw/TBX11K/imgs/health/h0108.png,512,512,OK
TBX11K,h3401.png,data/raw/TBX11K/imgs/health/h3401.png,512,512,OK
TBX11K,h3415.png,data/raw/TBX11K/imgs/health/h3415.png,512,512,OK
TBX11K,h1202.png,data/raw/TBX11K/imgs/health/h1202.png,512,512,OK
TBX11K,h1564.png,data/raw/TBX11K/imgs/health/h1564.png,512,512,OK
TBX11K,h3373.png,data/raw/TBX11K/imgs/health/h3373.png,512,512,OK
TBX11K,h0652.png,data/raw/TBX11K/imgs/health/h0652.png,512,512,OK
TBX11K,h4434.png,data/raw/TBX11K/imgs/health/h4434.png,512,512,OK
TBX11K,h2045.png,data/raw/TBX11K/imgs/health/h2045.png,512,512,OK
TBX11K,h2723.png,data/raw/TBX11K/imgs/health/h2723.png,512,512,OK
TBX11K,h4352.png,data/raw/TBX11K/imgs/health/h4352.png,512,512,OK
TBX11K,h0134.png,data/raw/TBX11K/imgs/health/h0134.png,512,512,OK
TBX11K,h0120.png,data/raw/TBX11K/imgs/health/h0120.png,512,512,OK
TBX11K,h3429.png,data/raw/TBX11K/imgs/health/h3429.png,512,512,OK
TBX11K,h4420.png,data/raw/TBX11K/imgs/health/h4420.png,512,512,OK
TBX11K,h2051.png,data/raw/TBX11K/imgs/health/h2051.png,512,512,OK
TBX11K,h1558.png,data/raw/TBX11K/imgs/health/h1558.png,512,512,OK
TBX11K,h0646.png,data/raw/TBX11K/imgs/health/h0646.png,512,512,OK
TBX11K,h2870.png,data/raw/TBX11K/imgs/health/h2870.png,512,512,OK
TBX11K,h2864.png,data/raw/TBX11K/imgs/health/h2864.png,512,512,OK
TBX11K,h0915.png,data/raw/TBX11K/imgs/health/h0915.png,512,512,OK
TBX11K,h4583.png,data/raw/TBX11K/imgs/health/h4583.png,512,512,OK
TBX11K,h0083.png,data/raw/TBX11K/imgs/health/h0083.png,512,512,OK
TBX11K,h2694.png,data/raw/TBX11K/imgs/health/h2694.png,512,512,OK
TBX11K,h0097.png,data/raw/TBX11K/imgs/health/h0097.png,512,512,OK
TBX11K,h1389.png,data/raw/TBX11K/imgs/health/h1389.png,512,512,OK
TBX11K,h3213.png,data/raw/TBX11K/imgs/health/h3213.png,512,512,OK
TBX11K,h1404.png,data/raw/TBX11K/imgs/health/h1404.png,512,512,OK
TBX11K,h1362.png,data/raw/TBX11K/imgs/health/h1362.png,512,512,OK
TBX11K,h3575.png,data/raw/TBX11K/imgs/health/h3575.png,512,512,OK
TBX11K,h3561.png,data/raw/TBX11K/imgs/health/h3561.png,512,512,OK
TBX11K,h1410.png,data/raw/TBX11K/imgs/health/h1410.png,512,512,OK
TBX11K,h2119.png,data/raw/TBX11K/imgs/health/h2119.png,512,512,OK
TBX11K,h4568.png,data/raw/TBX11K/imgs/health/h4568.png,512,512,OK
TBX11K,h3207.png,data/raw/TBX11K/imgs/health/h3207.png,512,512,OK
TBX11K,h0726.png,data/raw/TBX11K/imgs/health/h0726.png,512,512,OK
TBX11K,h1438.png,data/raw/TBX11K/imgs/health/h1438.png,512,512,OK
TBX11K,h4540.png,data/raw/TBX11K/imgs/health/h4540.png,512,512,OK
TBX11K,h3549.png,data/raw/TBX11K/imgs/health/h3549.png,512,512,OK
TBX11K,h4226.png,data/raw/TBX11K/imgs/health/h4226.png,512,512,OK
TBX11K,h2657.png,data/raw/TBX11K/imgs/health/h2657.png,512,512,OK
TBX11K,h0040.png,data/raw/TBX11K/imgs/health/h0040.png,512,512,OK
TBX11K,h0054.png,data/raw/TBX11K/imgs/health/h0054.png,512,512,OK
TBX11K,h2643.png,data/raw/TBX11K/imgs/health/h2643.png,512,512,OK
TBX11K,h2125.png,data/raw/TBX11K/imgs/health/h2125.png,512,512,OK
TBX11K,h4554.png,data/raw/TBX11K/imgs/health/h4554.png,512,512,OK
TBX11K,h0732.png,data/raw/TBX11K/imgs/health/h0732.png,512,512,OK
TBX11K,h4965.png,data/raw/TBX11K/imgs/health/h4965.png,512,512,OK
TBX11K,h1809.png,data/raw/TBX11K/imgs/health/h1809.png,512,512,OK
TBX11K,h3978.png,data/raw/TBX11K/imgs/health/h3978.png,512,512,OK
TBX11K,h2496.png,data/raw/TBX11K/imgs/health/h2496.png,512,512,OK
TBX11K,h3950.png,data/raw/TBX11K/imgs/health/h3950.png,512,512,OK
TBX11K,h0281.png,data/raw/TBX11K/imgs/health/h0281.png,512,512,OK
TBX11K,h1821.png,data/raw/TBX11K/imgs/health/h1821.png,512,512,OK
TBX11K,h1835.png,data/raw/TBX11K/imgs/health/h1835.png,512,512,OK
TBX11K,h0295.png,data/raw/TBX11K/imgs/health/h0295.png,512,512,OK
TBX11K,h2482.png,data/raw/TBX11K/imgs/health/h2482.png,512,512,OK
TBX11K,h3944.png,data/raw/TBX11K/imgs/health/h3944.png,512,512,OK
TBX11K,h2469.png,data/raw/TBX11K/imgs/health/h2469.png,512,512,OK
TBX11K,h4018.png,data/raw/TBX11K/imgs/health/h4018.png,512,512,OK
TBX11K,h3777.png,data/raw/TBX11K/imgs/health/h3777.png,512,512,OK
TBX11K,h1160.png,data/raw/TBX11K/imgs/health/h1160.png,512,512,OK
TBX11K,h0518.png,data/raw/TBX11K/imgs/health/h0518.png,512,512,OK
TBX11K,h3011.png,data/raw/TBX11K/imgs/health/h3011.png,512,512,OK
TBX11K,h3005.png,data/raw/TBX11K/imgs/health/h3005.png,512,512,OK
TBX11K,h1174.png,data/raw/TBX11K/imgs/health/h1174.png,512,512,OK
TBX11K,h3763.png,data/raw/TBX11K/imgs/health/h3763.png,512,512,OK
TBX11K,h0242.png,data/raw/TBX11K/imgs/health/h0242.png,512,512,OK
TBX11K,h2455.png,data/raw/TBX11K/imgs/health/h2455.png,512,512,OK
TBX11K,h3993.png,data/raw/TBX11K/imgs/health/h3993.png,512,512,OK
TBX11K,h4024.png,data/raw/TBX11K/imgs/health/h4024.png,512,512,OK
TBX11K,h4742.png,data/raw/TBX11K/imgs/health/h4742.png,512,512,OK
TBX11K,h0524.png,data/raw/TBX11K/imgs/health/h0524.png,512,512,OK
TBX11K,h0530.png,data/raw/TBX11K/imgs/health/h0530.png,512,512,OK
TBX11K,h3039.png,data/raw/TBX11K/imgs/health/h3039.png,512,512,OK
TBX11K,h2327.png,data/raw/TBX11K/imgs/health/h2327.png,512,512,OK
TBX11K,h2441.png,data/raw/TBX11K/imgs/health/h2441.png,512,512,OK
TBX11K,h3987.png,data/raw/TBX11K/imgs/health/h3987.png,512,512,OK
TBX11K,h4030.png,data/raw/TBX11K/imgs/health/h4030.png,512,512,OK
TBX11K,h1638.png,data/raw/TBX11K/imgs/health/h1638.png,512,512,OK
TBX11K,h2331.png,data/raw/TBX11K/imgs/health/h2331.png,512,512,OK
TBX11K,h4998.png,data/raw/TBX11K/imgs/health/h4998.png,512,512,OK
TBX11K,h4740.png,data/raw/TBX11K/imgs/health/h4740.png,512,512,OK
TBX11K,h4026.png,data/raw/TBX11K/imgs/health/h4026.png,512,512,OK
TBX11K,h3991.png,data/raw/TBX11K/imgs/health/h3991.png,512,512,OK
TBX11K,h2457.png,data/raw/TBX11K/imgs/health/h2457.png,512,512,OK
TBX11K,h0254.png,data/raw/TBX11K/imgs/health/h0254.png,512,512,OK
TBX11K,h3985.png,data/raw/TBX11K/imgs/health/h3985.png,512,512,OK
TBX11K,h2443.png,data/raw/TBX11K/imgs/health/h2443.png,512,512,OK
TBX11K,h2325.png,data/raw/TBX11K/imgs/health/h2325.png,512,512,OK
TBX11K,h3013.png,data/raw/TBX11K/imgs/health/h3013.png,512,512,OK
TBX11K,h1604.png,data/raw/TBX11K/imgs/health/h1604.png,512,512,OK
TBX11K,h1162.png,data/raw/TBX11K/imgs/health/h1162.png,512,512,OK
TBX11K,h3775.png,data/raw/TBX11K/imgs/health/h3775.png,512,512,OK
TBX11K,h0268.png,data/raw/TBX11K/imgs/health/h0268.png,512,512,OK
TBX11K,h4768.png,data/raw/TBX11K/imgs/health/h4768.png,512,512,OK
TBX11K,h3007.png,data/raw/TBX11K/imgs/health/h3007.png,512,512,OK
TBX11K,h4783.png,data/raw/TBX11K/imgs/health/h4783.png,512,512,OK
TBX11K,h1823.png,data/raw/TBX11K/imgs/health/h1823.png,512,512,OK
TBX11K,h0283.png,data/raw/TBX11K/imgs/health/h0283.png,512,512,OK
TBX11K,h3952.png,data/raw/TBX11K/imgs/health/h3952.png,512,512,OK
TBX11K,h2494.png,data/raw/TBX11K/imgs/health/h2494.png,512,512,OK
TBX11K,h2480.png,data/raw/TBX11K/imgs/health/h2480.png,512,512,OK
TBX11K,h0297.png,data/raw/TBX11K/imgs/health/h0297.png,512,512,OK
TBX11K,h1189.png,data/raw/TBX11K/imgs/health/h1189.png,512,512,OK
TBX11K,h1837.png,data/raw/TBX11K/imgs/health/h1837.png,512,512,OK
TBX11K,h4797.png,data/raw/TBX11K/imgs/health/h4797.png,512,512,OK
TBX11K,h4967.png,data/raw/TBX11K/imgs/health/h4967.png,512,512,OK
TBX11K,h4973.png,data/raw/TBX11K/imgs/health/h4973.png,512,512,OK
TBX11K,h0042.png,data/raw/TBX11K/imgs/health/h0042.png,512,512,OK
TBX11K,h2655.png,data/raw/TBX11K/imgs/health/h2655.png,512,512,OK
TBX11K,h4224.png,data/raw/TBX11K/imgs/health/h4224.png,512,512,OK
TBX11K,h4542.png,data/raw/TBX11K/imgs/health/h4542.png,512,512,OK
TBX11K,h2133.png,data/raw/TBX11K/imgs/health/h2133.png,512,512,OK
TBX11K,h0730.png,data/raw/TBX11K/imgs/health/h0730.png,512,512,OK
TBX11K,h3239.png,data/raw/TBX11K/imgs/health/h3239.png,512,512,OK
TBX11K,h4230.png,data/raw/TBX11K/imgs/health/h4230.png,512,512,OK
TBX11K,h0056.png,data/raw/TBX11K/imgs/health/h0056.png,512,512,OK
TBX11K,h1348.png,data/raw/TBX11K/imgs/health/h1348.png,512,512,OK
TBX11K,h2669.png,data/raw/TBX11K/imgs/health/h2669.png,512,512,OK
TBX11K,h4218.png,data/raw/TBX11K/imgs/health/h4218.png,512,512,OK
TBX11K,h3577.png,data/raw/TBX11K/imgs/health/h3577.png,512,512,OK
TBX11K,h1360.png,data/raw/TBX11K/imgs/health/h1360.png,512,512,OK
TBX11K,h1406.png,data/raw/TBX11K/imgs/health/h1406.png,512,512,OK
TBX11K,h3211.png,data/raw/TBX11K/imgs/health/h3211.png,512,512,OK
TBX11K,h1374.png,data/raw/TBX11K/imgs/health/h1374.png,512,512,OK
TBX11K,h3563.png,data/raw/TBX11K/imgs/health/h3563.png,512,512,OK
TBX11K,h3588.png,data/raw/TBX11K/imgs/health/h3588.png,512,512,OK
TBX11K,h0081.png,data/raw/TBX11K/imgs/health/h0081.png,512,512,OK
TBX11K,h4581.png,data/raw/TBX11K/imgs/health/h4581.png,512,512,OK
TBX11K,h4595.png,data/raw/TBX11K/imgs/health/h4595.png,512,512,OK
TBX11K,h0095.png,data/raw/TBX11K/imgs/health/h0095.png,512,512,OK
TBX11K,h2682.png,data/raw/TBX11K/imgs/health/h2682.png,512,512,OK
TBX11K,h2872.png,data/raw/TBX11K/imgs/health/h2872.png,512,512,OK
TBX11K,h0903.png,data/raw/TBX11K/imgs/health/h0903.png,512,512,OK
TBX11K,h0917.png,data/raw/TBX11K/imgs/health/h0917.png,512,512,OK
TBX11K,h2866.png,data/raw/TBX11K/imgs/health/h2866.png,512,512,OK
TBX11K,h4350.png,data/raw/TBX11K/imgs/health/h4350.png,512,512,OK
TBX11K,h2721.png,data/raw/TBX11K/imgs/health/h2721.png,512,512,OK
TBX11K,h2047.png,data/raw/TBX11K/imgs/health/h2047.png,512,512,OK
TBX11K,h4436.png,data/raw/TBX11K/imgs/health/h4436.png,512,512,OK
TBX11K,h0888.png,data/raw/TBX11K/imgs/health/h0888.png,512,512,OK
TBX11K,h0644.png,data/raw/TBX11K/imgs/health/h0644.png,512,512,OK
TBX11K,h4422.png,data/raw/TBX11K/imgs/health/h4422.png,512,512,OK
TBX11K,h4344.png,data/raw/TBX11K/imgs/health/h4344.png,512,512,OK
TBX11K,h2735.png,data/raw/TBX11K/imgs/health/h2735.png,512,512,OK
TBX11K,h0122.png,data/raw/TBX11K/imgs/health/h0122.png,512,512,OK
TBX11K,h3403.png,data/raw/TBX11K/imgs/health/h3403.png,512,512,OK
TBX11K,h1572.png,data/raw/TBX11K/imgs/health/h1572.png,512,512,OK
TBX11K,h3365.png,data/raw/TBX11K/imgs/health/h3365.png,512,512,OK
TBX11K,h3371.png,data/raw/TBX11K/imgs/health/h3371.png,512,512,OK
TBX11K,h0678.png,data/raw/TBX11K/imgs/health/h0678.png,512,512,OK
TBX11K,h1200.png,data/raw/TBX11K/imgs/health/h1200.png,512,512,OK
TBX11K,h3417.png,data/raw/TBX11K/imgs/health/h3417.png,512,512,OK
TBX11K,h4378.png,data/raw/TBX11K/imgs/health/h4378.png,512,512,OK
TBX11K,h2709.png,data/raw/TBX11K/imgs/health/h2709.png,512,512,OK
TBX11K,h4393.png,data/raw/TBX11K/imgs/health/h4393.png,512,512,OK
TBX11K,h0693.png,data/raw/TBX11K/imgs/health/h0693.png,512,512,OK
TBX11K,h2084.png,data/raw/TBX11K/imgs/health/h2084.png,512,512,OK
TBX11K,h2090.png,data/raw/TBX11K/imgs/health/h2090.png,512,512,OK
TBX11K,h0687.png,data/raw/TBX11K/imgs/health/h0687.png,512,512,OK
TBX11K,h4387.png,data/raw/TBX11K/imgs/health/h4387.png,512,512,OK
TBX11K,h0877.png,data/raw/TBX11K/imgs/health/h0877.png,512,512,OK
TBX11K,h0863.png,data/raw/TBX11K/imgs/health/h0863.png,512,512,OK
TBX11K,h2912.png,data/raw/TBX11K/imgs/health/h2912.png,512,512,OK
TBX11K,h4634.png,data/raw/TBX11K/imgs/health/h4634.png,512,512,OK
TBX11K,h2523.png,data/raw/TBX11K/imgs/health/h2523.png,512,512,OK
TBX11K,h4152.png,data/raw/TBX11K/imgs/health/h4152.png,512,512,OK
TBX11K,h0334.png,data/raw/TBX11K/imgs/health/h0334.png,512,512,OK
TBX11K,h0320.png,data/raw/TBX11K/imgs/health/h0320.png,512,512,OK
TBX11K,h2537.png,data/raw/TBX11K/imgs/health/h2537.png,512,512,OK
TBX11K,h4620.png,data/raw/TBX11K/imgs/health/h4620.png,512,512,OK
TBX11K,h2251.png,data/raw/TBX11K/imgs/health/h2251.png,512,512,OK
TBX11K,h1758.png,data/raw/TBX11K/imgs/health/h1758.png,512,512,OK
TBX11K,h1980.png,data/raw/TBX11K/imgs/health/h1980.png,512,512,OK
TBX11K,h0446.png,data/raw/TBX11K/imgs/health/h0446.png,512,512,OK
TBX11K,h3167.png,data/raw/TBX11K/imgs/health/h3167.png,512,512,OK
TBX11K,h4608.png,data/raw/TBX11K/imgs/health/h4608.png,512,512,OK
TBX11K,h1770.png,data/raw/TBX11K/imgs/health/h1770.png,512,512,OK
TBX11K,h1016.png,data/raw/TBX11K/imgs/health/h1016.png,512,512,OK
TBX11K,h3601.png,data/raw/TBX11K/imgs/health/h3601.png,512,512,OK
TBX11K,h3615.png,data/raw/TBX11K/imgs/health/h3615.png,512,512,OK
TBX11K,h1002.png,data/raw/TBX11K/imgs/health/h1002.png,512,512,OK
TBX11K,h1764.png,data/raw/TBX11K/imgs/health/h1764.png,512,512,OK
TBX11K,h3173.png,data/raw/TBX11K/imgs/health/h3173.png,512,512,OK
TBX11K,h2286.png,data/raw/TBX11K/imgs/health/h2286.png,512,512,OK
TBX11K,h3198.png,data/raw/TBX11K/imgs/health/h3198.png,512,512,OK
TBX11K,h4191.png,data/raw/TBX11K/imgs/health/h4191.png,512,512,OK
TBX11K,h3826.png,data/raw/TBX11K/imgs/health/h3826.png,512,512,OK
TBX11K,h4185.png,data/raw/TBX11K/imgs/health/h4185.png,512,512,OK
TBX11K,h3832.png,data/raw/TBX11K/imgs/health/h3832.png,512,512,OK
TBX11K,h0485.png,data/raw/TBX11K/imgs/health/h0485.png,512,512,OK
TBX11K,h4813.png,data/raw/TBX11K/imgs/health/h4813.png,512,512,OK
TBX11K,h4807.png,data/raw/TBX11K/imgs/health/h4807.png,512,512,OK
TBX11K,h4806.png,data/raw/TBX11K/imgs/health/h4806.png,512,512,OK
TBX11K,h4812.png,data/raw/TBX11K/imgs/health/h4812.png,512,512,OK
TBX11K,h4184.png,data/raw/TBX11K/imgs/health/h4184.png,512,512,OK
TBX11K,h2293.png,data/raw/TBX11K/imgs/health/h2293.png,512,512,OK
TBX11K,h1942.png,data/raw/TBX11K/imgs/health/h1942.png,512,512,OK
TBX11K,h0490.png,data/raw/TBX11K/imgs/health/h0490.png,512,512,OK
TBX11K,h1956.png,data/raw/TBX11K/imgs/health/h1956.png,512,512,OK
TBX11K,h2287.png,data/raw/TBX11K/imgs/health/h2287.png,512,512,OK
TBX11K,h1003.png,data/raw/TBX11K/imgs/health/h1003.png,512,512,OK
TBX11K,h3614.png,data/raw/TBX11K/imgs/health/h3614.png,512,512,OK
TBX11K,h3172.png,data/raw/TBX11K/imgs/health/h3172.png,512,512,OK
TBX11K,h1771.png,data/raw/TBX11K/imgs/health/h1771.png,512,512,OK
TBX11K,h2278.png,data/raw/TBX11K/imgs/health/h2278.png,512,512,OK
TBX11K,h4609.png,data/raw/TBX11K/imgs/health/h4609.png,512,512,OK
TBX11K,h3166.png,data/raw/TBX11K/imgs/health/h3166.png,512,512,OK
TBX11K,h3600.png,data/raw/TBX11K/imgs/health/h3600.png,512,512,OK
TBX11K,h1017.png,data/raw/TBX11K/imgs/health/h1017.png,512,512,OK
TBX11K,h4147.png,data/raw/TBX11K/imgs/health/h4147.png,512,512,OK
TBX11K,h2536.png,data/raw/TBX11K/imgs/health/h2536.png,512,512,OK
TBX11K,h0321.png,data/raw/TBX11K/imgs/health/h0321.png,512,512,OK
TBX11K,h0447.png,data/raw/TBX11K/imgs/health/h0447.png,512,512,OK
TBX11K,h1981.png,data/raw/TBX11K/imgs/health/h1981.png,512,512,OK
TBX11K,h1759.png,data/raw/TBX11K/imgs/health/h1759.png,512,512,OK
TBX11K,h2250.png,data/raw/TBX11K/imgs/health/h2250.png,512,512,OK
TBX11K,h4621.png,data/raw/TBX11K/imgs/health/h4621.png,512,512,OK
TBX11K,h0453.png,data/raw/TBX11K/imgs/health/h0453.png,512,512,OK
TBX11K,h0335.png,data/raw/TBX11K/imgs/health/h0335.png,512,512,OK
TBX11K,h4153.png,data/raw/TBX11K/imgs/health/h4153.png,512,512,OK
TBX11K,h2522.png,data/raw/TBX11K/imgs/health/h2522.png,512,512,OK
TBX11K,h0862.png,data/raw/TBX11K/imgs/health/h0862.png,512,512,OK
TBX11K,h2913.png,data/raw/TBX11K/imgs/health/h2913.png,512,512,OK
TBX11K,h2907.png,data/raw/TBX11K/imgs/health/h2907.png,512,512,OK
TBX11K,h0876.png,data/raw/TBX11K/imgs/health/h0876.png,512,512,OK
TBX11K,h0686.png,data/raw/TBX11K/imgs/health/h0686.png,512,512,OK
TBX11K,h2091.png,data/raw/TBX11K/imgs/health/h2091.png,512,512,OK
TBX11K,h4386.png,data/raw/TBX11K/imgs/health/h4386.png,512,512,OK
TBX11K,h4392.png,data/raw/TBX11K/imgs/health/h4392.png,512,512,OK
TBX11K,h0692.png,data/raw/TBX11K/imgs/health/h0692.png,512,512,OK
TBX11K,h1567.png,data/raw/TBX11K/imgs/health/h1567.png,512,512,OK
TBX11K,h0679.png,data/raw/TBX11K/imgs/health/h0679.png,512,512,OK
TBX11K,h2708.png,data/raw/TBX11K/imgs/health/h2708.png,512,512,OK
TBX11K,h4379.png,data/raw/TBX11K/imgs/health/h4379.png,512,512,OK
TBX11K,h3416.png,data/raw/TBX11K/imgs/health/h3416.png,512,512,OK
TBX11K,h1215.png,data/raw/TBX11K/imgs/health/h1215.png,512,512,OK
TBX11K,h3402.png,data/raw/TBX11K/imgs/health/h3402.png,512,512,OK
TBX11K,h3364.png,data/raw/TBX11K/imgs/health/h3364.png,512,512,OK
TBX11K,h1573.png,data/raw/TBX11K/imgs/health/h1573.png,512,512,OK
TBX11K,h4423.png,data/raw/TBX11K/imgs/health/h4423.png,512,512,OK
TBX11K,h2052.png,data/raw/TBX11K/imgs/health/h2052.png,512,512,OK
TBX11K,h0645.png,data/raw/TBX11K/imgs/health/h0645.png,512,512,OK
TBX11K,h0123.png,data/raw/TBX11K/imgs/health/h0123.png,512,512,OK
TBX11K,h2734.png,data/raw/TBX11K/imgs/health/h2734.png,512,512,OK
TBX11K,h4345.png,data/raw/TBX11K/imgs/health/h4345.png,512,512,OK
TBX11K,h4351.png,data/raw/TBX11K/imgs/health/h4351.png,512,512,OK
TBX11K,h0137.png,data/raw/TBX11K/imgs/health/h0137.png,512,512,OK
TBX11K,h1229.png,data/raw/TBX11K/imgs/health/h1229.png,512,512,OK
TBX11K,h0889.png,data/raw/TBX11K/imgs/health/h0889.png,512,512,OK
TBX11K,h0651.png,data/raw/TBX11K/imgs/health/h0651.png,512,512,OK
TBX11K,h3358.png,data/raw/TBX11K/imgs/health/h3358.png,512,512,OK
TBX11K,h4437.png,data/raw/TBX11K/imgs/health/h4437.png,512,512,OK
TBX11K,h2046.png,data/raw/TBX11K/imgs/health/h2046.png,512,512,OK
TBX11K,h0916.png,data/raw/TBX11K/imgs/health/h0916.png,512,512,OK
TBX11K,h2867.png,data/raw/TBX11K/imgs/health/h2867.png,512,512,OK
TBX11K,h2873.png,data/raw/TBX11K/imgs/health/h2873.png,512,512,OK
TBX11K,h0902.png,data/raw/TBX11K/imgs/health/h0902.png,512,512,OK
TBX11K,h4594.png,data/raw/TBX11K/imgs/health/h4594.png,512,512,OK
TBX11K,h2683.png,data/raw/TBX11K/imgs/health/h2683.png,512,512,OK
TBX11K,h0094.png,data/raw/TBX11K/imgs/health/h0094.png,512,512,OK
TBX11K,h0080.png,data/raw/TBX11K/imgs/health/h0080.png,512,512,OK
TBX11K,h2697.png,data/raw/TBX11K/imgs/health/h2697.png,512,512,OK
TBX11K,h4580.png,data/raw/TBX11K/imgs/health/h4580.png,512,512,OK
TBX11K,h3204.png,data/raw/TBX11K/imgs/health/h3204.png,512,512,OK
TBX11K,h3562.png,data/raw/TBX11K/imgs/health/h3562.png,512,512,OK
TBX11K,h1361.png,data/raw/TBX11K/imgs/health/h1361.png,512,512,OK
TBX11K,h3576.png,data/raw/TBX11K/imgs/health/h3576.png,512,512,OK
TBX11K,h4219.png,data/raw/TBX11K/imgs/health/h4219.png,512,512,OK
TBX11K,h2668.png,data/raw/TBX11K/imgs/health/h2668.png,512,512,OK
TBX11K,h0719.png,data/raw/TBX11K/imgs/health/h0719.png,512,512,OK
TBX11K,h1407.png,data/raw/TBX11K/imgs/health/h1407.png,512,512,OK
TBX11K,h2126.png,data/raw/TBX11K/imgs/health/h2126.png,512,512,OK
TBX11K,h4557.png,data/raw/TBX11K/imgs/health/h4557.png,512,512,OK
TBX11K,h1349.png,data/raw/TBX11K/imgs/health/h1349.png,512,512,OK
TBX11K,h0057.png,data/raw/TBX11K/imgs/health/h0057.png,512,512,OK
TBX11K,h2898.png,data/raw/TBX11K/imgs/health/h2898.png,512,512,OK
TBX11K,h4231.png,data/raw/TBX11K/imgs/health/h4231.png,512,512,OK
TBX11K,h2640.png,data/raw/TBX11K/imgs/health/h2640.png,512,512,OK
TBX11K,h2654.png,data/raw/TBX11K/imgs/health/h2654.png,512,512,OK
TBX11K,h0043.png,data/raw/TBX11K/imgs/health/h0043.png,512,512,OK
TBX11K,h2132.png,data/raw/TBX11K/imgs/health/h2132.png,512,512,OK
TBX11K,h4543.png,data/raw/TBX11K/imgs/health/h4543.png,512,512,OK
TBX11K,h1188.png,data/raw/TBX11K/imgs/health/h1188.png,512,512,OK
TBX11K,h2481.png,data/raw/TBX11K/imgs/health/h2481.png,512,512,OK
TBX11K,h3947.png,data/raw/TBX11K/imgs/health/h3947.png,512,512,OK
TBX11K,h4796.png,data/raw/TBX11K/imgs/health/h4796.png,512,512,OK
TBX11K,h1822.png,data/raw/TBX11K/imgs/health/h1822.png,512,512,OK
TBX11K,h4782.png,data/raw/TBX11K/imgs/health/h4782.png,512,512,OK
TBX11K,h2495.png,data/raw/TBX11K/imgs/health/h2495.png,512,512,OK
TBX11K,h3953.png,data/raw/TBX11K/imgs/health/h3953.png,512,512,OK
TBX11K,h0282.png,data/raw/TBX11K/imgs/health/h0282.png,512,512,OK
TBX11K,h0269.png,data/raw/TBX11K/imgs/health/h0269.png,512,512,OK
TBX11K,h1177.png,data/raw/TBX11K/imgs/health/h1177.png,512,512,OK
TBX11K,h3006.png,data/raw/TBX11K/imgs/health/h3006.png,512,512,OK
TBX11K,h4769.png,data/raw/TBX11K/imgs/health/h4769.png,512,512,OK
TBX11K,h1605.png,data/raw/TBX11K/imgs/health/h1605.png,512,512,OK
TBX11K,h3012.png,data/raw/TBX11K/imgs/health/h3012.png,512,512,OK
TBX11K,h3774.png,data/raw/TBX11K/imgs/health/h3774.png,512,512,OK
TBX11K,h2442.png,data/raw/TBX11K/imgs/health/h2442.png,512,512,OK
TBX11K,h3984.png,data/raw/TBX11K/imgs/health/h3984.png,512,512,OK
TBX11K,h4033.png,data/raw/TBX11K/imgs/health/h4033.png,512,512,OK
TBX11K,h0255.png,data/raw/TBX11K/imgs/health/h0255.png,512,512,OK
TBX11K,h0533.png,data/raw/TBX11K/imgs/health/h0533.png,512,512,OK
TBX11K,h4755.png,data/raw/TBX11K/imgs/health/h4755.png,512,512,OK
TBX11K,h2324.png,data/raw/TBX11K/imgs/health/h2324.png,512,512,OK
TBX11K,h4741.png,data/raw/TBX11K/imgs/health/h4741.png,512,512,OK
TBX11K,h4999.png,data/raw/TBX11K/imgs/health/h4999.png,512,512,OK
TBX11K,h0527.png,data/raw/TBX11K/imgs/health/h0527.png,512,512,OK
TBX11K,h0241.png,data/raw/TBX11K/imgs/health/h0241.png,512,512,OK
TBX11K,h2456.png,data/raw/TBX11K/imgs/health/h2456.png,512,512,OK
TBX11K,h3990.png,data/raw/TBX11K/imgs/health/h3990.png,512,512,OK
TBX11K,h4027.png,data/raw/TBX11K/imgs/health/h4027.png,512,512,OK
TBX11K,h3748.png,data/raw/TBX11K/imgs/health/h3748.png,512,512,OK
TBX11K,h0279.png,data/raw/TBX11K/imgs/health/h0279.png,512,512,OK
TBX11K,h3770.png,data/raw/TBX11K/imgs/health/h3770.png,512,512,OK
TBX11K,h3016.png,data/raw/TBX11K/imgs/health/h3016.png,512,512,OK
TBX11K,h4779.png,data/raw/TBX11K/imgs/health/h4779.png,512,512,OK
TBX11K,h1601.png,data/raw/TBX11K/imgs/health/h1601.png,512,512,OK
TBX11K,h1615.png,data/raw/TBX11K/imgs/health/h1615.png,512,512,OK
TBX11K,h3764.png,data/raw/TBX11K/imgs/health/h3764.png,512,512,OK
TBX11K,h1173.png,data/raw/TBX11K/imgs/health/h1173.png,512,512,OK
TBX11K,h4023.png,data/raw/TBX11K/imgs/health/h4023.png,512,512,OK
TBX11K,h3994.png,data/raw/TBX11K/imgs/health/h3994.png,512,512,OK
TBX11K,h0245.png,data/raw/TBX11K/imgs/health/h0245.png,512,512,OK
TBX11K,h0523.png,data/raw/TBX11K/imgs/health/h0523.png,512,512,OK
TBX11K,h2334.png,data/raw/TBX11K/imgs/health/h2334.png,512,512,OK
TBX11K,h4745.png,data/raw/TBX11K/imgs/health/h4745.png,512,512,OK
TBX11K,h2320.png,data/raw/TBX11K/imgs/health/h2320.png,512,512,OK
TBX11K,h4989.png,data/raw/TBX11K/imgs/health/h4989.png,512,512,OK
TBX11K,h4751.png,data/raw/TBX11K/imgs/health/h4751.png,512,512,OK
TBX11K,h1629.png,data/raw/TBX11K/imgs/health/h1629.png,512,512,OK
TBX11K,h0251.png,data/raw/TBX11K/imgs/health/h0251.png,512,512,OK
TBX11K,h4037.png,data/raw/TBX11K/imgs/health/h4037.png,512,512,OK
TBX11K,h3758.png,data/raw/TBX11K/imgs/health/h3758.png,512,512,OK
TBX11K,h2446.png,data/raw/TBX11K/imgs/health/h2446.png,512,512,OK
TBX11K,h3980.png,data/raw/TBX11K/imgs/health/h3980.png,512,512,OK
TBX11K,h4962.png,data/raw/TBX11K/imgs/health/h4962.png,512,512,OK
TBX11K,h4976.png,data/raw/TBX11K/imgs/health/h4976.png,512,512,OK
TBX11K,h0286.png,data/raw/TBX11K/imgs/health/h0286.png,512,512,OK
TBX11K,h1198.png,data/raw/TBX11K/imgs/health/h1198.png,512,512,OK
TBX11K,h2491.png,data/raw/TBX11K/imgs/health/h2491.png,512,512,OK
TBX11K,h4786.png,data/raw/TBX11K/imgs/health/h4786.png,512,512,OK
TBX11K,h1826.png,data/raw/TBX11K/imgs/health/h1826.png,512,512,OK
TBX11K,h1832.png,data/raw/TBX11K/imgs/health/h1832.png,512,512,OK
TBX11K,h4792.png,data/raw/TBX11K/imgs/health/h4792.png,512,512,OK
TBX11K,h2485.png,data/raw/TBX11K/imgs/health/h2485.png,512,512,OK
TBX11K,h0292.png,data/raw/TBX11K/imgs/health/h0292.png,512,512,OK
TBX11K,h1403.png,data/raw/TBX11K/imgs/health/h1403.png,512,512,OK
TBX11K,h3214.png,data/raw/TBX11K/imgs/health/h3214.png,512,512,OK
TBX11K,h3572.png,data/raw/TBX11K/imgs/health/h3572.png,512,512,OK
TBX11K,h1365.png,data/raw/TBX11K/imgs/health/h1365.png,512,512,OK
TBX11K,h1371.png,data/raw/TBX11K/imgs/health/h1371.png,512,512,OK
TBX11K,h2678.png,data/raw/TBX11K/imgs/health/h2678.png,512,512,OK
TBX11K,h3566.png,data/raw/TBX11K/imgs/health/h3566.png,512,512,OK
TBX11K,h4209.png,data/raw/TBX11K/imgs/health/h4209.png,512,512,OK
TBX11K,h1417.png,data/raw/TBX11K/imgs/health/h1417.png,512,512,OK
TBX11K,h0709.png,data/raw/TBX11K/imgs/health/h0709.png,512,512,OK
TBX11K,h4547.png,data/raw/TBX11K/imgs/health/h4547.png,512,512,OK
TBX11K,h3228.png,data/raw/TBX11K/imgs/health/h3228.png,512,512,OK
TBX11K,h1359.png,data/raw/TBX11K/imgs/health/h1359.png,512,512,OK
TBX11K,h2650.png,data/raw/TBX11K/imgs/health/h2650.png,512,512,OK
TBX11K,h4221.png,data/raw/TBX11K/imgs/health/h4221.png,512,512,OK
TBX11K,h2888.png,data/raw/TBX11K/imgs/health/h2888.png,512,512,OK
TBX11K,h2644.png,data/raw/TBX11K/imgs/health/h2644.png,512,512,OK
TBX11K,h4235.png,data/raw/TBX11K/imgs/health/h4235.png,512,512,OK
TBX11K,h0053.png,data/raw/TBX11K/imgs/health/h0053.png,512,512,OK
TBX11K,h2122.png,data/raw/TBX11K/imgs/health/h2122.png,512,512,OK
TBX11K,h0906.png,data/raw/TBX11K/imgs/health/h0906.png,512,512,OK
TBX11K,h2877.png,data/raw/TBX11K/imgs/health/h2877.png,512,512,OK
TBX11K,h0912.png,data/raw/TBX11K/imgs/health/h0912.png,512,512,OK
TBX11K,h4584.png,data/raw/TBX11K/imgs/health/h4584.png,512,512,OK
TBX11K,h2693.png,data/raw/TBX11K/imgs/health/h2693.png,512,512,OK
TBX11K,h0084.png,data/raw/TBX11K/imgs/health/h0084.png,512,512,OK
TBX11K,h0090.png,data/raw/TBX11K/imgs/health/h0090.png,512,512,OK
TBX11K,h3599.png,data/raw/TBX11K/imgs/health/h3599.png,512,512,OK
TBX11K,h2687.png,data/raw/TBX11K/imgs/health/h2687.png,512,512,OK
TBX11K,h0669.png,data/raw/TBX11K/imgs/health/h0669.png,512,512,OK
TBX11K,h1577.png,data/raw/TBX11K/imgs/health/h1577.png,512,512,OK
TBX11K,h4369.png,data/raw/TBX11K/imgs/health/h4369.png,512,512,OK
TBX11K,h3406.png,data/raw/TBX11K/imgs/health/h3406.png,512,512,OK
TBX11K,h1211.png,data/raw/TBX11K/imgs/health/h1211.png,512,512,OK
TBX11K,h1205.png,data/raw/TBX11K/imgs/health/h1205.png,512,512,OK
TBX11K,h3412.png,data/raw/TBX11K/imgs/health/h3412.png,512,512,OK
TBX11K,h3374.png,data/raw/TBX11K/imgs/health/h3374.png,512,512,OK
TBX11K,h1563.png,data/raw/TBX11K/imgs/health/h1563.png,512,512,OK
TBX11K,h2042.png,data/raw/TBX11K/imgs/health/h2042.png,512,512,OK
TBX11K,h4433.png,data/raw/TBX11K/imgs/health/h4433.png,512,512,OK
TBX11K,h0133.png,data/raw/TBX11K/imgs/health/h0133.png,512,512,OK
TBX11K,h4341.png,data/raw/TBX11K/imgs/health/h4341.png,512,512,OK
TBX11K,h1239.png,data/raw/TBX11K/imgs/health/h1239.png,512,512,OK
TBX11K,h0127.png,data/raw/TBX11K/imgs/health/h0127.png,512,512,OK
TBX11K,h0641.png,data/raw/TBX11K/imgs/health/h0641.png,512,512,OK
TBX11K,h3348.png,data/raw/TBX11K/imgs/health/h3348.png,512,512,OK
TBX11K,h4427.png,data/raw/TBX11K/imgs/health/h4427.png,512,512,OK
TBX11K,h0872.png,data/raw/TBX11K/imgs/health/h0872.png,512,512,OK
TBX11K,h2903.png,data/raw/TBX11K/imgs/health/h2903.png,512,512,OK
TBX11K,h0866.png,data/raw/TBX11K/imgs/health/h0866.png,512,512,OK
TBX11K,h2081.png,data/raw/TBX11K/imgs/health/h2081.png,512,512,OK
TBX11K,h4396.png,data/raw/TBX11K/imgs/health/h4396.png,512,512,OK
TBX11K,h4382.png,data/raw/TBX11K/imgs/health/h4382.png,512,512,OK
TBX11K,h2095.png,data/raw/TBX11K/imgs/health/h2095.png,512,512,OK
TBX11K,h0682.png,data/raw/TBX11K/imgs/health/h0682.png,512,512,OK
TBX11K,h1013.png,data/raw/TBX11K/imgs/health/h1013.png,512,512,OK
TBX11K,h3162.png,data/raw/TBX11K/imgs/health/h3162.png,512,512,OK
TBX11K,h1775.png,data/raw/TBX11K/imgs/health/h1775.png,512,512,OK
TBX11K,h1761.png,data/raw/TBX11K/imgs/health/h1761.png,512,512,OK
TBX11K,h4619.png,data/raw/TBX11K/imgs/health/h4619.png,512,512,OK
TBX11K,h3176.png,data/raw/TBX11K/imgs/health/h3176.png,512,512,OK
TBX11K,h2268.png,data/raw/TBX11K/imgs/health/h2268.png,512,512,OK
TBX11K,h3610.png,data/raw/TBX11K/imgs/health/h3610.png,512,512,OK
TBX11K,h0319.png,data/raw/TBX11K/imgs/health/h0319.png,512,512,OK
TBX11K,h1007.png,data/raw/TBX11K/imgs/health/h1007.png,512,512,OK
TBX11K,h2526.png,data/raw/TBX11K/imgs/health/h2526.png,512,512,OK
TBX11K,h4157.png,data/raw/TBX11K/imgs/health/h4157.png,512,512,OK
TBX11K,h0331.png,data/raw/TBX11K/imgs/health/h0331.png,512,512,OK
TBX11K,h0457.png,data/raw/TBX11K/imgs/health/h0457.png,512,512,OK
TBX11K,h1991.png,data/raw/TBX11K/imgs/health/h1991.png,512,512,OK
TBX11K,h4631.png,data/raw/TBX11K/imgs/health/h4631.png,512,512,OK
TBX11K,h4625.png,data/raw/TBX11K/imgs/health/h4625.png,512,512,OK
TBX11K,h2254.png,data/raw/TBX11K/imgs/health/h2254.png,512,512,OK
TBX11K,h0443.png,data/raw/TBX11K/imgs/health/h0443.png,512,512,OK
TBX11K,h1985.png,data/raw/TBX11K/imgs/health/h1985.png,512,512,OK
TBX11K,h0325.png,data/raw/TBX11K/imgs/health/h0325.png,512,512,OK
TBX11K,h2532.png,data/raw/TBX11K/imgs/health/h2532.png,512,512,OK
TBX11K,h4143.png,data/raw/TBX11K/imgs/health/h4143.png,512,512,OK
TBX11K,h4816.png,data/raw/TBX11K/imgs/health/h4816.png,512,512,OK
TBX11K,h4802.png,data/raw/TBX11K/imgs/health/h4802.png,512,512,OK
TBX11K,h4194.png,data/raw/TBX11K/imgs/health/h4194.png,512,512,OK
TBX11K,h3823.png,data/raw/TBX11K/imgs/health/h3823.png,512,512,OK
TBX11K,h2283.png,data/raw/TBX11K/imgs/health/h2283.png,512,512,OK
TBX11K,h0494.png,data/raw/TBX11K/imgs/health/h0494.png,512,512,OK
TBX11K,h0480.png,data/raw/TBX11K/imgs/health/h0480.png,512,512,OK
TBX11K,h2297.png,data/raw/TBX11K/imgs/health/h2297.png,512,512,OK
TBX11K,h3189.png,data/raw/TBX11K/imgs/health/h3189.png,512,512,OK
TBX11K,h4180.png,data/raw/TBX11K/imgs/health/h4180.png,512,512,OK
TBX11K,h3837.png,data/raw/TBX11K/imgs/health/h3837.png,512,512,OK
TBX11K,h3188.png,data/raw/TBX11K/imgs/health/h3188.png,512,512,OK
TBX11K,h2296.png,data/raw/TBX11K/imgs/health/h2296.png,512,512,OK
TBX11K,h0481.png,data/raw/TBX11K/imgs/health/h0481.png,512,512,OK
TBX11K,h3822.png,data/raw/TBX11K/imgs/health/h3822.png,512,512,OK
TBX11K,h1953.png,data/raw/TBX11K/imgs/health/h1953.png,512,512,OK
TBX11K,h0495.png,data/raw/TBX11K/imgs/health/h0495.png,512,512,OK
TBX11K,h2282.png,data/raw/TBX11K/imgs/health/h2282.png,512,512,OK
TBX11K,h4803.png,data/raw/TBX11K/imgs/health/h4803.png,512,512,OK
TBX11K,h4817.png,data/raw/TBX11K/imgs/health/h4817.png,512,512,OK
TBX11K,h1984.png,data/raw/TBX11K/imgs/health/h1984.png,512,512,OK
TBX11K,h2255.png,data/raw/TBX11K/imgs/health/h2255.png,512,512,OK
TBX11K,h4624.png,data/raw/TBX11K/imgs/health/h4624.png,512,512,OK
TBX11K,h4142.png,data/raw/TBX11K/imgs/health/h4142.png,512,512,OK
TBX11K,h2533.png,data/raw/TBX11K/imgs/health/h2533.png,512,512,OK
TBX11K,h0330.png,data/raw/TBX11K/imgs/health/h0330.png,512,512,OK
TBX11K,h3639.png,data/raw/TBX11K/imgs/health/h3639.png,512,512,OK
TBX11K,h2241.png,data/raw/TBX11K/imgs/health/h2241.png,512,512,OK
TBX11K,h4630.png,data/raw/TBX11K/imgs/health/h4630.png,512,512,OK
TBX11K,h1990.png,data/raw/TBX11K/imgs/health/h1990.png,512,512,OK
TBX11K,h2269.png,data/raw/TBX11K/imgs/health/h2269.png,512,512,OK
TBX11K,h3177.png,data/raw/TBX11K/imgs/health/h3177.png,512,512,OK
TBX11K,h4618.png,data/raw/TBX11K/imgs/health/h4618.png,512,512,OK
TBX11K,h1760.png,data/raw/TBX11K/imgs/health/h1760.png,512,512,OK
TBX11K,h1006.png,data/raw/TBX11K/imgs/health/h1006.png,512,512,OK
TBX11K,h0318.png,data/raw/TBX11K/imgs/health/h0318.png,512,512,OK
TBX11K,h3611.png,data/raw/TBX11K/imgs/health/h3611.png,512,512,OK
TBX11K,h3605.png,data/raw/TBX11K/imgs/health/h3605.png,512,512,OK
TBX11K,h1012.png,data/raw/TBX11K/imgs/health/h1012.png,512,512,OK
TBX11K,h1774.png,data/raw/TBX11K/imgs/health/h1774.png,512,512,OK
TBX11K,h3163.png,data/raw/TBX11K/imgs/health/h3163.png,512,512,OK
TBX11K,h4383.png,data/raw/TBX11K/imgs/health/h4383.png,512,512,OK
TBX11K,h2094.png,data/raw/TBX11K/imgs/health/h2094.png,512,512,OK
TBX11K,h0697.png,data/raw/TBX11K/imgs/health/h0697.png,512,512,OK
TBX11K,h4397.png,data/raw/TBX11K/imgs/health/h4397.png,512,512,OK
TBX11K,h2916.png,data/raw/TBX11K/imgs/health/h2916.png,512,512,OK
TBX11K,h0867.png,data/raw/TBX11K/imgs/health/h0867.png,512,512,OK
TBX11K,h0873.png,data/raw/TBX11K/imgs/health/h0873.png,512,512,OK
TBX11K,h2902.png,data/raw/TBX11K/imgs/health/h2902.png,512,512,OK
TBX11K,h0126.png,data/raw/TBX11K/imgs/health/h0126.png,512,512,OK
TBX11K,h1238.png,data/raw/TBX11K/imgs/health/h1238.png,512,512,OK
TBX11K,h2731.png,data/raw/TBX11K/imgs/health/h2731.png,512,512,OK
TBX11K,h4340.png,data/raw/TBX11K/imgs/health/h4340.png,512,512,OK
TBX11K,h4426.png,data/raw/TBX11K/imgs/health/h4426.png,512,512,OK
TBX11K,h3349.png,data/raw/TBX11K/imgs/health/h3349.png,512,512,OK
TBX11K,h2057.png,data/raw/TBX11K/imgs/health/h2057.png,512,512,OK
TBX11K,h0898.png,data/raw/TBX11K/imgs/health/h0898.png,512,512,OK
TBX11K,h0640.png,data/raw/TBX11K/imgs/health/h0640.png,512,512,OK
TBX11K,h0654.png,data/raw/TBX11K/imgs/health/h0654.png,512,512,OK
TBX11K,h4432.png,data/raw/TBX11K/imgs/health/h4432.png,512,512,OK
TBX11K,h2043.png,data/raw/TBX11K/imgs/health/h2043.png,512,512,OK
TBX11K,h4354.png,data/raw/TBX11K/imgs/health/h4354.png,512,512,OK
TBX11K,h0132.png,data/raw/TBX11K/imgs/health/h0132.png,512,512,OK
TBX11K,h1204.png,data/raw/TBX11K/imgs/health/h1204.png,512,512,OK
TBX11K,h1562.png,data/raw/TBX11K/imgs/health/h1562.png,512,512,OK
TBX11K,h3375.png,data/raw/TBX11K/imgs/health/h3375.png,512,512,OK
TBX11K,h1576.png,data/raw/TBX11K/imgs/health/h1576.png,512,512,OK
TBX11K,h0668.png,data/raw/TBX11K/imgs/health/h0668.png,512,512,OK
TBX11K,h1210.png,data/raw/TBX11K/imgs/health/h1210.png,512,512,OK
TBX11K,h2719.png,data/raw/TBX11K/imgs/health/h2719.png,512,512,OK
TBX11K,h3407.png,data/raw/TBX11K/imgs/health/h3407.png,512,512,OK
TBX11K,h4368.png,data/raw/TBX11K/imgs/health/h4368.png,512,512,OK
TBX11K,h3598.png,data/raw/TBX11K/imgs/health/h3598.png,512,512,OK
TBX11K,h0091.png,data/raw/TBX11K/imgs/health/h0091.png,512,512,OK
TBX11K,h4591.png,data/raw/TBX11K/imgs/health/h4591.png,512,512,OK
TBX11K,h4585.png,data/raw/TBX11K/imgs/health/h4585.png,512,512,OK
TBX11K,h0085.png,data/raw/TBX11K/imgs/health/h0085.png,512,512,OK
TBX11K,h2692.png,data/raw/TBX11K/imgs/health/h2692.png,512,512,OK
TBX11K,h2862.png,data/raw/TBX11K/imgs/health/h2862.png,512,512,OK
TBX11K,h0913.png,data/raw/TBX11K/imgs/health/h0913.png,512,512,OK
TBX11K,h2876.png,data/raw/TBX11K/imgs/health/h2876.png,512,512,OK
TBX11K,h4234.png,data/raw/TBX11K/imgs/health/h4234.png,512,512,OK
TBX11K,h2645.png,data/raw/TBX11K/imgs/health/h2645.png,512,512,OK
TBX11K,h2123.png,data/raw/TBX11K/imgs/health/h2123.png,512,512,OK
TBX11K,h0734.png,data/raw/TBX11K/imgs/health/h0734.png,512,512,OK
TBX11K,h2889.png,data/raw/TBX11K/imgs/health/h2889.png,512,512,OK
TBX11K,h4220.png,data/raw/TBX11K/imgs/health/h4220.png,512,512,OK
TBX11K,h2651.png,data/raw/TBX11K/imgs/health/h2651.png,512,512,OK
TBX11K,h1358.png,data/raw/TBX11K/imgs/health/h1358.png,512,512,OK
TBX11K,h0046.png,data/raw/TBX11K/imgs/health/h0046.png,512,512,OK
TBX11K,h3567.png,data/raw/TBX11K/imgs/health/h3567.png,512,512,OK
TBX11K,h2679.png,data/raw/TBX11K/imgs/health/h2679.png,512,512,OK
TBX11K,h1370.png,data/raw/TBX11K/imgs/health/h1370.png,512,512,OK
TBX11K,h1416.png,data/raw/TBX11K/imgs/health/h1416.png,512,512,OK
TBX11K,h3215.png,data/raw/TBX11K/imgs/health/h3215.png,512,512,OK
TBX11K,h1364.png,data/raw/TBX11K/imgs/health/h1364.png,512,512,OK
TBX11K,h3573.png,data/raw/TBX11K/imgs/health/h3573.png,512,512,OK
TBX11K,h4793.png,data/raw/TBX11K/imgs/health/h4793.png,512,512,OK
TBX11K,h1833.png,data/raw/TBX11K/imgs/health/h1833.png,512,512,OK
TBX11K,h0293.png,data/raw/TBX11K/imgs/health/h0293.png,512,512,OK
TBX11K,h3942.png,data/raw/TBX11K/imgs/health/h3942.png,512,512,OK
TBX11K,h2484.png,data/raw/TBX11K/imgs/health/h2484.png,512,512,OK
TBX11K,h3956.png,data/raw/TBX11K/imgs/health/h3956.png,512,512,OK
TBX11K,h2490.png,data/raw/TBX11K/imgs/health/h2490.png,512,512,OK
TBX11K,h1199.png,data/raw/TBX11K/imgs/health/h1199.png,512,512,OK
TBX11K,h0287.png,data/raw/TBX11K/imgs/health/h0287.png,512,512,OK
TBX11K,h1827.png,data/raw/TBX11K/imgs/health/h1827.png,512,512,OK
TBX11K,h4977.png,data/raw/TBX11K/imgs/health/h4977.png,512,512,OK
TBX11K,h4963.png,data/raw/TBX11K/imgs/health/h4963.png,512,512,OK
TBX11K,h1628.png,data/raw/TBX11K/imgs/health/h1628.png,512,512,OK
TBX11K,h0536.png,data/raw/TBX11K/imgs/health/h0536.png,512,512,OK
TBX11K,h4750.png,data/raw/TBX11K/imgs/health/h4750.png,512,512,OK
TBX11K,h4988.png,data/raw/TBX11K/imgs/health/h4988.png,512,512,OK
TBX11K,h3981.png,data/raw/TBX11K/imgs/health/h3981.png,512,512,OK
TBX11K,h2447.png,data/raw/TBX11K/imgs/health/h2447.png,512,512,OK
TBX11K,h3759.png,data/raw/TBX11K/imgs/health/h3759.png,512,512,OK
TBX11K,h4036.png,data/raw/TBX11K/imgs/health/h4036.png,512,512,OK
TBX11K,h0250.png,data/raw/TBX11K/imgs/health/h0250.png,512,512,OK
TBX11K,h0244.png,data/raw/TBX11K/imgs/health/h0244.png,512,512,OK
TBX11K,h3995.png,data/raw/TBX11K/imgs/health/h3995.png,512,512,OK
TBX11K,h4022.png,data/raw/TBX11K/imgs/health/h4022.png,512,512,OK
TBX11K,h4744.png,data/raw/TBX11K/imgs/health/h4744.png,512,512,OK
TBX11K,h2335.png,data/raw/TBX11K/imgs/health/h2335.png,512,512,OK
TBX11K,h3003.png,data/raw/TBX11K/imgs/health/h3003.png,512,512,OK
TBX11K,h1614.png,data/raw/TBX11K/imgs/health/h1614.png,512,512,OK
TBX11K,h1172.png,data/raw/TBX11K/imgs/health/h1172.png,512,512,OK
TBX11K,h0278.png,data/raw/TBX11K/imgs/health/h0278.png,512,512,OK
TBX11K,h1166.png,data/raw/TBX11K/imgs/health/h1166.png,512,512,OK
TBX11K,h1600.png,data/raw/TBX11K/imgs/health/h1600.png,512,512,OK
TBX11K,h4778.png,data/raw/TBX11K/imgs/health/h4778.png,512,512,OK
TBX11K,h3017.png,data/raw/TBX11K/imgs/health/h3017.png,512,512,OK
TBX11K,h2309.png,data/raw/TBX11K/imgs/health/h2309.png,512,512,OK
TBX11K,h4008.png,data/raw/TBX11K/imgs/health/h4008.png,512,512,OK
TBX11K,h3767.png,data/raw/TBX11K/imgs/health/h3767.png,512,512,OK
TBX11K,h2479.png,data/raw/TBX11K/imgs/health/h2479.png,512,512,OK
TBX11K,h1170.png,data/raw/TBX11K/imgs/health/h1170.png,512,512,OK
TBX11K,h0508.png,data/raw/TBX11K/imgs/health/h0508.png,512,512,OK
TBX11K,h1616.png,data/raw/TBX11K/imgs/health/h1616.png,512,512,OK
TBX11K,h3001.png,data/raw/TBX11K/imgs/health/h3001.png,512,512,OK
TBX11K,h1602.png,data/raw/TBX11K/imgs/health/h1602.png,512,512,OK
TBX11K,h1164.png,data/raw/TBX11K/imgs/health/h1164.png,512,512,OK
TBX11K,h0252.png,data/raw/TBX11K/imgs/health/h0252.png,512,512,OK
TBX11K,h4034.png,data/raw/TBX11K/imgs/health/h4034.png,512,512,OK
TBX11K,h2445.png,data/raw/TBX11K/imgs/health/h2445.png,512,512,OK
TBX11K,h3983.png,data/raw/TBX11K/imgs/health/h3983.png,512,512,OK
TBX11K,h2323.png,data/raw/TBX11K/imgs/health/h2323.png,512,512,OK
TBX11K,h4752.png,data/raw/TBX11K/imgs/health/h4752.png,512,512,OK
TBX11K,h0534.png,data/raw/TBX11K/imgs/health/h0534.png,512,512,OK
TBX11K,h0520.png,data/raw/TBX11K/imgs/health/h0520.png,512,512,OK
TBX11K,h3029.png,data/raw/TBX11K/imgs/health/h3029.png,512,512,OK
TBX11K,h4746.png,data/raw/TBX11K/imgs/health/h4746.png,512,512,OK
TBX11K,h4020.png,data/raw/TBX11K/imgs/health/h4020.png,512,512,OK
TBX11K,h2451.png,data/raw/TBX11K/imgs/health/h2451.png,512,512,OK
TBX11K,h3997.png,data/raw/TBX11K/imgs/health/h3997.png,512,512,OK
TBX11K,h1158.png,data/raw/TBX11K/imgs/health/h1158.png,512,512,OK
TBX11K,h0246.png,data/raw/TBX11K/imgs/health/h0246.png,512,512,OK
TBX11K,h4975.png,data/raw/TBX11K/imgs/health/h4975.png,512,512,OK
TBX11K,h1819.png,data/raw/TBX11K/imgs/health/h1819.png,512,512,OK
TBX11K,h3968.png,data/raw/TBX11K/imgs/health/h3968.png,512,512,OK
TBX11K,h3940.png,data/raw/TBX11K/imgs/health/h3940.png,512,512,OK
TBX11K,h3798.png,data/raw/TBX11K/imgs/health/h3798.png,512,512,OK
TBX11K,h0291.png,data/raw/TBX11K/imgs/health/h0291.png,512,512,OK
TBX11K,h1831.png,data/raw/TBX11K/imgs/health/h1831.png,512,512,OK
TBX11K,h4791.png,data/raw/TBX11K/imgs/health/h4791.png,512,512,OK
TBX11K,h4949.png,data/raw/TBX11K/imgs/health/h4949.png,512,512,OK
TBX11K,h4785.png,data/raw/TBX11K/imgs/health/h4785.png,512,512,OK
TBX11K,h0285.png,data/raw/TBX11K/imgs/health/h0285.png,512,512,OK
TBX11K,h2492.png,data/raw/TBX11K/imgs/health/h2492.png,512,512,OK
TBX11K,h3954.png,data/raw/TBX11K/imgs/health/h3954.png,512,512,OK
TBX11K,h3203.png,data/raw/TBX11K/imgs/health/h3203.png,512,512,OK
TBX11K,h1414.png,data/raw/TBX11K/imgs/health/h1414.png,512,512,OK
TBX11K,h1372.png,data/raw/TBX11K/imgs/health/h1372.png,512,512,OK
TBX11K,h3565.png,data/raw/TBX11K/imgs/health/h3565.png,512,512,OK
TBX11K,h0078.png,data/raw/TBX11K/imgs/health/h0078.png,512,512,OK
TBX11K,h1366.png,data/raw/TBX11K/imgs/health/h1366.png,512,512,OK
TBX11K,h1400.png,data/raw/TBX11K/imgs/health/h1400.png,512,512,OK
TBX11K,h3217.png,data/raw/TBX11K/imgs/health/h3217.png,512,512,OK
TBX11K,h2109.png,data/raw/TBX11K/imgs/health/h2109.png,512,512,OK
TBX11K,h2121.png,data/raw/TBX11K/imgs/health/h2121.png,512,512,OK
TBX11K,h2647.png,data/raw/TBX11K/imgs/health/h2647.png,512,512,OK
TBX11K,h3559.png,data/raw/TBX11K/imgs/health/h3559.png,512,512,OK
TBX11K,h4236.png,data/raw/TBX11K/imgs/health/h4236.png,512,512,OK
TBX11K,h0050.png,data/raw/TBX11K/imgs/health/h0050.png,512,512,OK
TBX11K,h0044.png,data/raw/TBX11K/imgs/health/h0044.png,512,512,OK
TBX11K,h4222.png,data/raw/TBX11K/imgs/health/h4222.png,512,512,OK
TBX11K,h2135.png,data/raw/TBX11K/imgs/health/h2135.png,512,512,OK
TBX11K,h0722.png,data/raw/TBX11K/imgs/health/h0722.png,512,512,OK
TBX11K,h0911.png,data/raw/TBX11K/imgs/health/h0911.png,512,512,OK
TBX11K,h2874.png,data/raw/TBX11K/imgs/health/h2874.png,512,512,OK
TBX11K,h0905.png,data/raw/TBX11K/imgs/health/h0905.png,512,512,OK
TBX11K,h4593.png,data/raw/TBX11K/imgs/health/h4593.png,512,512,OK
TBX11K,h0093.png,data/raw/TBX11K/imgs/health/h0093.png,512,512,OK
TBX11K,h2684.png,data/raw/TBX11K/imgs/health/h2684.png,512,512,OK
TBX11K,h2848.png,data/raw/TBX11K/imgs/health/h2848.png,512,512,OK
TBX11K,h0087.png,data/raw/TBX11K/imgs/health/h0087.png,512,512,OK
TBX11K,h0939.png,data/raw/TBX11K/imgs/health/h0939.png,512,512,OK
TBX11K,h2069.png,data/raw/TBX11K/imgs/health/h2069.png,512,512,OK
TBX11K,h4418.png,data/raw/TBX11K/imgs/health/h4418.png,512,512,OK
TBX11K,h1560.png,data/raw/TBX11K/imgs/health/h1560.png,512,512,OK
TBX11K,h0118.png,data/raw/TBX11K/imgs/health/h0118.png,512,512,OK
TBX11K,h3405.png,data/raw/TBX11K/imgs/health/h3405.png,512,512,OK
TBX11K,h1574.png,data/raw/TBX11K/imgs/health/h1574.png,512,512,OK
TBX11K,h0642.png,data/raw/TBX11K/imgs/health/h0642.png,512,512,OK
TBX11K,h2055.png,data/raw/TBX11K/imgs/health/h2055.png,512,512,OK
TBX11K,h4342.png,data/raw/TBX11K/imgs/health/h4342.png,512,512,OK
TBX11K,h2733.png,data/raw/TBX11K/imgs/health/h2733.png,512,512,OK
TBX11K,h0124.png,data/raw/TBX11K/imgs/health/h0124.png,512,512,OK
TBX11K,h4356.png,data/raw/TBX11K/imgs/health/h4356.png,512,512,OK
TBX11K,h3439.png,data/raw/TBX11K/imgs/health/h3439.png,512,512,OK
TBX11K,h2041.png,data/raw/TBX11K/imgs/health/h2041.png,512,512,OK
TBX11K,h0656.png,data/raw/TBX11K/imgs/health/h0656.png,512,512,OK
TBX11K,h0865.png,data/raw/TBX11K/imgs/health/h0865.png,512,512,OK
TBX11K,h2914.png,data/raw/TBX11K/imgs/health/h2914.png,512,512,OK
TBX11K,h2900.png,data/raw/TBX11K/imgs/health/h2900.png,512,512,OK
TBX11K,h0871.png,data/raw/TBX11K/imgs/health/h0871.png,512,512,OK
TBX11K,h2096.png,data/raw/TBX11K/imgs/health/h2096.png,512,512,OK
TBX11K,h0859.png,data/raw/TBX11K/imgs/health/h0859.png,512,512,OK
TBX11K,h0681.png,data/raw/TBX11K/imgs/health/h0681.png,512,512,OK
TBX11K,h2928.png,data/raw/TBX11K/imgs/health/h2928.png,512,512,OK
TBX11K,h4381.png,data/raw/TBX11K/imgs/health/h4381.png,512,512,OK
TBX11K,h4395.png,data/raw/TBX11K/imgs/health/h4395.png,512,512,OK
TBX11K,h0695.png,data/raw/TBX11K/imgs/health/h0695.png,512,512,OK
TBX11K,h2082.png,data/raw/TBX11K/imgs/health/h2082.png,512,512,OK
TBX11K,h3613.png,data/raw/TBX11K/imgs/health/h3613.png,512,512,OK
TBX11K,h1004.png,data/raw/TBX11K/imgs/health/h1004.png,512,512,OK
TBX11K,h3175.png,data/raw/TBX11K/imgs/health/h3175.png,512,512,OK
TBX11K,h3161.png,data/raw/TBX11K/imgs/health/h3161.png,512,512,OK
TBX11K,h0468.png,data/raw/TBX11K/imgs/health/h0468.png,512,512,OK
TBX11K,h1010.png,data/raw/TBX11K/imgs/health/h1010.png,512,512,OK
TBX11K,h2519.png,data/raw/TBX11K/imgs/health/h2519.png,512,512,OK
TBX11K,h3607.png,data/raw/TBX11K/imgs/health/h3607.png,512,512,OK
TBX11K,h4168.png,data/raw/TBX11K/imgs/health/h4168.png,512,512,OK
TBX11K,h0326.png,data/raw/TBX11K/imgs/health/h0326.png,512,512,OK
TBX11K,h1038.png,data/raw/TBX11K/imgs/health/h1038.png,512,512,OK
TBX11K,h2531.png,data/raw/TBX11K/imgs/health/h2531.png,512,512,OK
TBX11K,h4626.png,data/raw/TBX11K/imgs/health/h4626.png,512,512,OK
TBX11K,h3149.png,data/raw/TBX11K/imgs/health/h3149.png,512,512,OK
TBX11K,h2257.png,data/raw/TBX11K/imgs/health/h2257.png,512,512,OK
TBX11K,h0440.png,data/raw/TBX11K/imgs/health/h0440.png,512,512,OK
TBX11K,h1986.png,data/raw/TBX11K/imgs/health/h1986.png,512,512,OK
TBX11K,h0454.png,data/raw/TBX11K/imgs/health/h0454.png,512,512,OK
TBX11K,h1992.png,data/raw/TBX11K/imgs/health/h1992.png,512,512,OK
TBX11K,h2243.png,data/raw/TBX11K/imgs/health/h2243.png,512,512,OK
TBX11K,h2525.png,data/raw/TBX11K/imgs/health/h2525.png,512,512,OK
TBX11K,h4154.png,data/raw/TBX11K/imgs/health/h4154.png,512,512,OK
TBX11K,h0332.png,data/raw/TBX11K/imgs/health/h0332.png,512,512,OK
TBX11K,h3808.png,data/raw/TBX11K/imgs/health/h3808.png,512,512,OK
TBX11K,h4801.png,data/raw/TBX11K/imgs/health/h4801.png,512,512,OK
TBX11K,h1979.png,data/raw/TBX11K/imgs/health/h1979.png,512,512,OK
TBX11K,h4183.png,data/raw/TBX11K/imgs/health/h4183.png,512,512,OK
TBX11K,h3834.png,data/raw/TBX11K/imgs/health/h3834.png,512,512,OK
TBX11K,h0483.png,data/raw/TBX11K/imgs/health/h0483.png,512,512,OK
TBX11K,h1945.png,data/raw/TBX11K/imgs/health/h1945.png,512,512,OK
TBX11K,h2294.png,data/raw/TBX11K/imgs/health/h2294.png,512,512,OK
TBX11K,h4829.png,data/raw/TBX11K/imgs/health/h4829.png,512,512,OK
TBX11K,h1951.png,data/raw/TBX11K/imgs/health/h1951.png,512,512,OK
TBX11K,h1789.png,data/raw/TBX11K/imgs/health/h1789.png,512,512,OK
TBX11K,h4197.png,data/raw/TBX11K/imgs/health/h4197.png,512,512,OK
TBX11K,h3820.png,data/raw/TBX11K/imgs/health/h3820.png,512,512,OK
TBX11K,h1950.png,data/raw/TBX11K/imgs/health/h1950.png,512,512,OK
TBX11K,h0496.png,data/raw/TBX11K/imgs/health/h0496.png,512,512,OK
TBX11K,h4828.png,data/raw/TBX11K/imgs/health/h4828.png,512,512,OK
TBX11K,h3821.png,data/raw/TBX11K/imgs/health/h3821.png,512,512,OK
TBX11K,h4196.png,data/raw/TBX11K/imgs/health/h4196.png,512,512,OK
TBX11K,h3835.png,data/raw/TBX11K/imgs/health/h3835.png,512,512,OK
TBX11K,h2295.png,data/raw/TBX11K/imgs/health/h2295.png,512,512,OK
TBX11K,h1944.png,data/raw/TBX11K/imgs/health/h1944.png,512,512,OK
TBX11K,h0482.png,data/raw/TBX11K/imgs/health/h0482.png,512,512,OK
TBX11K,h3809.png,data/raw/TBX11K/imgs/health/h3809.png,512,512,OK
TBX11K,h1978.png,data/raw/TBX11K/imgs/health/h1978.png,512,512,OK
TBX11K,h2242.png,data/raw/TBX11K/imgs/health/h2242.png,512,512,OK
TBX11K,h1993.png,data/raw/TBX11K/imgs/health/h1993.png,512,512,OK
TBX11K,h0455.png,data/raw/TBX11K/imgs/health/h0455.png,512,512,OK
TBX11K,h0333.png,data/raw/TBX11K/imgs/health/h0333.png,512,512,OK
TBX11K,h4155.png,data/raw/TBX11K/imgs/health/h4155.png,512,512,OK
TBX11K,h2524.png,data/raw/TBX11K/imgs/health/h2524.png,512,512,OK
TBX11K,h2530.png,data/raw/TBX11K/imgs/health/h2530.png,512,512,OK
TBX11K,h1039.png,data/raw/TBX11K/imgs/health/h1039.png,512,512,OK
TBX11K,h0327.png,data/raw/TBX11K/imgs/health/h0327.png,512,512,OK
TBX11K,h1987.png,data/raw/TBX11K/imgs/health/h1987.png,512,512,OK
TBX11K,h3148.png,data/raw/TBX11K/imgs/health/h3148.png,512,512,OK
TBX11K,h4627.png,data/raw/TBX11K/imgs/health/h4627.png,512,512,OK
TBX11K,h3160.png,data/raw/TBX11K/imgs/health/h3160.png,512,512,OK
TBX11K,h4169.png,data/raw/TBX11K/imgs/health/h4169.png,512,512,OK
TBX11K,h2518.png,data/raw/TBX11K/imgs/health/h2518.png,512,512,OK
TBX11K,h1011.png,data/raw/TBX11K/imgs/health/h1011.png,512,512,OK
TBX11K,h1005.png,data/raw/TBX11K/imgs/health/h1005.png,512,512,OK
TBX11K,h1763.png,data/raw/TBX11K/imgs/health/h1763.png,512,512,OK
TBX11K,h4394.png,data/raw/TBX11K/imgs/health/h4394.png,512,512,OK
TBX11K,h2083.png,data/raw/TBX11K/imgs/health/h2083.png,512,512,OK
TBX11K,h0694.png,data/raw/TBX11K/imgs/health/h0694.png,512,512,OK
TBX11K,h0680.png,data/raw/TBX11K/imgs/health/h0680.png,512,512,OK
TBX11K,h0858.png,data/raw/TBX11K/imgs/health/h0858.png,512,512,OK
TBX11K,h2097.png,data/raw/TBX11K/imgs/health/h2097.png,512,512,OK
TBX11K,h4380.png,data/raw/TBX11K/imgs/health/h4380.png,512,512,OK
TBX11K,h2929.png,data/raw/TBX11K/imgs/health/h2929.png,512,512,OK
TBX11K,h2901.png,data/raw/TBX11K/imgs/health/h2901.png,512,512,OK
TBX11K,h0870.png,data/raw/TBX11K/imgs/health/h0870.png,512,512,OK
TBX11K,h0864.png,data/raw/TBX11K/imgs/health/h0864.png,512,512,OK
TBX11K,h2915.png,data/raw/TBX11K/imgs/health/h2915.png,512,512,OK
TBX11K,h2726.png,data/raw/TBX11K/imgs/health/h2726.png,512,512,OK
TBX11K,h3438.png,data/raw/TBX11K/imgs/health/h3438.png,512,512,OK
TBX11K,h4357.png,data/raw/TBX11K/imgs/health/h4357.png,512,512,OK
TBX11K,h0131.png,data/raw/TBX11K/imgs/health/h0131.png,512,512,OK
TBX11K,h1549.png,data/raw/TBX11K/imgs/health/h1549.png,512,512,OK
TBX11K,h0657.png,data/raw/TBX11K/imgs/health/h0657.png,512,512,OK
TBX11K,h4431.png,data/raw/TBX11K/imgs/health/h4431.png,512,512,OK
TBX11K,h2040.png,data/raw/TBX11K/imgs/health/h2040.png,512,512,OK
TBX11K,h0643.png,data/raw/TBX11K/imgs/health/h0643.png,512,512,OK
TBX11K,h0125.png,data/raw/TBX11K/imgs/health/h0125.png,512,512,OK
TBX11K,h2732.png,data/raw/TBX11K/imgs/health/h2732.png,512,512,OK
TBX11K,h4343.png,data/raw/TBX11K/imgs/health/h4343.png,512,512,OK
TBX11K,h1213.png,data/raw/TBX11K/imgs/health/h1213.png,512,512,OK
TBX11K,h3404.png,data/raw/TBX11K/imgs/health/h3404.png,512,512,OK
TBX11K,h1561.png,data/raw/TBX11K/imgs/health/h1561.png,512,512,OK
TBX11K,h4419.png,data/raw/TBX11K/imgs/health/h4419.png,512,512,OK
TBX11K,h3376.png,data/raw/TBX11K/imgs/health/h3376.png,512,512,OK
TBX11K,h2068.png,data/raw/TBX11K/imgs/health/h2068.png,512,512,OK
TBX11K,h3410.png,data/raw/TBX11K/imgs/health/h3410.png,512,512,OK
TBX11K,h0119.png,data/raw/TBX11K/imgs/health/h0119.png,512,512,OK
TBX11K,h1207.png,data/raw/TBX11K/imgs/health/h1207.png,512,512,OK
TBX11K,h2691.png,data/raw/TBX11K/imgs/health/h2691.png,512,512,OK
TBX11K,h2849.png,data/raw/TBX11K/imgs/health/h2849.png,512,512,OK
TBX11K,h4586.png,data/raw/TBX11K/imgs/health/h4586.png,512,512,OK
TBX11K,h4592.png,data/raw/TBX11K/imgs/health/h4592.png,512,512,OK
TBX11K,h2685.png,data/raw/TBX11K/imgs/health/h2685.png,512,512,OK
TBX11K,h0904.png,data/raw/TBX11K/imgs/health/h0904.png,512,512,OK
TBX11K,h0910.png,data/raw/TBX11K/imgs/health/h0910.png,512,512,OK
TBX11K,h2861.png,data/raw/TBX11K/imgs/health/h2861.png,512,512,OK
TBX11K,h4223.png,data/raw/TBX11K/imgs/health/h4223.png,512,512,OK
TBX11K,h0045.png,data/raw/TBX11K/imgs/health/h0045.png,512,512,OK
TBX11K,h0723.png,data/raw/TBX11K/imgs/health/h0723.png,512,512,OK
TBX11K,h2134.png,data/raw/TBX11K/imgs/health/h2134.png,512,512,OK
TBX11K,h4545.png,data/raw/TBX11K/imgs/health/h4545.png,512,512,OK
TBX11K,h2120.png,data/raw/TBX11K/imgs/health/h2120.png,512,512,OK
TBX11K,h4551.png,data/raw/TBX11K/imgs/health/h4551.png,512,512,OK
TBX11K,h0737.png,data/raw/TBX11K/imgs/health/h0737.png,512,512,OK
TBX11K,h0051.png,data/raw/TBX11K/imgs/health/h0051.png,512,512,OK
TBX11K,h4237.png,data/raw/TBX11K/imgs/health/h4237.png,512,512,OK
TBX11K,h3558.png,data/raw/TBX11K/imgs/health/h3558.png,512,512,OK
TBX11K,h2646.png,data/raw/TBX11K/imgs/health/h2646.png,512,512,OK
TBX11K,h1367.png,data/raw/TBX11K/imgs/health/h1367.png,512,512,OK
TBX11K,h0079.png,data/raw/TBX11K/imgs/health/h0079.png,512,512,OK
TBX11K,h3570.png,data/raw/TBX11K/imgs/health/h3570.png,512,512,OK
TBX11K,h2108.png,data/raw/TBX11K/imgs/health/h2108.png,512,512,OK
TBX11K,h3216.png,data/raw/TBX11K/imgs/health/h3216.png,512,512,OK
TBX11K,h4579.png,data/raw/TBX11K/imgs/health/h4579.png,512,512,OK
TBX11K,h1401.png,data/raw/TBX11K/imgs/health/h1401.png,512,512,OK
TBX11K,h3202.png,data/raw/TBX11K/imgs/health/h3202.png,512,512,OK
TBX11K,h1824.png,data/raw/TBX11K/imgs/health/h1824.png,512,512,OK
TBX11K,h4784.png,data/raw/TBX11K/imgs/health/h4784.png,512,512,OK
TBX11K,h3955.png,data/raw/TBX11K/imgs/health/h3955.png,512,512,OK
TBX11K,h2493.png,data/raw/TBX11K/imgs/health/h2493.png,512,512,OK
TBX11K,h0284.png,data/raw/TBX11K/imgs/health/h0284.png,512,512,OK
TBX11K,h0290.png,data/raw/TBX11K/imgs/health/h0290.png,512,512,OK
TBX11K,h3941.png,data/raw/TBX11K/imgs/health/h3941.png,512,512,OK
TBX11K,h2487.png,data/raw/TBX11K/imgs/health/h2487.png,512,512,OK
TBX11K,h4948.png,data/raw/TBX11K/imgs/health/h4948.png,512,512,OK
TBX11K,h4960.png,data/raw/TBX11K/imgs/health/h4960.png,512,512,OK
TBX11K,h1818.png,data/raw/TBX11K/imgs/health/h1818.png,512,512,OK
TBX11K,h3969.png,data/raw/TBX11K/imgs/health/h3969.png,512,512,OK
TBX11K,h4747.png,data/raw/TBX11K/imgs/health/h4747.png,512,512,OK
TBX11K,h3028.png,data/raw/TBX11K/imgs/health/h3028.png,512,512,OK
TBX11K,h0521.png,data/raw/TBX11K/imgs/health/h0521.png,512,512,OK
TBX11K,h0247.png,data/raw/TBX11K/imgs/health/h0247.png,512,512,OK
TBX11K,h1159.png,data/raw/TBX11K/imgs/health/h1159.png,512,512,OK
TBX11K,h3996.png,data/raw/TBX11K/imgs/health/h3996.png,512,512,OK
TBX11K,h2450.png,data/raw/TBX11K/imgs/health/h2450.png,512,512,OK
TBX11K,h4021.png,data/raw/TBX11K/imgs/health/h4021.png,512,512,OK
TBX11K,h3982.png,data/raw/TBX11K/imgs/health/h3982.png,512,512,OK
TBX11K,h2444.png,data/raw/TBX11K/imgs/health/h2444.png,512,512,OK
TBX11K,h4035.png,data/raw/TBX11K/imgs/health/h4035.png,512,512,OK
TBX11K,h0535.png,data/raw/TBX11K/imgs/health/h0535.png,512,512,OK
TBX11K,h4753.png,data/raw/TBX11K/imgs/health/h4753.png,512,512,OK
TBX11K,h2322.png,data/raw/TBX11K/imgs/health/h2322.png,512,512,OK
TBX11K,h1603.png,data/raw/TBX11K/imgs/health/h1603.png,512,512,OK
TBX11K,h3014.png,data/raw/TBX11K/imgs/health/h3014.png,512,512,OK
TBX11K,h3772.png,data/raw/TBX11K/imgs/health/h3772.png,512,512,OK
TBX11K,h1165.png,data/raw/TBX11K/imgs/health/h1165.png,512,512,OK
TBX11K,h1171.png,data/raw/TBX11K/imgs/health/h1171.png,512,512,OK
TBX11K,h3766.png,data/raw/TBX11K/imgs/health/h3766.png,512,512,OK
TBX11K,h4009.png,data/raw/TBX11K/imgs/health/h4009.png,512,512,OK
TBX11K,h3000.png,data/raw/TBX11K/imgs/health/h3000.png,512,512,OK
TBX11K,h4052.png,data/raw/TBX11K/imgs/health/h4052.png,512,512,OK
TBX11K,h2423.png,data/raw/TBX11K/imgs/health/h2423.png,512,512,OK
TBX11K,h0234.png,data/raw/TBX11K/imgs/health/h0234.png,512,512,OK
TBX11K,h0552.png,data/raw/TBX11K/imgs/health/h0552.png,512,512,OK
TBX11K,h1894.png,data/raw/TBX11K/imgs/health/h1894.png,512,512,OK
TBX11K,h2345.png,data/raw/TBX11K/imgs/health/h2345.png,512,512,OK
TBX11K,h4734.png,data/raw/TBX11K/imgs/health/h4734.png,512,512,OK
TBX11K,h4720.png,data/raw/TBX11K/imgs/health/h4720.png,512,512,OK
TBX11K,h0546.png,data/raw/TBX11K/imgs/health/h0546.png,512,512,OK
TBX11K,h1880.png,data/raw/TBX11K/imgs/health/h1880.png,512,512,OK
TBX11K,h1658.png,data/raw/TBX11K/imgs/health/h1658.png,512,512,OK
TBX11K,h3729.png,data/raw/TBX11K/imgs/health/h3729.png,512,512,OK
TBX11K,h4046.png,data/raw/TBX11K/imgs/health/h4046.png,512,512,OK
TBX11K,h1116.png,data/raw/TBX11K/imgs/health/h1116.png,512,512,OK
TBX11K,h0208.png,data/raw/TBX11K/imgs/health/h0208.png,512,512,OK
TBX11K,h2379.png,data/raw/TBX11K/imgs/health/h2379.png,512,512,OK
TBX11K,h4708.png,data/raw/TBX11K/imgs/health/h4708.png,512,512,OK
TBX11K,h3067.png,data/raw/TBX11K/imgs/health/h3067.png,512,512,OK
TBX11K,h1664.png,data/raw/TBX11K/imgs/health/h1664.png,512,512,OK
TBX11K,h3715.png,data/raw/TBX11K/imgs/health/h3715.png,512,512,OK
TBX11K,h1102.png,data/raw/TBX11K/imgs/health/h1102.png,512,512,OK
TBX11K,h4091.png,data/raw/TBX11K/imgs/health/h4091.png,512,512,OK
TBX11K,h1857.png,data/raw/TBX11K/imgs/health/h1857.png,512,512,OK
TBX11K,h0585.png,data/raw/TBX11K/imgs/health/h0585.png,512,512,OK
TBX11K,h1843.png,data/raw/TBX11K/imgs/health/h1843.png,512,512,OK
TBX11K,h2392.png,data/raw/TBX11K/imgs/health/h2392.png,512,512,OK
TBX11K,h3932.png,data/raw/TBX11K/imgs/health/h3932.png,512,512,OK
TBX11K,h4913.png,data/raw/TBX11K/imgs/health/h4913.png,512,512,OK
TBX11K,h4907.png,data/raw/TBX11K/imgs/health/h4907.png,512,512,OK
TBX11K,h3259.png,data/raw/TBX11K/imgs/health/h3259.png,512,512,OK
TBX11K,h4536.png,data/raw/TBX11K/imgs/health/h4536.png,512,512,OK
TBX11K,h2147.png,data/raw/TBX11K/imgs/health/h2147.png,512,512,OK
TBX11K,h0988.png,data/raw/TBX11K/imgs/health/h0988.png,512,512,OK
TBX11K,h0750.png,data/raw/TBX11K/imgs/health/h0750.png,512,512,OK
TBX11K,h0036.png,data/raw/TBX11K/imgs/health/h0036.png,512,512,OK
TBX11K,h1328.png,data/raw/TBX11K/imgs/health/h1328.png,512,512,OK
TBX11K,h2621.png,data/raw/TBX11K/imgs/health/h2621.png,512,512,OK
TBX11K,h4250.png,data/raw/TBX11K/imgs/health/h4250.png,512,512,OK
TBX11K,h4244.png,data/raw/TBX11K/imgs/health/h4244.png,512,512,OK
TBX11K,h0022.png,data/raw/TBX11K/imgs/health/h0022.png,512,512,OK
TBX11K,h0744.png,data/raw/TBX11K/imgs/health/h0744.png,512,512,OK
TBX11K,h4522.png,data/raw/TBX11K/imgs/health/h4522.png,512,512,OK
TBX11K,h2153.png,data/raw/TBX11K/imgs/health/h2153.png,512,512,OK
TBX11K,h1472.png,data/raw/TBX11K/imgs/health/h1472.png,512,512,OK
TBX11K,h3265.png,data/raw/TBX11K/imgs/health/h3265.png,512,512,OK
TBX11K,h1314.png,data/raw/TBX11K/imgs/health/h1314.png,512,512,OK
TBX11K,h4278.png,data/raw/TBX11K/imgs/health/h4278.png,512,512,OK
TBX11K,h3517.png,data/raw/TBX11K/imgs/health/h3517.png,512,512,OK
TBX11K,h1466.png,data/raw/TBX11K/imgs/health/h1466.png,512,512,OK
TBX11K,h0778.png,data/raw/TBX11K/imgs/health/h0778.png,512,512,OK
TBX11K,h4293.png,data/raw/TBX11K/imgs/health/h4293.png,512,512,OK
TBX11K,h4287.png,data/raw/TBX11K/imgs/health/h4287.png,512,512,OK
TBX11K,h2190.png,data/raw/TBX11K/imgs/health/h2190.png,512,512,OK
TBX11K,h0787.png,data/raw/TBX11K/imgs/health/h0787.png,512,512,OK
TBX11K,h0977.png,data/raw/TBX11K/imgs/health/h0977.png,512,512,OK
TBX11K,h0963.png,data/raw/TBX11K/imgs/health/h0963.png,512,512,OK
TBX11K,h0142.png,data/raw/TBX11K/imgs/health/h0142.png,512,512,OK
TBX11K,h4324.png,data/raw/TBX11K/imgs/health/h4324.png,512,512,OK
TBX11K,h2755.png,data/raw/TBX11K/imgs/health/h2755.png,512,512,OK
TBX11K,h4330.png,data/raw/TBX11K/imgs/health/h4330.png,512,512,OK
TBX11K,h2999.png,data/raw/TBX11K/imgs/health/h2999.png,512,512,OK
TBX11K,h2741.png,data/raw/TBX11K/imgs/health/h2741.png,512,512,OK
TBX11K,h0156.png,data/raw/TBX11K/imgs/health/h0156.png,512,512,OK
TBX11K,h2027.png,data/raw/TBX11K/imgs/health/h2027.png,512,512,OK
TBX11K,h4456.png,data/raw/TBX11K/imgs/health/h4456.png,512,512,OK
TBX11K,h3339.png,data/raw/TBX11K/imgs/health/h3339.png,512,512,OK
TBX11K,h0618.png,data/raw/TBX11K/imgs/health/h0618.png,512,512,OK
TBX11K,h1506.png,data/raw/TBX11K/imgs/health/h1506.png,512,512,OK
TBX11K,h3311.png,data/raw/TBX11K/imgs/health/h3311.png,512,512,OK
TBX11K,h3477.png,data/raw/TBX11K/imgs/health/h3477.png,512,512,OK
TBX11K,h4318.png,data/raw/TBX11K/imgs/health/h4318.png,512,512,OK
TBX11K,h2769.png,data/raw/TBX11K/imgs/health/h2769.png,512,512,OK
TBX11K,h1260.png,data/raw/TBX11K/imgs/health/h1260.png,512,512,OK
TBX11K,h1274.png,data/raw/TBX11K/imgs/health/h1274.png,512,512,OK
TBX11K,h3463.png,data/raw/TBX11K/imgs/health/h3463.png,512,512,OK
TBX11K,h3305.png,data/raw/TBX11K/imgs/health/h3305.png,512,512,OK
TBX11K,h1512.png,data/raw/TBX11K/imgs/health/h1512.png,512,512,OK
TBX11K,h4481.png,data/raw/TBX11K/imgs/health/h4481.png,512,512,OK
TBX11K,h3488.png,data/raw/TBX11K/imgs/health/h3488.png,512,512,OK
TBX11K,h0181.png,data/raw/TBX11K/imgs/health/h0181.png,512,512,OK
TBX11K,h0195.png,data/raw/TBX11K/imgs/health/h0195.png,512,512,OK
TBX11K,h4495.png,data/raw/TBX11K/imgs/health/h4495.png,512,512,OK
TBX11K,h2972.png,data/raw/TBX11K/imgs/health/h2972.png,512,512,OK
TBX11K,h0817.png,data/raw/TBX11K/imgs/health/h0817.png,512,512,OK
TBX11K,h2557.png,data/raw/TBX11K/imgs/health/h2557.png,512,512,OK
TBX11K,h3891.png,data/raw/TBX11K/imgs/health/h3891.png,512,512,OK
TBX11K,h3649.png,data/raw/TBX11K/imgs/health/h3649.png,512,512,OK
TBX11K,h0340.png,data/raw/TBX11K/imgs/health/h0340.png,512,512,OK
TBX11K,h0426.png,data/raw/TBX11K/imgs/health/h0426.png,512,512,OK
TBX11K,h4898.png,data/raw/TBX11K/imgs/health/h4898.png,512,512,OK
TBX11K,h2225.png,data/raw/TBX11K/imgs/health/h2225.png,512,512,OK
TBX11K,h0432.png,data/raw/TBX11K/imgs/health/h0432.png,512,512,OK
TBX11K,h0354.png,data/raw/TBX11K/imgs/health/h0354.png,512,512,OK
TBX11K,h2543.png,data/raw/TBX11K/imgs/health/h2543.png,512,512,OK
TBX11K,h3885.png,data/raw/TBX11K/imgs/health/h3885.png,512,512,OK
TBX11K,h1062.png,data/raw/TBX11K/imgs/health/h1062.png,512,512,OK
TBX11K,h3675.png,data/raw/TBX11K/imgs/health/h3675.png,512,512,OK
TBX11K,h3113.png,data/raw/TBX11K/imgs/health/h3113.png,512,512,OK
TBX11K,h1704.png,data/raw/TBX11K/imgs/health/h1704.png,512,512,OK
TBX11K,h1710.png,data/raw/TBX11K/imgs/health/h1710.png,512,512,OK
TBX11K,h3107.png,data/raw/TBX11K/imgs/health/h3107.png,512,512,OK
TBX11K,h2219.png,data/raw/TBX11K/imgs/health/h2219.png,512,512,OK
TBX11K,h0368.png,data/raw/TBX11K/imgs/health/h0368.png,512,512,OK
TBX11K,h1076.png,data/raw/TBX11K/imgs/health/h1076.png,512,512,OK
TBX11K,h0383.png,data/raw/TBX11K/imgs/health/h0383.png,512,512,OK
TBX11K,h2594.png,data/raw/TBX11K/imgs/health/h2594.png,512,512,OK
TBX11K,h4683.png,data/raw/TBX11K/imgs/health/h4683.png,512,512,OK
TBX11K,h1923.png,data/raw/TBX11K/imgs/health/h1923.png,512,512,OK
TBX11K,h1937.png,data/raw/TBX11K/imgs/health/h1937.png,512,512,OK
TBX11K,h4697.png,data/raw/TBX11K/imgs/health/h4697.png,512,512,OK
TBX11K,h2580.png,data/raw/TBX11K/imgs/health/h2580.png,512,512,OK
TBX11K,h3846.png,data/raw/TBX11K/imgs/health/h3846.png,512,512,OK
TBX11K,h1089.png,data/raw/TBX11K/imgs/health/h1089.png,512,512,OK
TBX11K,h0397.png,data/raw/TBX11K/imgs/health/h0397.png,512,512,OK
TBX11K,h4867.png,data/raw/TBX11K/imgs/health/h4867.png,512,512,OK
TBX11K,h4872.png,data/raw/TBX11K/imgs/health/h4872.png,512,512,OK
TBX11K,h4866.png,data/raw/TBX11K/imgs/health/h4866.png,512,512,OK
TBX11K,h4696.png,data/raw/TBX11K/imgs/health/h4696.png,512,512,OK
TBX11K,h0396.png,data/raw/TBX11K/imgs/health/h0396.png,512,512,OK
TBX11K,h1088.png,data/raw/TBX11K/imgs/health/h1088.png,512,512,OK
TBX11K,h2581.png,data/raw/TBX11K/imgs/health/h2581.png,512,512,OK
TBX11K,h3853.png,data/raw/TBX11K/imgs/health/h3853.png,512,512,OK
TBX11K,h2595.png,data/raw/TBX11K/imgs/health/h2595.png,512,512,OK
TBX11K,h0382.png,data/raw/TBX11K/imgs/health/h0382.png,512,512,OK
TBX11K,h4682.png,data/raw/TBX11K/imgs/health/h4682.png,512,512,OK
TBX11K,h2218.png,data/raw/TBX11K/imgs/health/h2218.png,512,512,OK
TBX11K,h4669.png,data/raw/TBX11K/imgs/health/h4669.png,512,512,OK
TBX11K,h3106.png,data/raw/TBX11K/imgs/health/h3106.png,512,512,OK
TBX11K,h1711.png,data/raw/TBX11K/imgs/health/h1711.png,512,512,OK
TBX11K,h1077.png,data/raw/TBX11K/imgs/health/h1077.png,512,512,OK
TBX11K,h0369.png,data/raw/TBX11K/imgs/health/h0369.png,512,512,OK
TBX11K,h3660.png,data/raw/TBX11K/imgs/health/h3660.png,512,512,OK
TBX11K,h3674.png,data/raw/TBX11K/imgs/health/h3674.png,512,512,OK
TBX11K,h1063.png,data/raw/TBX11K/imgs/health/h1063.png,512,512,OK
TBX11K,h1705.png,data/raw/TBX11K/imgs/health/h1705.png,512,512,OK
TBX11K,h3112.png,data/raw/TBX11K/imgs/health/h3112.png,512,512,OK
TBX11K,h0433.png,data/raw/TBX11K/imgs/health/h0433.png,512,512,OK
TBX11K,h2224.png,data/raw/TBX11K/imgs/health/h2224.png,512,512,OK
TBX11K,h4655.png,data/raw/TBX11K/imgs/health/h4655.png,512,512,OK
TBX11K,h4133.png,data/raw/TBX11K/imgs/health/h4133.png,512,512,OK
TBX11K,h3884.png,data/raw/TBX11K/imgs/health/h3884.png,512,512,OK
TBX11K,h2542.png,data/raw/TBX11K/imgs/health/h2542.png,512,512,OK
TBX11K,h0355.png,data/raw/TBX11K/imgs/health/h0355.png,512,512,OK
TBX11K,h0341.png,data/raw/TBX11K/imgs/health/h0341.png,512,512,OK
TBX11K,h3648.png,data/raw/TBX11K/imgs/health/h3648.png,512,512,OK
TBX11K,h4127.png,data/raw/TBX11K/imgs/health/h4127.png,512,512,OK
TBX11K,h3890.png,data/raw/TBX11K/imgs/health/h3890.png,512,512,OK
TBX11K,h2556.png,data/raw/TBX11K/imgs/health/h2556.png,512,512,OK
TBX11K,h4899.png,data/raw/TBX11K/imgs/health/h4899.png,512,512,OK
TBX11K,h2230.png,data/raw/TBX11K/imgs/health/h2230.png,512,512,OK
TBX11K,h4641.png,data/raw/TBX11K/imgs/health/h4641.png,512,512,OK
TBX11K,h0427.png,data/raw/TBX11K/imgs/health/h0427.png,512,512,OK
TBX11K,h1739.png,data/raw/TBX11K/imgs/health/h1739.png,512,512,OK
TBX11K,h0802.png,data/raw/TBX11K/imgs/health/h0802.png,512,512,OK
TBX11K,h2973.png,data/raw/TBX11K/imgs/health/h2973.png,512,512,OK
TBX11K,h2783.png,data/raw/TBX11K/imgs/health/h2783.png,512,512,OK
TBX11K,h0194.png,data/raw/TBX11K/imgs/health/h0194.png,512,512,OK
TBX11K,h4480.png,data/raw/TBX11K/imgs/health/h4480.png,512,512,OK
TBX11K,h0180.png,data/raw/TBX11K/imgs/health/h0180.png,512,512,OK
TBX11K,h3489.png,data/raw/TBX11K/imgs/health/h3489.png,512,512,OK
TBX11K,h2797.png,data/raw/TBX11K/imgs/health/h2797.png,512,512,OK
TBX11K,h3462.png,data/raw/TBX11K/imgs/health/h3462.png,512,512,OK
TBX11K,h3310.png,data/raw/TBX11K/imgs/health/h3310.png,512,512,OK
TBX11K,h1507.png,data/raw/TBX11K/imgs/health/h1507.png,512,512,OK
TBX11K,h0619.png,data/raw/TBX11K/imgs/health/h0619.png,512,512,OK
TBX11K,h1261.png,data/raw/TBX11K/imgs/health/h1261.png,512,512,OK
TBX11K,h2768.png,data/raw/TBX11K/imgs/health/h2768.png,512,512,OK
TBX11K,h4319.png,data/raw/TBX11K/imgs/health/h4319.png,512,512,OK
TBX11K,h3476.png,data/raw/TBX11K/imgs/health/h3476.png,512,512,OK
TBX11K,h0157.png,data/raw/TBX11K/imgs/health/h0157.png,512,512,OK
TBX11K,h1249.png,data/raw/TBX11K/imgs/health/h1249.png,512,512,OK
TBX11K,h2740.png,data/raw/TBX11K/imgs/health/h2740.png,512,512,OK
TBX11K,h2998.png,data/raw/TBX11K/imgs/health/h2998.png,512,512,OK
TBX11K,h4457.png,data/raw/TBX11K/imgs/health/h4457.png,512,512,OK
TBX11K,h2026.png,data/raw/TBX11K/imgs/health/h2026.png,512,512,OK
TBX11K,h0625.png,data/raw/TBX11K/imgs/health/h0625.png,512,512,OK
TBX11K,h4443.png,data/raw/TBX11K/imgs/health/h4443.png,512,512,OK
TBX11K,h2032.png,data/raw/TBX11K/imgs/health/h2032.png,512,512,OK
TBX11K,h2754.png,data/raw/TBX11K/imgs/health/h2754.png,512,512,OK
TBX11K,h0143.png,data/raw/TBX11K/imgs/health/h0143.png,512,512,OK
TBX11K,h0962.png,data/raw/TBX11K/imgs/health/h0962.png,512,512,OK
TBX11K,h0976.png,data/raw/TBX11K/imgs/health/h0976.png,512,512,OK
TBX11K,h4286.png,data/raw/TBX11K/imgs/health/h4286.png,512,512,OK
TBX11K,h1498.png,data/raw/TBX11K/imgs/health/h1498.png,512,512,OK
TBX11K,h0786.png,data/raw/TBX11K/imgs/health/h0786.png,512,512,OK
TBX11K,h2191.png,data/raw/TBX11K/imgs/health/h2191.png,512,512,OK
TBX11K,h2185.png,data/raw/TBX11K/imgs/health/h2185.png,512,512,OK
TBX11K,h4292.png,data/raw/TBX11K/imgs/health/h4292.png,512,512,OK
TBX11K,h3516.png,data/raw/TBX11K/imgs/health/h3516.png,512,512,OK
TBX11K,h4279.png,data/raw/TBX11K/imgs/health/h4279.png,512,512,OK
TBX11K,h2608.png,data/raw/TBX11K/imgs/health/h2608.png,512,512,OK
TBX11K,h1301.png,data/raw/TBX11K/imgs/health/h1301.png,512,512,OK
TBX11K,h0779.png,data/raw/TBX11K/imgs/health/h0779.png,512,512,OK
TBX11K,h3270.png,data/raw/TBX11K/imgs/health/h3270.png,512,512,OK
TBX11K,h3264.png,data/raw/TBX11K/imgs/health/h3264.png,512,512,OK
TBX11K,h1473.png,data/raw/TBX11K/imgs/health/h1473.png,512,512,OK
TBX11K,h1315.png,data/raw/TBX11K/imgs/health/h1315.png,512,512,OK
TBX11K,h3502.png,data/raw/TBX11K/imgs/health/h3502.png,512,512,OK
TBX11K,h0023.png,data/raw/TBX11K/imgs/health/h0023.png,512,512,OK
TBX11K,h4245.png,data/raw/TBX11K/imgs/health/h4245.png,512,512,OK
TBX11K,h2634.png,data/raw/TBX11K/imgs/health/h2634.png,512,512,OK
TBX11K,h4523.png,data/raw/TBX11K/imgs/health/h4523.png,512,512,OK
TBX11K,h0745.png,data/raw/TBX11K/imgs/health/h0745.png,512,512,OK
TBX11K,h0751.png,data/raw/TBX11K/imgs/health/h0751.png,512,512,OK
TBX11K,h0989.png,data/raw/TBX11K/imgs/health/h0989.png,512,512,OK
TBX11K,h2146.png,data/raw/TBX11K/imgs/health/h2146.png,512,512,OK
TBX11K,h4251.png,data/raw/TBX11K/imgs/health/h4251.png,512,512,OK
TBX11K,h4906.png,data/raw/TBX11K/imgs/health/h4906.png,512,512,OK
TBX11K,h4912.png,data/raw/TBX11K/imgs/health/h4912.png,512,512,OK
TBX11K,h2393.png,data/raw/TBX11K/imgs/health/h2393.png,512,512,OK
TBX11K,h1842.png,data/raw/TBX11K/imgs/health/h1842.png,512,512,OK
TBX11K,h0584.png,data/raw/TBX11K/imgs/health/h0584.png,512,512,OK
TBX11K,h4084.png,data/raw/TBX11K/imgs/health/h4084.png,512,512,OK
TBX11K,h4090.png,data/raw/TBX11K/imgs/health/h4090.png,512,512,OK
TBX11K,h3927.png,data/raw/TBX11K/imgs/health/h3927.png,512,512,OK
TBX11K,h1856.png,data/raw/TBX11K/imgs/health/h1856.png,512,512,OK
TBX11K,h0590.png,data/raw/TBX11K/imgs/health/h0590.png,512,512,OK
TBX11K,h2387.png,data/raw/TBX11K/imgs/health/h2387.png,512,512,OK
TBX11K,h3099.png,data/raw/TBX11K/imgs/health/h3099.png,512,512,OK
TBX11K,h3072.png,data/raw/TBX11K/imgs/health/h3072.png,512,512,OK
TBX11K,h1665.png,data/raw/TBX11K/imgs/health/h1665.png,512,512,OK
TBX11K,h1103.png,data/raw/TBX11K/imgs/health/h1103.png,512,512,OK
TBX11K,h0209.png,data/raw/TBX11K/imgs/health/h0209.png,512,512,OK
TBX11K,h1117.png,data/raw/TBX11K/imgs/health/h1117.png,512,512,OK
TBX11K,h1671.png,data/raw/TBX11K/imgs/health/h1671.png,512,512,OK
TBX11K,h3066.png,data/raw/TBX11K/imgs/health/h3066.png,512,512,OK
TBX11K,h4709.png,data/raw/TBX11K/imgs/health/h4709.png,512,512,OK
TBX11K,h2378.png,data/raw/TBX11K/imgs/health/h2378.png,512,512,OK
TBX11K,h1659.png,data/raw/TBX11K/imgs/health/h1659.png,512,512,OK
TBX11K,h1881.png,data/raw/TBX11K/imgs/health/h1881.png,512,512,OK
TBX11K,h0547.png,data/raw/TBX11K/imgs/health/h0547.png,512,512,OK
TBX11K,h2350.png,data/raw/TBX11K/imgs/health/h2350.png,512,512,OK
TBX11K,h2436.png,data/raw/TBX11K/imgs/health/h2436.png,512,512,OK
TBX11K,h4047.png,data/raw/TBX11K/imgs/health/h4047.png,512,512,OK
TBX11K,h0221.png,data/raw/TBX11K/imgs/health/h0221.png,512,512,OK
TBX11K,h0235.png,data/raw/TBX11K/imgs/health/h0235.png,512,512,OK
TBX11K,h4735.png,data/raw/TBX11K/imgs/health/h4735.png,512,512,OK
TBX11K,h2344.png,data/raw/TBX11K/imgs/health/h2344.png,512,512,OK
TBX11K,h1895.png,data/raw/TBX11K/imgs/health/h1895.png,512,512,OK
TBX11K,h0553.png,data/raw/TBX11K/imgs/health/h0553.png,512,512,OK
TBX11K,h0223.png,data/raw/TBX11K/imgs/health/h0223.png,512,512,OK
TBX11K,h4045.png,data/raw/TBX11K/imgs/health/h4045.png,512,512,OK
TBX11K,h2434.png,data/raw/TBX11K/imgs/health/h2434.png,512,512,OK
TBX11K,h4723.png,data/raw/TBX11K/imgs/health/h4723.png,512,512,OK
TBX11K,h1883.png,data/raw/TBX11K/imgs/health/h1883.png,512,512,OK
TBX11K,h0551.png,data/raw/TBX11K/imgs/health/h0551.png,512,512,OK
TBX11K,h2346.png,data/raw/TBX11K/imgs/health/h2346.png,512,512,OK
TBX11K,h3058.png,data/raw/TBX11K/imgs/health/h3058.png,512,512,OK
TBX11K,h2420.png,data/raw/TBX11K/imgs/health/h2420.png,512,512,OK
TBX11K,h1129.png,data/raw/TBX11K/imgs/health/h1129.png,512,512,OK
TBX11K,h0237.png,data/raw/TBX11K/imgs/health/h0237.png,512,512,OK
TBX11K,h3716.png,data/raw/TBX11K/imgs/health/h3716.png,512,512,OK
TBX11K,h4079.png,data/raw/TBX11K/imgs/health/h4079.png,512,512,OK
TBX11K,h2408.png,data/raw/TBX11K/imgs/health/h2408.png,512,512,OK
TBX11K,h1101.png,data/raw/TBX11K/imgs/health/h1101.png,512,512,OK
TBX11K,h3070.png,data/raw/TBX11K/imgs/health/h3070.png,512,512,OK
TBX11K,h3064.png,data/raw/TBX11K/imgs/health/h3064.png,512,512,OK
TBX11K,h1673.png,data/raw/TBX11K/imgs/health/h1673.png,512,512,OK
TBX11K,h3702.png,data/raw/TBX11K/imgs/health/h3702.png,512,512,OK
TBX11K,h3931.png,data/raw/TBX11K/imgs/health/h3931.png,512,512,OK
TBX11K,h4086.png,data/raw/TBX11K/imgs/health/h4086.png,512,512,OK
TBX11K,h1698.png,data/raw/TBX11K/imgs/health/h1698.png,512,512,OK
TBX11K,h0586.png,data/raw/TBX11K/imgs/health/h0586.png,512,512,OK
TBX11K,h1840.png,data/raw/TBX11K/imgs/health/h1840.png,512,512,OK
TBX11K,h4938.png,data/raw/TBX11K/imgs/health/h4938.png,512,512,OK
TBX11K,h2391.png,data/raw/TBX11K/imgs/health/h2391.png,512,512,OK
TBX11K,h2385.png,data/raw/TBX11K/imgs/health/h2385.png,512,512,OK
TBX11K,h0592.png,data/raw/TBX11K/imgs/health/h0592.png,512,512,OK
TBX11K,h1854.png,data/raw/TBX11K/imgs/health/h1854.png,512,512,OK
TBX11K,h3925.png,data/raw/TBX11K/imgs/health/h3925.png,512,512,OK
TBX11K,h4092.png,data/raw/TBX11K/imgs/health/h4092.png,512,512,OK
TBX11K,h4904.png,data/raw/TBX11K/imgs/health/h4904.png,512,512,OK
TBX11K,h1868.png,data/raw/TBX11K/imgs/health/h1868.png,512,512,OK
TBX11K,h3919.png,data/raw/TBX11K/imgs/health/h3919.png,512,512,OK
TBX11K,h1459.png,data/raw/TBX11K/imgs/health/h1459.png,512,512,OK
TBX11K,h2150.png,data/raw/TBX11K/imgs/health/h2150.png,512,512,OK
TBX11K,h4247.png,data/raw/TBX11K/imgs/health/h4247.png,512,512,OK
TBX11K,h3528.png,data/raw/TBX11K/imgs/health/h3528.png,512,512,OK
TBX11K,h0021.png,data/raw/TBX11K/imgs/health/h0021.png,512,512,OK
TBX11K,h0035.png,data/raw/TBX11K/imgs/health/h0035.png,512,512,OK
TBX11K,h2622.png,data/raw/TBX11K/imgs/health/h2622.png,512,512,OK
TBX11K,h4253.png,data/raw/TBX11K/imgs/health/h4253.png,512,512,OK
TBX11K,h4535.png,data/raw/TBX11K/imgs/health/h4535.png,512,512,OK
TBX11K,h2144.png,data/raw/TBX11K/imgs/health/h2144.png,512,512,OK
TBX11K,h0753.png,data/raw/TBX11K/imgs/health/h0753.png,512,512,OK
TBX11K,h1465.png,data/raw/TBX11K/imgs/health/h1465.png,512,512,OK
TBX11K,h1303.png,data/raw/TBX11K/imgs/health/h1303.png,512,512,OK
TBX11K,h3514.png,data/raw/TBX11K/imgs/health/h3514.png,512,512,OK
TBX11K,h3500.png,data/raw/TBX11K/imgs/health/h3500.png,512,512,OK
TBX11K,h0009.png,data/raw/TBX11K/imgs/health/h0009.png,512,512,OK
TBX11K,h1317.png,data/raw/TBX11K/imgs/health/h1317.png,512,512,OK
TBX11K,h3266.png,data/raw/TBX11K/imgs/health/h3266.png,512,512,OK
TBX11K,h2178.png,data/raw/TBX11K/imgs/health/h2178.png,512,512,OK
TBX11K,h2193.png,data/raw/TBX11K/imgs/health/h2193.png,512,512,OK
TBX11K,h2839.png,data/raw/TBX11K/imgs/health/h2839.png,512,512,OK
TBX11K,h4290.png,data/raw/TBX11K/imgs/health/h4290.png,512,512,OK
TBX11K,h0790.png,data/raw/TBX11K/imgs/health/h0790.png,512,512,OK
TBX11K,h0948.png,data/raw/TBX11K/imgs/health/h0948.png,512,512,OK
TBX11K,h0960.png,data/raw/TBX11K/imgs/health/h0960.png,512,512,OK
TBX11K,h2805.png,data/raw/TBX11K/imgs/health/h2805.png,512,512,OK
TBX11K,h2024.png,data/raw/TBX11K/imgs/health/h2024.png,512,512,OK
TBX11K,h4455.png,data/raw/TBX11K/imgs/health/h4455.png,512,512,OK
TBX11K,h2742.png,data/raw/TBX11K/imgs/health/h2742.png,512,512,OK
TBX11K,h0155.png,data/raw/TBX11K/imgs/health/h0155.png,512,512,OK
TBX11K,h0141.png,data/raw/TBX11K/imgs/health/h0141.png,512,512,OK
TBX11K,h3448.png,data/raw/TBX11K/imgs/health/h3448.png,512,512,OK
TBX11K,h4327.png,data/raw/TBX11K/imgs/health/h4327.png,512,512,OK
TBX11K,h2756.png,data/raw/TBX11K/imgs/health/h2756.png,512,512,OK
TBX11K,h2030.png,data/raw/TBX11K/imgs/health/h2030.png,512,512,OK
TBX11K,h4441.png,data/raw/TBX11K/imgs/health/h4441.png,512,512,OK
TBX11K,h1539.png,data/raw/TBX11K/imgs/health/h1539.png,512,512,OK
TBX11K,h1511.png,data/raw/TBX11K/imgs/health/h1511.png,512,512,OK
TBX11K,h0169.png,data/raw/TBX11K/imgs/health/h0169.png,512,512,OK
TBX11K,h3474.png,data/raw/TBX11K/imgs/health/h3474.png,512,512,OK
TBX11K,h1263.png,data/raw/TBX11K/imgs/health/h1263.png,512,512,OK
TBX11K,h1505.png,data/raw/TBX11K/imgs/health/h1505.png,512,512,OK
TBX11K,h4496.png,data/raw/TBX11K/imgs/health/h4496.png,512,512,OK
TBX11K,h0828.png,data/raw/TBX11K/imgs/health/h0828.png,512,512,OK
TBX11K,h0196.png,data/raw/TBX11K/imgs/health/h0196.png,512,512,OK
TBX11K,h1288.png,data/raw/TBX11K/imgs/health/h1288.png,512,512,OK
TBX11K,h2781.png,data/raw/TBX11K/imgs/health/h2781.png,512,512,OK
TBX11K,h2959.png,data/raw/TBX11K/imgs/health/h2959.png,512,512,OK
TBX11K,h2795.png,data/raw/TBX11K/imgs/health/h2795.png,512,512,OK
TBX11K,h0182.png,data/raw/TBX11K/imgs/health/h0182.png,512,512,OK
TBX11K,h0814.png,data/raw/TBX11K/imgs/health/h0814.png,512,512,OK
TBX11K,h2965.png,data/raw/TBX11K/imgs/health/h2965.png,512,512,OK
TBX11K,h0357.png,data/raw/TBX11K/imgs/health/h0357.png,512,512,OK
TBX11K,h1049.png,data/raw/TBX11K/imgs/health/h1049.png,512,512,OK
TBX11K,h2540.png,data/raw/TBX11K/imgs/health/h2540.png,512,512,OK
TBX11K,h4131.png,data/raw/TBX11K/imgs/health/h4131.png,512,512,OK
TBX11K,h4657.png,data/raw/TBX11K/imgs/health/h4657.png,512,512,OK
TBX11K,h2226.png,data/raw/TBX11K/imgs/health/h2226.png,512,512,OK
TBX11K,h0425.png,data/raw/TBX11K/imgs/health/h0425.png,512,512,OK
TBX11K,h0343.png,data/raw/TBX11K/imgs/health/h0343.png,512,512,OK
TBX11K,h1075.png,data/raw/TBX11K/imgs/health/h1075.png,512,512,OK
TBX11K,h1713.png,data/raw/TBX11K/imgs/health/h1713.png,512,512,OK
TBX11K,h3104.png,data/raw/TBX11K/imgs/health/h3104.png,512,512,OK
TBX11K,h3110.png,data/raw/TBX11K/imgs/health/h3110.png,512,512,OK
TBX11K,h1707.png,data/raw/TBX11K/imgs/health/h1707.png,512,512,OK
TBX11K,h0419.png,data/raw/TBX11K/imgs/health/h0419.png,512,512,OK
TBX11K,h1061.png,data/raw/TBX11K/imgs/health/h1061.png,512,512,OK
TBX11K,h2568.png,data/raw/TBX11K/imgs/health/h2568.png,512,512,OK
TBX11K,h4119.png,data/raw/TBX11K/imgs/health/h4119.png,512,512,OK
TBX11K,h3676.png,data/raw/TBX11K/imgs/health/h3676.png,512,512,OK
TBX11K,h2583.png,data/raw/TBX11K/imgs/health/h2583.png,512,512,OK
TBX11K,h3845.png,data/raw/TBX11K/imgs/health/h3845.png,512,512,OK
TBX11K,h0394.png,data/raw/TBX11K/imgs/health/h0394.png,512,512,OK
TBX11K,h1934.png,data/raw/TBX11K/imgs/health/h1934.png,512,512,OK
TBX11K,h4694.png,data/raw/TBX11K/imgs/health/h4694.png,512,512,OK
TBX11K,h4680.png,data/raw/TBX11K/imgs/health/h4680.png,512,512,OK
TBX11K,h1920.png,data/raw/TBX11K/imgs/health/h1920.png,512,512,OK
TBX11K,h3689.png,data/raw/TBX11K/imgs/health/h3689.png,512,512,OK
TBX11K,h2597.png,data/raw/TBX11K/imgs/health/h2597.png,512,512,OK
TBX11K,h3851.png,data/raw/TBX11K/imgs/health/h3851.png,512,512,OK
TBX11K,h3879.png,data/raw/TBX11K/imgs/health/h3879.png,512,512,OK
TBX11K,h4870.png,data/raw/TBX11K/imgs/health/h4870.png,512,512,OK
TBX11K,h1908.png,data/raw/TBX11K/imgs/health/h1908.png,512,512,OK
TBX11K,h4864.png,data/raw/TBX11K/imgs/health/h4864.png,512,512,OK
TBX11K,h4865.png,data/raw/TBX11K/imgs/health/h4865.png,512,512,OK
TBX11K,h3878.png,data/raw/TBX11K/imgs/health/h3878.png,512,512,OK
TBX11K,h4871.png,data/raw/TBX11K/imgs/health/h4871.png,512,512,OK
TBX11K,h4681.png,data/raw/TBX11K/imgs/health/h4681.png,512,512,OK
TBX11K,h4859.png,data/raw/TBX11K/imgs/health/h4859.png,512,512,OK
TBX11K,h3850.png,data/raw/TBX11K/imgs/health/h3850.png,512,512,OK
TBX11K,h2596.png,data/raw/TBX11K/imgs/health/h2596.png,512,512,OK
TBX11K,h3688.png,data/raw/TBX11K/imgs/health/h3688.png,512,512,OK
TBX11K,h0381.png,data/raw/TBX11K/imgs/health/h0381.png,512,512,OK
TBX11K,h0395.png,data/raw/TBX11K/imgs/health/h0395.png,512,512,OK
TBX11K,h2582.png,data/raw/TBX11K/imgs/health/h2582.png,512,512,OK
TBX11K,h4695.png,data/raw/TBX11K/imgs/health/h4695.png,512,512,OK
TBX11K,h1935.png,data/raw/TBX11K/imgs/health/h1935.png,512,512,OK
TBX11K,h0418.png,data/raw/TBX11K/imgs/health/h0418.png,512,512,OK
TBX11K,h1706.png,data/raw/TBX11K/imgs/health/h1706.png,512,512,OK
TBX11K,h3111.png,data/raw/TBX11K/imgs/health/h3111.png,512,512,OK
TBX11K,h3677.png,data/raw/TBX11K/imgs/health/h3677.png,512,512,OK
TBX11K,h4118.png,data/raw/TBX11K/imgs/health/h4118.png,512,512,OK
TBX11K,h2569.png,data/raw/TBX11K/imgs/health/h2569.png,512,512,OK
TBX11K,h1060.png,data/raw/TBX11K/imgs/health/h1060.png,512,512,OK
TBX11K,h1074.png,data/raw/TBX11K/imgs/health/h1074.png,512,512,OK
TBX11K,h1712.png,data/raw/TBX11K/imgs/health/h1712.png,512,512,OK
TBX11K,h0424.png,data/raw/TBX11K/imgs/health/h0424.png,512,512,OK
TBX11K,h4124.png,data/raw/TBX11K/imgs/health/h4124.png,512,512,OK
TBX11K,h3893.png,data/raw/TBX11K/imgs/health/h3893.png,512,512,OK
TBX11K,h2555.png,data/raw/TBX11K/imgs/health/h2555.png,512,512,OK
TBX11K,h4130.png,data/raw/TBX11K/imgs/health/h4130.png,512,512,OK
TBX11K,h2541.png,data/raw/TBX11K/imgs/health/h2541.png,512,512,OK
TBX11K,h1048.png,data/raw/TBX11K/imgs/health/h1048.png,512,512,OK
TBX11K,h0356.png,data/raw/TBX11K/imgs/health/h0356.png,512,512,OK
TBX11K,h0430.png,data/raw/TBX11K/imgs/health/h0430.png,512,512,OK
TBX11K,h2227.png,data/raw/TBX11K/imgs/health/h2227.png,512,512,OK
TBX11K,h2970.png,data/raw/TBX11K/imgs/health/h2970.png,512,512,OK
TBX11K,h0801.png,data/raw/TBX11K/imgs/health/h0801.png,512,512,OK
TBX11K,h4483.png,data/raw/TBX11K/imgs/health/h4483.png,512,512,OK
TBX11K,h4497.png,data/raw/TBX11K/imgs/health/h4497.png,512,512,OK
TBX11K,h2958.png,data/raw/TBX11K/imgs/health/h2958.png,512,512,OK
TBX11K,h2780.png,data/raw/TBX11K/imgs/health/h2780.png,512,512,OK
TBX11K,h1289.png,data/raw/TBX11K/imgs/health/h1289.png,512,512,OK
TBX11K,h1262.png,data/raw/TBX11K/imgs/health/h1262.png,512,512,OK
TBX11K,h3475.png,data/raw/TBX11K/imgs/health/h3475.png,512,512,OK
TBX11K,h3313.png,data/raw/TBX11K/imgs/health/h3313.png,512,512,OK
TBX11K,h1504.png,data/raw/TBX11K/imgs/health/h1504.png,512,512,OK
TBX11K,h3307.png,data/raw/TBX11K/imgs/health/h3307.png,512,512,OK
TBX11K,h4468.png,data/raw/TBX11K/imgs/health/h4468.png,512,512,OK
TBX11K,h2019.png,data/raw/TBX11K/imgs/health/h2019.png,512,512,OK
TBX11K,h3461.png,data/raw/TBX11K/imgs/health/h3461.png,512,512,OK
TBX11K,h0168.png,data/raw/TBX11K/imgs/health/h0168.png,512,512,OK
TBX11K,h4326.png,data/raw/TBX11K/imgs/health/h4326.png,512,512,OK
TBX11K,h3449.png,data/raw/TBX11K/imgs/health/h3449.png,512,512,OK
TBX11K,h0140.png,data/raw/TBX11K/imgs/health/h0140.png,512,512,OK
TBX11K,h1538.png,data/raw/TBX11K/imgs/health/h1538.png,512,512,OK
TBX11K,h0626.png,data/raw/TBX11K/imgs/health/h0626.png,512,512,OK
TBX11K,h4440.png,data/raw/TBX11K/imgs/health/h4440.png,512,512,OK
TBX11K,h4454.png,data/raw/TBX11K/imgs/health/h4454.png,512,512,OK
TBX11K,h2025.png,data/raw/TBX11K/imgs/health/h2025.png,512,512,OK
TBX11K,h0632.png,data/raw/TBX11K/imgs/health/h0632.png,512,512,OK
TBX11K,h0154.png,data/raw/TBX11K/imgs/health/h0154.png,512,512,OK
TBX11K,h2743.png,data/raw/TBX11K/imgs/health/h2743.png,512,512,OK
TBX11K,h4332.png,data/raw/TBX11K/imgs/health/h4332.png,512,512,OK
TBX11K,h2804.png,data/raw/TBX11K/imgs/health/h2804.png,512,512,OK
TBX11K,h0975.png,data/raw/TBX11K/imgs/health/h0975.png,512,512,OK
TBX11K,h0961.png,data/raw/TBX11K/imgs/health/h0961.png,512,512,OK
TBX11K,h4291.png,data/raw/TBX11K/imgs/health/h4291.png,512,512,OK
TBX11K,h3298.png,data/raw/TBX11K/imgs/health/h3298.png,512,512,OK
TBX11K,h2186.png,data/raw/TBX11K/imgs/health/h2186.png,512,512,OK
TBX11K,h0949.png,data/raw/TBX11K/imgs/health/h0949.png,512,512,OK
TBX11K,h0791.png,data/raw/TBX11K/imgs/health/h0791.png,512,512,OK
TBX11K,h2192.png,data/raw/TBX11K/imgs/health/h2192.png,512,512,OK
TBX11K,h0008.png,data/raw/TBX11K/imgs/health/h0008.png,512,512,OK
TBX11K,h3501.png,data/raw/TBX11K/imgs/health/h3501.png,512,512,OK
TBX11K,h2179.png,data/raw/TBX11K/imgs/health/h2179.png,512,512,OK
TBX11K,h4508.png,data/raw/TBX11K/imgs/health/h4508.png,512,512,OK
TBX11K,h1470.png,data/raw/TBX11K/imgs/health/h1470.png,512,512,OK
TBX11K,h3273.png,data/raw/TBX11K/imgs/health/h3273.png,512,512,OK
TBX11K,h3515.png,data/raw/TBX11K/imgs/health/h3515.png,512,512,OK
TBX11K,h1302.png,data/raw/TBX11K/imgs/health/h1302.png,512,512,OK
TBX11K,h4252.png,data/raw/TBX11K/imgs/health/h4252.png,512,512,OK
TBX11K,h2623.png,data/raw/TBX11K/imgs/health/h2623.png,512,512,OK
TBX11K,h0034.png,data/raw/TBX11K/imgs/health/h0034.png,512,512,OK
TBX11K,h2145.png,data/raw/TBX11K/imgs/health/h2145.png,512,512,OK
TBX11K,h4534.png,data/raw/TBX11K/imgs/health/h4534.png,512,512,OK
TBX11K,h4520.png,data/raw/TBX11K/imgs/health/h4520.png,512,512,OK
TBX11K,h0746.png,data/raw/TBX11K/imgs/health/h0746.png,512,512,OK
TBX11K,h0020.png,data/raw/TBX11K/imgs/health/h0020.png,512,512,OK
TBX11K,h3529.png,data/raw/TBX11K/imgs/health/h3529.png,512,512,OK
TBX11K,h4246.png,data/raw/TBX11K/imgs/health/h4246.png,512,512,OK
TBX11K,h2637.png,data/raw/TBX11K/imgs/health/h2637.png,512,512,OK
TBX11K,h1869.png,data/raw/TBX11K/imgs/health/h1869.png,512,512,OK
TBX11K,h3918.png,data/raw/TBX11K/imgs/health/h3918.png,512,512,OK
TBX11K,h4905.png,data/raw/TBX11K/imgs/health/h4905.png,512,512,OK
TBX11K,h1855.png,data/raw/TBX11K/imgs/health/h1855.png,512,512,OK
TBX11K,h0593.png,data/raw/TBX11K/imgs/health/h0593.png,512,512,OK
TBX11K,h2384.png,data/raw/TBX11K/imgs/health/h2384.png,512,512,OK
TBX11K,h4093.png,data/raw/TBX11K/imgs/health/h4093.png,512,512,OK
TBX11K,h3924.png,data/raw/TBX11K/imgs/health/h3924.png,512,512,OK
TBX11K,h4087.png,data/raw/TBX11K/imgs/health/h4087.png,512,512,OK
TBX11K,h2390.png,data/raw/TBX11K/imgs/health/h2390.png,512,512,OK
TBX11K,h4939.png,data/raw/TBX11K/imgs/health/h4939.png,512,512,OK
TBX11K,h1841.png,data/raw/TBX11K/imgs/health/h1841.png,512,512,OK
TBX11K,h1699.png,data/raw/TBX11K/imgs/health/h1699.png,512,512,OK
TBX11K,h1672.png,data/raw/TBX11K/imgs/health/h1672.png,512,512,OK
TBX11K,h3065.png,data/raw/TBX11K/imgs/health/h3065.png,512,512,OK
TBX11K,h3703.png,data/raw/TBX11K/imgs/health/h3703.png,512,512,OK
TBX11K,h1114.png,data/raw/TBX11K/imgs/health/h1114.png,512,512,OK
TBX11K,h1100.png,data/raw/TBX11K/imgs/health/h1100.png,512,512,OK
TBX11K,h2409.png,data/raw/TBX11K/imgs/health/h2409.png,512,512,OK
TBX11K,h4078.png,data/raw/TBX11K/imgs/health/h4078.png,512,512,OK
TBX11K,h3717.png,data/raw/TBX11K/imgs/health/h3717.png,512,512,OK
TBX11K,h3071.png,data/raw/TBX11K/imgs/health/h3071.png,512,512,OK
TBX11K,h1666.png,data/raw/TBX11K/imgs/health/h1666.png,512,512,OK
TBX11K,h0578.png,data/raw/TBX11K/imgs/health/h0578.png,512,512,OK
TBX11K,h3059.png,data/raw/TBX11K/imgs/health/h3059.png,512,512,OK
TBX11K,h4736.png,data/raw/TBX11K/imgs/health/h4736.png,512,512,OK
TBX11K,h2347.png,data/raw/TBX11K/imgs/health/h2347.png,512,512,OK
TBX11K,h0550.png,data/raw/TBX11K/imgs/health/h0550.png,512,512,OK
TBX11K,h0236.png,data/raw/TBX11K/imgs/health/h0236.png,512,512,OK
TBX11K,h1128.png,data/raw/TBX11K/imgs/health/h1128.png,512,512,OK
TBX11K,h2421.png,data/raw/TBX11K/imgs/health/h2421.png,512,512,OK
TBX11K,h4050.png,data/raw/TBX11K/imgs/health/h4050.png,512,512,OK
TBX11K,h2435.png,data/raw/TBX11K/imgs/health/h2435.png,512,512,OK
TBX11K,h4044.png,data/raw/TBX11K/imgs/health/h4044.png,512,512,OK
TBX11K,h1882.png,data/raw/TBX11K/imgs/health/h1882.png,512,512,OK
TBX11K,h0544.png,data/raw/TBX11K/imgs/health/h0544.png,512,512,OK
TBX11K,h4722.png,data/raw/TBX11K/imgs/health/h4722.png,512,512,OK
TBX11K,h2353.png,data/raw/TBX11K/imgs/health/h2353.png,512,512,OK
TBX11K,h1662.png,data/raw/TBX11K/imgs/health/h1662.png,512,512,OK
TBX11K,h3713.png,data/raw/TBX11K/imgs/health/h3713.png,512,512,OK
TBX11K,h1104.png,data/raw/TBX11K/imgs/health/h1104.png,512,512,OK
TBX11K,h4068.png,data/raw/TBX11K/imgs/health/h4068.png,512,512,OK
TBX11K,h3707.png,data/raw/TBX11K/imgs/health/h3707.png,512,512,OK
TBX11K,h3061.png,data/raw/TBX11K/imgs/health/h3061.png,512,512,OK
TBX11K,h0568.png,data/raw/TBX11K/imgs/health/h0568.png,512,512,OK
TBX11K,h1676.png,data/raw/TBX11K/imgs/health/h1676.png,512,512,OK
TBX11K,h2357.png,data/raw/TBX11K/imgs/health/h2357.png,512,512,OK
TBX11K,h3049.png,data/raw/TBX11K/imgs/health/h3049.png,512,512,OK
TBX11K,h1886.png,data/raw/TBX11K/imgs/health/h1886.png,512,512,OK
TBX11K,h1138.png,data/raw/TBX11K/imgs/health/h1138.png,512,512,OK
TBX11K,h2431.png,data/raw/TBX11K/imgs/health/h2431.png,512,512,OK
TBX11K,h4054.png,data/raw/TBX11K/imgs/health/h4054.png,512,512,OK
TBX11K,h2425.png,data/raw/TBX11K/imgs/health/h2425.png,512,512,OK
TBX11K,h0232.png,data/raw/TBX11K/imgs/health/h0232.png,512,512,OK
TBX11K,h1892.png,data/raw/TBX11K/imgs/health/h1892.png,512,512,OK
TBX11K,h0554.png,data/raw/TBX11K/imgs/health/h0554.png,512,512,OK
TBX11K,h4732.png,data/raw/TBX11K/imgs/health/h4732.png,512,512,OK
TBX11K,h4901.png,data/raw/TBX11K/imgs/health/h4901.png,512,512,OK
TBX11K,h1879.png,data/raw/TBX11K/imgs/health/h1879.png,512,512,OK
TBX11K,h4915.png,data/raw/TBX11K/imgs/health/h4915.png,512,512,OK
TBX11K,h1845.png,data/raw/TBX11K/imgs/health/h1845.png,512,512,OK
TBX11K,h0583.png,data/raw/TBX11K/imgs/health/h0583.png,512,512,OK
TBX11K,h2394.png,data/raw/TBX11K/imgs/health/h2394.png,512,512,OK
TBX11K,h3934.png,data/raw/TBX11K/imgs/health/h3934.png,512,512,OK
TBX11K,h3920.png,data/raw/TBX11K/imgs/health/h3920.png,512,512,OK
TBX11K,h4097.png,data/raw/TBX11K/imgs/health/h4097.png,512,512,OK
TBX11K,h4929.png,data/raw/TBX11K/imgs/health/h4929.png,512,512,OK
TBX11K,h2380.png,data/raw/TBX11K/imgs/health/h2380.png,512,512,OK
TBX11K,h1689.png,data/raw/TBX11K/imgs/health/h1689.png,512,512,OK
TBX11K,h1851.png,data/raw/TBX11K/imgs/health/h1851.png,512,512,OK
TBX11K,h0597.png,data/raw/TBX11K/imgs/health/h0597.png,512,512,OK
TBX11K,h0018.png,data/raw/TBX11K/imgs/health/h0018.png,512,512,OK
TBX11K,h1306.png,data/raw/TBX11K/imgs/health/h1306.png,512,512,OK
TBX11K,h3511.png,data/raw/TBX11K/imgs/health/h3511.png,512,512,OK
TBX11K,h4518.png,data/raw/TBX11K/imgs/health/h4518.png,512,512,OK
TBX11K,h3277.png,data/raw/TBX11K/imgs/health/h3277.png,512,512,OK
TBX11K,h1460.png,data/raw/TBX11K/imgs/health/h1460.png,512,512,OK
TBX11K,h3263.png,data/raw/TBX11K/imgs/health/h3263.png,512,512,OK
TBX11K,h2633.png,data/raw/TBX11K/imgs/health/h2633.png,512,512,OK
TBX11K,h0742.png,data/raw/TBX11K/imgs/health/h0742.png,512,512,OK
TBX11K,h4524.png,data/raw/TBX11K/imgs/health/h4524.png,512,512,OK
TBX11K,h4530.png,data/raw/TBX11K/imgs/health/h4530.png,512,512,OK
TBX11K,h1448.png,data/raw/TBX11K/imgs/health/h1448.png,512,512,OK
TBX11K,h0756.png,data/raw/TBX11K/imgs/health/h0756.png,512,512,OK
TBX11K,h0030.png,data/raw/TBX11K/imgs/health/h0030.png,512,512,OK
TBX11K,h2627.png,data/raw/TBX11K/imgs/health/h2627.png,512,512,OK
TBX11K,h3539.png,data/raw/TBX11K/imgs/health/h3539.png,512,512,OK
TBX11K,h4256.png,data/raw/TBX11K/imgs/health/h4256.png,512,512,OK
TBX11K,h2814.png,data/raw/TBX11K/imgs/health/h2814.png,512,512,OK
TBX11K,h0965.png,data/raw/TBX11K/imgs/health/h0965.png,512,512,OK
TBX11K,h0971.png,data/raw/TBX11K/imgs/health/h0971.png,512,512,OK
TBX11K,h2800.png,data/raw/TBX11K/imgs/health/h2800.png,512,512,OK
TBX11K,h2828.png,data/raw/TBX11K/imgs/health/h2828.png,512,512,OK
TBX11K,h4281.png,data/raw/TBX11K/imgs/health/h4281.png,512,512,OK
TBX11K,h2196.png,data/raw/TBX11K/imgs/health/h2196.png,512,512,OK
TBX11K,h3288.png,data/raw/TBX11K/imgs/health/h3288.png,512,512,OK
TBX11K,h0781.png,data/raw/TBX11K/imgs/health/h0781.png,512,512,OK
TBX11K,h0795.png,data/raw/TBX11K/imgs/health/h0795.png,512,512,OK
TBX11K,h2182.png,data/raw/TBX11K/imgs/health/h2182.png,512,512,OK
TBX11K,h1272.png,data/raw/TBX11K/imgs/health/h1272.png,512,512,OK
TBX11K,h3465.png,data/raw/TBX11K/imgs/health/h3465.png,512,512,OK
TBX11K,h3303.png,data/raw/TBX11K/imgs/health/h3303.png,512,512,OK
TBX11K,h1514.png,data/raw/TBX11K/imgs/health/h1514.png,512,512,OK
TBX11K,h2009.png,data/raw/TBX11K/imgs/health/h2009.png,512,512,OK
TBX11K,h3317.png,data/raw/TBX11K/imgs/health/h3317.png,512,512,OK
TBX11K,h3471.png,data/raw/TBX11K/imgs/health/h3471.png,512,512,OK
TBX11K,h5000.png,data/raw/TBX11K/imgs/health/h5000.png,512,512,OK
TBX11K,h0178.png,data/raw/TBX11K/imgs/health/h0178.png,512,512,OK
TBX11K,h4336.png,data/raw/TBX11K/imgs/health/h4336.png,512,512,OK
TBX11K,h3459.png,data/raw/TBX11K/imgs/health/h3459.png,512,512,OK
TBX11K,h2747.png,data/raw/TBX11K/imgs/health/h2747.png,512,512,OK
TBX11K,h0150.png,data/raw/TBX11K/imgs/health/h0150.png,512,512,OK
TBX11K,h0636.png,data/raw/TBX11K/imgs/health/h0636.png,512,512,OK
TBX11K,h1528.png,data/raw/TBX11K/imgs/health/h1528.png,512,512,OK
TBX11K,h4450.png,data/raw/TBX11K/imgs/health/h4450.png,512,512,OK
TBX11K,h2035.png,data/raw/TBX11K/imgs/health/h2035.png,512,512,OK
TBX11K,h0144.png,data/raw/TBX11K/imgs/health/h0144.png,512,512,OK
TBX11K,h2960.png,data/raw/TBX11K/imgs/health/h2960.png,512,512,OK
TBX11K,h0811.png,data/raw/TBX11K/imgs/health/h0811.png,512,512,OK
TBX11K,h0805.png,data/raw/TBX11K/imgs/health/h0805.png,512,512,OK
TBX11K,h2974.png,data/raw/TBX11K/imgs/health/h2974.png,512,512,OK
TBX11K,h0193.png,data/raw/TBX11K/imgs/health/h0193.png,512,512,OK
TBX11K,h4493.png,data/raw/TBX11K/imgs/health/h4493.png,512,512,OK
TBX11K,h0839.png,data/raw/TBX11K/imgs/health/h0839.png,512,512,OK
TBX11K,h4487.png,data/raw/TBX11K/imgs/health/h4487.png,512,512,OK
TBX11K,h0187.png,data/raw/TBX11K/imgs/health/h0187.png,512,512,OK
TBX11K,h1299.png,data/raw/TBX11K/imgs/health/h1299.png,512,512,OK
TBX11K,h1716.png,data/raw/TBX11K/imgs/health/h1716.png,512,512,OK
TBX11K,h0408.png,data/raw/TBX11K/imgs/health/h0408.png,512,512,OK
TBX11K,h3101.png,data/raw/TBX11K/imgs/health/h3101.png,512,512,OK
TBX11K,h2579.png,data/raw/TBX11K/imgs/health/h2579.png,512,512,OK
TBX11K,h4108.png,data/raw/TBX11K/imgs/health/h4108.png,512,512,OK
TBX11K,h1070.png,data/raw/TBX11K/imgs/health/h1070.png,512,512,OK
TBX11K,h1064.png,data/raw/TBX11K/imgs/health/h1064.png,512,512,OK
TBX11K,h3673.png,data/raw/TBX11K/imgs/health/h3673.png,512,512,OK
TBX11K,h3115.png,data/raw/TBX11K/imgs/health/h3115.png,512,512,OK
TBX11K,h1702.png,data/raw/TBX11K/imgs/health/h1702.png,512,512,OK
TBX11K,h4652.png,data/raw/TBX11K/imgs/health/h4652.png,512,512,OK
TBX11K,h2223.png,data/raw/TBX11K/imgs/health/h2223.png,512,512,OK
TBX11K,h0434.png,data/raw/TBX11K/imgs/health/h0434.png,512,512,OK
TBX11K,h2545.png,data/raw/TBX11K/imgs/health/h2545.png,512,512,OK
TBX11K,h4120.png,data/raw/TBX11K/imgs/health/h4120.png,512,512,OK
TBX11K,h0346.png,data/raw/TBX11K/imgs/health/h0346.png,512,512,OK
TBX11K,h1058.png,data/raw/TBX11K/imgs/health/h1058.png,512,512,OK
TBX11K,h0420.png,data/raw/TBX11K/imgs/health/h0420.png,512,512,OK
TBX11K,h4646.png,data/raw/TBX11K/imgs/health/h4646.png,512,512,OK
TBX11K,h2237.png,data/raw/TBX11K/imgs/health/h2237.png,512,512,OK
TBX11K,h4875.png,data/raw/TBX11K/imgs/health/h4875.png,512,512,OK
TBX11K,h3868.png,data/raw/TBX11K/imgs/health/h3868.png,512,512,OK
TBX11K,h1919.png,data/raw/TBX11K/imgs/health/h1919.png,512,512,OK
TBX11K,h4861.png,data/raw/TBX11K/imgs/health/h4861.png,512,512,OK
TBX11K,h1931.png,data/raw/TBX11K/imgs/health/h1931.png,512,512,OK
TBX11K,h4691.png,data/raw/TBX11K/imgs/health/h4691.png,512,512,OK
TBX11K,h3840.png,data/raw/TBX11K/imgs/health/h3840.png,512,512,OK
TBX11K,h2586.png,data/raw/TBX11K/imgs/health/h2586.png,512,512,OK
TBX11K,h0391.png,data/raw/TBX11K/imgs/health/h0391.png,512,512,OK
TBX11K,h0385.png,data/raw/TBX11K/imgs/health/h0385.png,512,512,OK
TBX11K,h3854.png,data/raw/TBX11K/imgs/health/h3854.png,512,512,OK
TBX11K,h2592.png,data/raw/TBX11K/imgs/health/h2592.png,512,512,OK
TBX11K,h1925.png,data/raw/TBX11K/imgs/health/h1925.png,512,512,OK
TBX11K,h2593.png,data/raw/TBX11K/imgs/health/h2593.png,512,512,OK
TBX11K,h3855.png,data/raw/TBX11K/imgs/health/h3855.png,512,512,OK
TBX11K,h1924.png,data/raw/TBX11K/imgs/health/h1924.png,512,512,OK
TBX11K,h4684.png,data/raw/TBX11K/imgs/health/h4684.png,512,512,OK
TBX11K,h4848.png,data/raw/TBX11K/imgs/health/h4848.png,512,512,OK
TBX11K,h1930.png,data/raw/TBX11K/imgs/health/h1930.png,512,512,OK
TBX11K,h0390.png,data/raw/TBX11K/imgs/health/h0390.png,512,512,OK
TBX11K,h3841.png,data/raw/TBX11K/imgs/health/h3841.png,512,512,OK
TBX11K,h3699.png,data/raw/TBX11K/imgs/health/h3699.png,512,512,OK
TBX11K,h3869.png,data/raw/TBX11K/imgs/health/h3869.png,512,512,OK
TBX11K,h4860.png,data/raw/TBX11K/imgs/health/h4860.png,512,512,OK
TBX11K,h1918.png,data/raw/TBX11K/imgs/health/h1918.png,512,512,OK
TBX11K,h4874.png,data/raw/TBX11K/imgs/health/h4874.png,512,512,OK
TBX11K,h1059.png,data/raw/TBX11K/imgs/health/h1059.png,512,512,OK
TBX11K,h0347.png,data/raw/TBX11K/imgs/health/h0347.png,512,512,OK
TBX11K,h3896.png,data/raw/TBX11K/imgs/health/h3896.png,512,512,OK
TBX11K,h4647.png,data/raw/TBX11K/imgs/health/h4647.png,512,512,OK
TBX11K,h0421.png,data/raw/TBX11K/imgs/health/h0421.png,512,512,OK
TBX11K,h0435.png,data/raw/TBX11K/imgs/health/h0435.png,512,512,OK
TBX11K,h4653.png,data/raw/TBX11K/imgs/health/h4653.png,512,512,OK
TBX11K,h4135.png,data/raw/TBX11K/imgs/health/h4135.png,512,512,OK
TBX11K,h2544.png,data/raw/TBX11K/imgs/health/h2544.png,512,512,OK
TBX11K,h3882.png,data/raw/TBX11K/imgs/health/h3882.png,512,512,OK
TBX11K,h0353.png,data/raw/TBX11K/imgs/health/h0353.png,512,512,OK
TBX11K,h1065.png,data/raw/TBX11K/imgs/health/h1065.png,512,512,OK
TBX11K,h1703.png,data/raw/TBX11K/imgs/health/h1703.png,512,512,OK
TBX11K,h3114.png,data/raw/TBX11K/imgs/health/h3114.png,512,512,OK
TBX11K,h3100.png,data/raw/TBX11K/imgs/health/h3100.png,512,512,OK
TBX11K,h0409.png,data/raw/TBX11K/imgs/health/h0409.png,512,512,OK
TBX11K,h1717.png,data/raw/TBX11K/imgs/health/h1717.png,512,512,OK
TBX11K,h4109.png,data/raw/TBX11K/imgs/health/h4109.png,512,512,OK
TBX11K,h3666.png,data/raw/TBX11K/imgs/health/h3666.png,512,512,OK
TBX11K,h4486.png,data/raw/TBX11K/imgs/health/h4486.png,512,512,OK
TBX11K,h0838.png,data/raw/TBX11K/imgs/health/h0838.png,512,512,OK
TBX11K,h0186.png,data/raw/TBX11K/imgs/health/h0186.png,512,512,OK
TBX11K,h2949.png,data/raw/TBX11K/imgs/health/h2949.png,512,512,OK
TBX11K,h2791.png,data/raw/TBX11K/imgs/health/h2791.png,512,512,OK
TBX11K,h2785.png,data/raw/TBX11K/imgs/health/h2785.png,512,512,OK
TBX11K,h0192.png,data/raw/TBX11K/imgs/health/h0192.png,512,512,OK
TBX11K,h0804.png,data/raw/TBX11K/imgs/health/h0804.png,512,512,OK
TBX11K,h2975.png,data/raw/TBX11K/imgs/health/h2975.png,512,512,OK
TBX11K,h0810.png,data/raw/TBX11K/imgs/health/h0810.png,512,512,OK
TBX11K,h0623.png,data/raw/TBX11K/imgs/health/h0623.png,512,512,OK
TBX11K,h4445.png,data/raw/TBX11K/imgs/health/h4445.png,512,512,OK
TBX11K,h2752.png,data/raw/TBX11K/imgs/health/h2752.png,512,512,OK
TBX11K,h0145.png,data/raw/TBX11K/imgs/health/h0145.png,512,512,OK
TBX11K,h2746.png,data/raw/TBX11K/imgs/health/h2746.png,512,512,OK
TBX11K,h3458.png,data/raw/TBX11K/imgs/health/h3458.png,512,512,OK
TBX11K,h4337.png,data/raw/TBX11K/imgs/health/h4337.png,512,512,OK
TBX11K,h4451.png,data/raw/TBX11K/imgs/health/h4451.png,512,512,OK
TBX11K,h2020.png,data/raw/TBX11K/imgs/health/h2020.png,512,512,OK
TBX11K,h1529.png,data/raw/TBX11K/imgs/health/h1529.png,512,512,OK
TBX11K,h4479.png,data/raw/TBX11K/imgs/health/h4479.png,512,512,OK
TBX11K,h3316.png,data/raw/TBX11K/imgs/health/h3316.png,512,512,OK
TBX11K,h2008.png,data/raw/TBX11K/imgs/health/h2008.png,512,512,OK
TBX11K,h0179.png,data/raw/TBX11K/imgs/health/h0179.png,512,512,OK
TBX11K,h3470.png,data/raw/TBX11K/imgs/health/h3470.png,512,512,OK
TBX11K,h3464.png,data/raw/TBX11K/imgs/health/h3464.png,512,512,OK
TBX11K,h1273.png,data/raw/TBX11K/imgs/health/h1273.png,512,512,OK
TBX11K,h2183.png,data/raw/TBX11K/imgs/health/h2183.png,512,512,OK
TBX11K,h0794.png,data/raw/TBX11K/imgs/health/h0794.png,512,512,OK
TBX11K,h4294.png,data/raw/TBX11K/imgs/health/h4294.png,512,512,OK
TBX11K,h4280.png,data/raw/TBX11K/imgs/health/h4280.png,512,512,OK
TBX11K,h2829.png,data/raw/TBX11K/imgs/health/h2829.png,512,512,OK
TBX11K,h0958.png,data/raw/TBX11K/imgs/health/h0958.png,512,512,OK
TBX11K,h0780.png,data/raw/TBX11K/imgs/health/h0780.png,512,512,OK
TBX11K,h0970.png,data/raw/TBX11K/imgs/health/h0970.png,512,512,OK
TBX11K,h2801.png,data/raw/TBX11K/imgs/health/h2801.png,512,512,OK
TBX11K,h2815.png,data/raw/TBX11K/imgs/health/h2815.png,512,512,OK
TBX11K,h2140.png,data/raw/TBX11K/imgs/health/h2140.png,512,512,OK
TBX11K,h4531.png,data/raw/TBX11K/imgs/health/h4531.png,512,512,OK
TBX11K,h4257.png,data/raw/TBX11K/imgs/health/h4257.png,512,512,OK
TBX11K,h3538.png,data/raw/TBX11K/imgs/health/h3538.png,512,512,OK
TBX11K,h2626.png,data/raw/TBX11K/imgs/health/h2626.png,512,512,OK
TBX11K,h0031.png,data/raw/TBX11K/imgs/health/h0031.png,512,512,OK
TBX11K,h0025.png,data/raw/TBX11K/imgs/health/h0025.png,512,512,OK
TBX11K,h0743.png,data/raw/TBX11K/imgs/health/h0743.png,512,512,OK
TBX11K,h3262.png,data/raw/TBX11K/imgs/health/h3262.png,512,512,OK
TBX11K,h1475.png,data/raw/TBX11K/imgs/health/h1475.png,512,512,OK
TBX11K,h1313.png,data/raw/TBX11K/imgs/health/h1313.png,512,512,OK
TBX11K,h3504.png,data/raw/TBX11K/imgs/health/h3504.png,512,512,OK
TBX11K,h3510.png,data/raw/TBX11K/imgs/health/h3510.png,512,512,OK
TBX11K,h1307.png,data/raw/TBX11K/imgs/health/h1307.png,512,512,OK
TBX11K,h0019.png,data/raw/TBX11K/imgs/health/h0019.png,512,512,OK
TBX11K,h1461.png,data/raw/TBX11K/imgs/health/h1461.png,512,512,OK
TBX11K,h2168.png,data/raw/TBX11K/imgs/health/h2168.png,512,512,OK
TBX11K,h3276.png,data/raw/TBX11K/imgs/health/h3276.png,512,512,OK
TBX11K,h4519.png,data/raw/TBX11K/imgs/health/h4519.png,512,512,OK
TBX11K,h4096.png,data/raw/TBX11K/imgs/health/h4096.png,512,512,OK
TBX11K,h3921.png,data/raw/TBX11K/imgs/health/h3921.png,512,512,OK
TBX11K,h0596.png,data/raw/TBX11K/imgs/health/h0596.png,512,512,OK
TBX11K,h1850.png,data/raw/TBX11K/imgs/health/h1850.png,512,512,OK
TBX11K,h1688.png,data/raw/TBX11K/imgs/health/h1688.png,512,512,OK
TBX11K,h2381.png,data/raw/TBX11K/imgs/health/h2381.png,512,512,OK
TBX11K,h4928.png,data/raw/TBX11K/imgs/health/h4928.png,512,512,OK
TBX11K,h2395.png,data/raw/TBX11K/imgs/health/h2395.png,512,512,OK
TBX11K,h0582.png,data/raw/TBX11K/imgs/health/h0582.png,512,512,OK
TBX11K,h1844.png,data/raw/TBX11K/imgs/health/h1844.png,512,512,OK
TBX11K,h4082.png,data/raw/TBX11K/imgs/health/h4082.png,512,512,OK
TBX11K,h3935.png,data/raw/TBX11K/imgs/health/h3935.png,512,512,OK
TBX11K,h4914.png,data/raw/TBX11K/imgs/health/h4914.png,512,512,OK
TBX11K,h1878.png,data/raw/TBX11K/imgs/health/h1878.png,512,512,OK
TBX11K,h4900.png,data/raw/TBX11K/imgs/health/h4900.png,512,512,OK
TBX11K,h3909.png,data/raw/TBX11K/imgs/health/h3909.png,512,512,OK
TBX11K,h0233.png,data/raw/TBX11K/imgs/health/h0233.png,512,512,OK
TBX11K,h2424.png,data/raw/TBX11K/imgs/health/h2424.png,512,512,OK
TBX11K,h4055.png,data/raw/TBX11K/imgs/health/h4055.png,512,512,OK
TBX11K,h4733.png,data/raw/TBX11K/imgs/health/h4733.png,512,512,OK
TBX11K,h2342.png,data/raw/TBX11K/imgs/health/h2342.png,512,512,OK
TBX11K,h0555.png,data/raw/TBX11K/imgs/health/h0555.png,512,512,OK
TBX11K,h1893.png,data/raw/TBX11K/imgs/health/h1893.png,512,512,OK
TBX11K,h0541.png,data/raw/TBX11K/imgs/health/h0541.png,512,512,OK
TBX11K,h1887.png,data/raw/TBX11K/imgs/health/h1887.png,512,512,OK
TBX11K,h4727.png,data/raw/TBX11K/imgs/health/h4727.png,512,512,OK
TBX11K,h3048.png,data/raw/TBX11K/imgs/health/h3048.png,512,512,OK
TBX11K,h2356.png,data/raw/TBX11K/imgs/health/h2356.png,512,512,OK
TBX11K,h2430.png,data/raw/TBX11K/imgs/health/h2430.png,512,512,OK
TBX11K,h4041.png,data/raw/TBX11K/imgs/health/h4041.png,512,512,OK
TBX11K,h0227.png,data/raw/TBX11K/imgs/health/h0227.png,512,512,OK
TBX11K,h1139.png,data/raw/TBX11K/imgs/health/h1139.png,512,512,OK
TBX11K,h3706.png,data/raw/TBX11K/imgs/health/h3706.png,512,512,OK
TBX11K,h1111.png,data/raw/TBX11K/imgs/health/h1111.png,512,512,OK
TBX11K,h1677.png,data/raw/TBX11K/imgs/health/h1677.png,512,512,OK
TBX11K,h0569.png,data/raw/TBX11K/imgs/health/h0569.png,512,512,OK
TBX11K,h3074.png,data/raw/TBX11K/imgs/health/h3074.png,512,512,OK
TBX11K,h1663.png,data/raw/TBX11K/imgs/health/h1663.png,512,512,OK
TBX11K,h1105.png,data/raw/TBX11K/imgs/health/h1105.png,512,512,OK
TBX11K,h3712.png,data/raw/TBX11K/imgs/health/h3712.png,512,512,OK
TBX11K,h3062.png,data/raw/TBX11K/imgs/health/h3062.png,512,512,OK
TBX11K,h1675.png,data/raw/TBX11K/imgs/health/h1675.png,512,512,OK
TBX11K,h3704.png,data/raw/TBX11K/imgs/health/h3704.png,512,512,OK
TBX11K,h3710.png,data/raw/TBX11K/imgs/health/h3710.png,512,512,OK
TBX11K,h1107.png,data/raw/TBX11K/imgs/health/h1107.png,512,512,OK
TBX11K,h0219.png,data/raw/TBX11K/imgs/health/h0219.png,512,512,OK
TBX11K,h1661.png,data/raw/TBX11K/imgs/health/h1661.png,512,512,OK
TBX11K,h2368.png,data/raw/TBX11K/imgs/health/h2368.png,512,512,OK
TBX11K,h3076.png,data/raw/TBX11K/imgs/health/h3076.png,512,512,OK
TBX11K,h4719.png,data/raw/TBX11K/imgs/health/h4719.png,512,512,OK
TBX11K,h1891.png,data/raw/TBX11K/imgs/health/h1891.png,512,512,OK
TBX11K,h0557.png,data/raw/TBX11K/imgs/health/h0557.png,512,512,OK
TBX11K,h1649.png,data/raw/TBX11K/imgs/health/h1649.png,512,512,OK
TBX11K,h4731.png,data/raw/TBX11K/imgs/health/h4731.png,512,512,OK
TBX11K,h4057.png,data/raw/TBX11K/imgs/health/h4057.png,512,512,OK
TBX11K,h2426.png,data/raw/TBX11K/imgs/health/h2426.png,512,512,OK
TBX11K,h0231.png,data/raw/TBX11K/imgs/health/h0231.png,512,512,OK
TBX11K,h0225.png,data/raw/TBX11K/imgs/health/h0225.png,512,512,OK
TBX11K,h4043.png,data/raw/TBX11K/imgs/health/h4043.png,512,512,OK
TBX11K,h2432.png,data/raw/TBX11K/imgs/health/h2432.png,512,512,OK
TBX11K,h2354.png,data/raw/TBX11K/imgs/health/h2354.png,512,512,OK
TBX11K,h4725.png,data/raw/TBX11K/imgs/health/h4725.png,512,512,OK
TBX11K,h1885.png,data/raw/TBX11K/imgs/health/h1885.png,512,512,OK
TBX11K,h4902.png,data/raw/TBX11K/imgs/health/h4902.png,512,512,OK
TBX11K,h2383.png,data/raw/TBX11K/imgs/health/h2383.png,512,512,OK
TBX11K,h1852.png,data/raw/TBX11K/imgs/health/h1852.png,512,512,OK
TBX11K,h3923.png,data/raw/TBX11K/imgs/health/h3923.png,512,512,OK
TBX11K,h3937.png,data/raw/TBX11K/imgs/health/h3937.png,512,512,OK
TBX11K,h4080.png,data/raw/TBX11K/imgs/health/h4080.png,512,512,OK
TBX11K,h1846.png,data/raw/TBX11K/imgs/health/h1846.png,512,512,OK
TBX11K,h3089.png,data/raw/TBX11K/imgs/health/h3089.png,512,512,OK
TBX11K,h2397.png,data/raw/TBX11K/imgs/health/h2397.png,512,512,OK
TBX11K,h2618.png,data/raw/TBX11K/imgs/health/h2618.png,512,512,OK
TBX11K,h3506.png,data/raw/TBX11K/imgs/health/h3506.png,512,512,OK
TBX11K,h4269.png,data/raw/TBX11K/imgs/health/h4269.png,512,512,OK
TBX11K,h0769.png,data/raw/TBX11K/imgs/health/h0769.png,512,512,OK
TBX11K,h3260.png,data/raw/TBX11K/imgs/health/h3260.png,512,512,OK
TBX11K,h1463.png,data/raw/TBX11K/imgs/health/h1463.png,512,512,OK
TBX11K,h1305.png,data/raw/TBX11K/imgs/health/h1305.png,512,512,OK
TBX11K,h3512.png,data/raw/TBX11K/imgs/health/h3512.png,512,512,OK
TBX11K,h0033.png,data/raw/TBX11K/imgs/health/h0033.png,512,512,OK
TBX11K,h2624.png,data/raw/TBX11K/imgs/health/h2624.png,512,512,OK
TBX11K,h4255.png,data/raw/TBX11K/imgs/health/h4255.png,512,512,OK
TBX11K,h4533.png,data/raw/TBX11K/imgs/health/h4533.png,512,512,OK
TBX11K,h0999.png,data/raw/TBX11K/imgs/health/h0999.png,512,512,OK
TBX11K,h0741.png,data/raw/TBX11K/imgs/health/h0741.png,512,512,OK
TBX11K,h4527.png,data/raw/TBX11K/imgs/health/h4527.png,512,512,OK
TBX11K,h3248.png,data/raw/TBX11K/imgs/health/h3248.png,512,512,OK
TBX11K,h2630.png,data/raw/TBX11K/imgs/health/h2630.png,512,512,OK
TBX11K,h4241.png,data/raw/TBX11K/imgs/health/h4241.png,512,512,OK
TBX11K,h0027.png,data/raw/TBX11K/imgs/health/h0027.png,512,512,OK
TBX11K,h1339.png,data/raw/TBX11K/imgs/health/h1339.png,512,512,OK
TBX11K,h0972.png,data/raw/TBX11K/imgs/health/h0972.png,512,512,OK
TBX11K,h0966.png,data/raw/TBX11K/imgs/health/h0966.png,512,512,OK
TBX11K,h2817.png,data/raw/TBX11K/imgs/health/h2817.png,512,512,OK
TBX11K,h0796.png,data/raw/TBX11K/imgs/health/h0796.png,512,512,OK
TBX11K,h1488.png,data/raw/TBX11K/imgs/health/h1488.png,512,512,OK
TBX11K,h2181.png,data/raw/TBX11K/imgs/health/h2181.png,512,512,OK
TBX11K,h2195.png,data/raw/TBX11K/imgs/health/h2195.png,512,512,OK
TBX11K,h0782.png,data/raw/TBX11K/imgs/health/h0782.png,512,512,OK
TBX11K,h1503.png,data/raw/TBX11K/imgs/health/h1503.png,512,512,OK
TBX11K,h3314.png,data/raw/TBX11K/imgs/health/h3314.png,512,512,OK
TBX11K,h0609.png,data/raw/TBX11K/imgs/health/h0609.png,512,512,OK
TBX11K,h1517.png,data/raw/TBX11K/imgs/health/h1517.png,512,512,OK
TBX11K,h4309.png,data/raw/TBX11K/imgs/health/h4309.png,512,512,OK
TBX11K,h3466.png,data/raw/TBX11K/imgs/health/h3466.png,512,512,OK
TBX11K,h2778.png,data/raw/TBX11K/imgs/health/h2778.png,512,512,OK
TBX11K,h1259.png,data/raw/TBX11K/imgs/health/h1259.png,512,512,OK
TBX11K,h0147.png,data/raw/TBX11K/imgs/health/h0147.png,512,512,OK
TBX11K,h4321.png,data/raw/TBX11K/imgs/health/h4321.png,512,512,OK
TBX11K,h2988.png,data/raw/TBX11K/imgs/health/h2988.png,512,512,OK
TBX11K,h2750.png,data/raw/TBX11K/imgs/health/h2750.png,512,512,OK
TBX11K,h3328.png,data/raw/TBX11K/imgs/health/h3328.png,512,512,OK
TBX11K,h4447.png,data/raw/TBX11K/imgs/health/h4447.png,512,512,OK
TBX11K,h0621.png,data/raw/TBX11K/imgs/health/h0621.png,512,512,OK
TBX11K,h0635.png,data/raw/TBX11K/imgs/health/h0635.png,512,512,OK
TBX11K,h2022.png,data/raw/TBX11K/imgs/health/h2022.png,512,512,OK
TBX11K,h4453.png,data/raw/TBX11K/imgs/health/h4453.png,512,512,OK
TBX11K,h4335.png,data/raw/TBX11K/imgs/health/h4335.png,512,512,OK
TBX11K,h2744.png,data/raw/TBX11K/imgs/health/h2744.png,512,512,OK
TBX11K,h0153.png,data/raw/TBX11K/imgs/health/h0153.png,512,512,OK
TBX11K,h2977.png,data/raw/TBX11K/imgs/health/h2977.png,512,512,OK
TBX11K,h0806.png,data/raw/TBX11K/imgs/health/h0806.png,512,512,OK
TBX11K,h0812.png,data/raw/TBX11K/imgs/health/h0812.png,512,512,OK
TBX11K,h2963.png,data/raw/TBX11K/imgs/health/h2963.png,512,512,OK
TBX11K,h2793.png,data/raw/TBX11K/imgs/health/h2793.png,512,512,OK
TBX11K,h0184.png,data/raw/TBX11K/imgs/health/h0184.png,512,512,OK
TBX11K,h4484.png,data/raw/TBX11K/imgs/health/h4484.png,512,512,OK
TBX11K,h4490.png,data/raw/TBX11K/imgs/health/h4490.png,512,512,OK
TBX11K,h0190.png,data/raw/TBX11K/imgs/health/h0190.png,512,512,OK
TBX11K,h3499.png,data/raw/TBX11K/imgs/health/h3499.png,512,512,OK
TBX11K,h4679.png,data/raw/TBX11K/imgs/health/h4679.png,512,512,OK
TBX11K,h3116.png,data/raw/TBX11K/imgs/health/h3116.png,512,512,OK
TBX11K,h2208.png,data/raw/TBX11K/imgs/health/h2208.png,512,512,OK
TBX11K,h1701.png,data/raw/TBX11K/imgs/health/h1701.png,512,512,OK
TBX11K,h0379.png,data/raw/TBX11K/imgs/health/h0379.png,512,512,OK
TBX11K,h3664.png,data/raw/TBX11K/imgs/health/h3664.png,512,512,OK
TBX11K,h1073.png,data/raw/TBX11K/imgs/health/h1073.png,512,512,OK
TBX11K,h1715.png,data/raw/TBX11K/imgs/health/h1715.png,512,512,OK
TBX11K,h3102.png,data/raw/TBX11K/imgs/health/h3102.png,512,512,OK
TBX11K,h0423.png,data/raw/TBX11K/imgs/health/h0423.png,512,512,OK
TBX11K,h3894.png,data/raw/TBX11K/imgs/health/h3894.png,512,512,OK
TBX11K,h2552.png,data/raw/TBX11K/imgs/health/h2552.png,512,512,OK
TBX11K,h4123.png,data/raw/TBX11K/imgs/health/h4123.png,512,512,OK
TBX11K,h0345.png,data/raw/TBX11K/imgs/health/h0345.png,512,512,OK
TBX11K,h0351.png,data/raw/TBX11K/imgs/health/h0351.png,512,512,OK
TBX11K,h3880.png,data/raw/TBX11K/imgs/health/h3880.png,512,512,OK
TBX11K,h4651.png,data/raw/TBX11K/imgs/health/h4651.png,512,512,OK
TBX11K,h2220.png,data/raw/TBX11K/imgs/health/h2220.png,512,512,OK
TBX11K,h4889.png,data/raw/TBX11K/imgs/health/h4889.png,512,512,OK
TBX11K,h1729.png,data/raw/TBX11K/imgs/health/h1729.png,512,512,OK
TBX11K,h4862.png,data/raw/TBX11K/imgs/health/h4862.png,512,512,OK
TBX11K,h4876.png,data/raw/TBX11K/imgs/health/h4876.png,512,512,OK
TBX11K,h4686.png,data/raw/TBX11K/imgs/health/h4686.png,512,512,OK
TBX11K,h1926.png,data/raw/TBX11K/imgs/health/h1926.png,512,512,OK
TBX11K,h0386.png,data/raw/TBX11K/imgs/health/h0386.png,512,512,OK
TBX11K,h3857.png,data/raw/TBX11K/imgs/health/h3857.png,512,512,OK
TBX11K,h3843.png,data/raw/TBX11K/imgs/health/h3843.png,512,512,OK
TBX11K,h0392.png,data/raw/TBX11K/imgs/health/h0392.png,512,512,OK
TBX11K,h1932.png,data/raw/TBX11K/imgs/health/h1932.png,512,512,OK
TBX11K,h4692.png,data/raw/TBX11K/imgs/health/h4692.png,512,512,OK
TBX11K,h0393.png,data/raw/TBX11K/imgs/health/h0393.png,512,512,OK
TBX11K,h4693.png,data/raw/TBX11K/imgs/health/h4693.png,512,512,OK
TBX11K,h1933.png,data/raw/TBX11K/imgs/health/h1933.png,512,512,OK
TBX11K,h4687.png,data/raw/TBX11K/imgs/health/h4687.png,512,512,OK
TBX11K,h2590.png,data/raw/TBX11K/imgs/health/h2590.png,512,512,OK
TBX11K,h3856.png,data/raw/TBX11K/imgs/health/h3856.png,512,512,OK
TBX11K,h0387.png,data/raw/TBX11K/imgs/health/h0387.png,512,512,OK
TBX11K,h1099.png,data/raw/TBX11K/imgs/health/h1099.png,512,512,OK
TBX11K,h4863.png,data/raw/TBX11K/imgs/health/h4863.png,512,512,OK
TBX11K,h4136.png,data/raw/TBX11K/imgs/health/h4136.png,512,512,OK
TBX11K,h3659.png,data/raw/TBX11K/imgs/health/h3659.png,512,512,OK
TBX11K,h2547.png,data/raw/TBX11K/imgs/health/h2547.png,512,512,OK
TBX11K,h3881.png,data/raw/TBX11K/imgs/health/h3881.png,512,512,OK
TBX11K,h0350.png,data/raw/TBX11K/imgs/health/h0350.png,512,512,OK
TBX11K,h0436.png,data/raw/TBX11K/imgs/health/h0436.png,512,512,OK
TBX11K,h2221.png,data/raw/TBX11K/imgs/health/h2221.png,512,512,OK
TBX11K,h4650.png,data/raw/TBX11K/imgs/health/h4650.png,512,512,OK
TBX11K,h2235.png,data/raw/TBX11K/imgs/health/h2235.png,512,512,OK
TBX11K,h0422.png,data/raw/TBX11K/imgs/health/h0422.png,512,512,OK
TBX11K,h4122.png,data/raw/TBX11K/imgs/health/h4122.png,512,512,OK
TBX11K,h3895.png,data/raw/TBX11K/imgs/health/h3895.png,512,512,OK
TBX11K,h1072.png,data/raw/TBX11K/imgs/health/h1072.png,512,512,OK
TBX11K,h3103.png,data/raw/TBX11K/imgs/health/h3103.png,512,512,OK
TBX11K,h2209.png,data/raw/TBX11K/imgs/health/h2209.png,512,512,OK
TBX11K,h3117.png,data/raw/TBX11K/imgs/health/h3117.png,512,512,OK
TBX11K,h4678.png,data/raw/TBX11K/imgs/health/h4678.png,512,512,OK
TBX11K,h1066.png,data/raw/TBX11K/imgs/health/h1066.png,512,512,OK
TBX11K,h0378.png,data/raw/TBX11K/imgs/health/h0378.png,512,512,OK
TBX11K,h4491.png,data/raw/TBX11K/imgs/health/h4491.png,512,512,OK
TBX11K,h3498.png,data/raw/TBX11K/imgs/health/h3498.png,512,512,OK
TBX11K,h2786.png,data/raw/TBX11K/imgs/health/h2786.png,512,512,OK
TBX11K,h2792.png,data/raw/TBX11K/imgs/health/h2792.png,512,512,OK
TBX11K,h4485.png,data/raw/TBX11K/imgs/health/h4485.png,512,512,OK
TBX11K,h0813.png,data/raw/TBX11K/imgs/health/h0813.png,512,512,OK
TBX11K,h2962.png,data/raw/TBX11K/imgs/health/h2962.png,512,512,OK
TBX11K,h2976.png,data/raw/TBX11K/imgs/health/h2976.png,512,512,OK
TBX11K,h0807.png,data/raw/TBX11K/imgs/health/h0807.png,512,512,OK
TBX11K,h4452.png,data/raw/TBX11K/imgs/health/h4452.png,512,512,OK
TBX11K,h2023.png,data/raw/TBX11K/imgs/health/h2023.png,512,512,OK
TBX11K,h0634.png,data/raw/TBX11K/imgs/health/h0634.png,512,512,OK
TBX11K,h0152.png,data/raw/TBX11K/imgs/health/h0152.png,512,512,OK
TBX11K,h2751.png,data/raw/TBX11K/imgs/health/h2751.png,512,512,OK
TBX11K,h2989.png,data/raw/TBX11K/imgs/health/h2989.png,512,512,OK
TBX11K,h4320.png,data/raw/TBX11K/imgs/health/h4320.png,512,512,OK
TBX11K,h0146.png,data/raw/TBX11K/imgs/health/h0146.png,512,512,OK
TBX11K,h1258.png,data/raw/TBX11K/imgs/health/h1258.png,512,512,OK
TBX11K,h4446.png,data/raw/TBX11K/imgs/health/h4446.png,512,512,OK
TBX11K,h3329.png,data/raw/TBX11K/imgs/health/h3329.png,512,512,OK
TBX11K,h1516.png,data/raw/TBX11K/imgs/health/h1516.png,512,512,OK
TBX11K,h3301.png,data/raw/TBX11K/imgs/health/h3301.png,512,512,OK
TBX11K,h2779.png,data/raw/TBX11K/imgs/health/h2779.png,512,512,OK
TBX11K,h3467.png,data/raw/TBX11K/imgs/health/h3467.png,512,512,OK
TBX11K,h4308.png,data/raw/TBX11K/imgs/health/h4308.png,512,512,OK
TBX11K,h1270.png,data/raw/TBX11K/imgs/health/h1270.png,512,512,OK
TBX11K,h3315.png,data/raw/TBX11K/imgs/health/h3315.png,512,512,OK
TBX11K,h1502.png,data/raw/TBX11K/imgs/health/h1502.png,512,512,OK
TBX11K,h0783.png,data/raw/TBX11K/imgs/health/h0783.png,512,512,OK
TBX11K,h2194.png,data/raw/TBX11K/imgs/health/h2194.png,512,512,OK
TBX11K,h4283.png,data/raw/TBX11K/imgs/health/h4283.png,512,512,OK
TBX11K,h4297.png,data/raw/TBX11K/imgs/health/h4297.png,512,512,OK
TBX11K,h2180.png,data/raw/TBX11K/imgs/health/h2180.png,512,512,OK
TBX11K,h1489.png,data/raw/TBX11K/imgs/health/h1489.png,512,512,OK
TBX11K,h0967.png,data/raw/TBX11K/imgs/health/h0967.png,512,512,OK
TBX11K,h0973.png,data/raw/TBX11K/imgs/health/h0973.png,512,512,OK
TBX11K,h2157.png,data/raw/TBX11K/imgs/health/h2157.png,512,512,OK
TBX11K,h3249.png,data/raw/TBX11K/imgs/health/h3249.png,512,512,OK
TBX11K,h4526.png,data/raw/TBX11K/imgs/health/h4526.png,512,512,OK
TBX11K,h0998.png,data/raw/TBX11K/imgs/health/h0998.png,512,512,OK
TBX11K,h0026.png,data/raw/TBX11K/imgs/health/h0026.png,512,512,OK
TBX11K,h4254.png,data/raw/TBX11K/imgs/health/h4254.png,512,512,OK
TBX11K,h2625.png,data/raw/TBX11K/imgs/health/h2625.png,512,512,OK
TBX11K,h0032.png,data/raw/TBX11K/imgs/health/h0032.png,512,512,OK
TBX11K,h1462.png,data/raw/TBX11K/imgs/health/h1462.png,512,512,OK
TBX11K,h3275.png,data/raw/TBX11K/imgs/health/h3275.png,512,512,OK
TBX11K,h3513.png,data/raw/TBX11K/imgs/health/h3513.png,512,512,OK
TBX11K,h1304.png,data/raw/TBX11K/imgs/health/h1304.png,512,512,OK
TBX11K,h1310.png,data/raw/TBX11K/imgs/health/h1310.png,512,512,OK
TBX11K,h4268.png,data/raw/TBX11K/imgs/health/h4268.png,512,512,OK
TBX11K,h2619.png,data/raw/TBX11K/imgs/health/h2619.png,512,512,OK
TBX11K,h4081.png,data/raw/TBX11K/imgs/health/h4081.png,512,512,OK
TBX11K,h3936.png,data/raw/TBX11K/imgs/health/h3936.png,512,512,OK
TBX11K,h2396.png,data/raw/TBX11K/imgs/health/h2396.png,512,512,OK
TBX11K,h3088.png,data/raw/TBX11K/imgs/health/h3088.png,512,512,OK
TBX11K,h0581.png,data/raw/TBX11K/imgs/health/h0581.png,512,512,OK
TBX11K,h1847.png,data/raw/TBX11K/imgs/health/h1847.png,512,512,OK
TBX11K,h4095.png,data/raw/TBX11K/imgs/health/h4095.png,512,512,OK
TBX11K,h3922.png,data/raw/TBX11K/imgs/health/h3922.png,512,512,OK
TBX11K,h4903.png,data/raw/TBX11K/imgs/health/h4903.png,512,512,OK
TBX11K,h4917.png,data/raw/TBX11K/imgs/health/h4917.png,512,512,OK
TBX11K,h2433.png,data/raw/TBX11K/imgs/health/h2433.png,512,512,OK
TBX11K,h4042.png,data/raw/TBX11K/imgs/health/h4042.png,512,512,OK
TBX11K,h0224.png,data/raw/TBX11K/imgs/health/h0224.png,512,512,OK
TBX11K,h0542.png,data/raw/TBX11K/imgs/health/h0542.png,512,512,OK
TBX11K,h1884.png,data/raw/TBX11K/imgs/health/h1884.png,512,512,OK
TBX11K,h4724.png,data/raw/TBX11K/imgs/health/h4724.png,512,512,OK
TBX11K,h1648.png,data/raw/TBX11K/imgs/health/h1648.png,512,512,OK
TBX11K,h0556.png,data/raw/TBX11K/imgs/health/h0556.png,512,512,OK
TBX11K,h0230.png,data/raw/TBX11K/imgs/health/h0230.png,512,512,OK
TBX11K,h2427.png,data/raw/TBX11K/imgs/health/h2427.png,512,512,OK
TBX11K,h3739.png,data/raw/TBX11K/imgs/health/h3739.png,512,512,OK
TBX11K,h4056.png,data/raw/TBX11K/imgs/health/h4056.png,512,512,OK
TBX11K,h0218.png,data/raw/TBX11K/imgs/health/h0218.png,512,512,OK
TBX11K,h3077.png,data/raw/TBX11K/imgs/health/h3077.png,512,512,OK
TBX11K,h2369.png,data/raw/TBX11K/imgs/health/h2369.png,512,512,OK
TBX11K,h1660.png,data/raw/TBX11K/imgs/health/h1660.png,512,512,OK
TBX11K,h3063.png,data/raw/TBX11K/imgs/health/h3063.png,512,512,OK
TBX11K,h3705.png,data/raw/TBX11K/imgs/health/h3705.png,512,512,OK
TBX11K,h4073.png,data/raw/TBX11K/imgs/health/h4073.png,512,512,OK
TBX11K,h2364.png,data/raw/TBX11K/imgs/health/h2364.png,512,512,OK
TBX11K,h0567.png,data/raw/TBX11K/imgs/health/h0567.png,512,512,OK
TBX11K,h2370.png,data/raw/TBX11K/imgs/health/h2370.png,512,512,OK
TBX11K,h3708.png,data/raw/TBX11K/imgs/health/h3708.png,512,512,OK
TBX11K,h4067.png,data/raw/TBX11K/imgs/health/h4067.png,512,512,OK
TBX11K,h0201.png,data/raw/TBX11K/imgs/health/h0201.png,512,512,OK
TBX11K,h3720.png,data/raw/TBX11K/imgs/health/h3720.png,512,512,OK
TBX11K,h1137.png,data/raw/TBX11K/imgs/health/h1137.png,512,512,OK
TBX11K,h1889.png,data/raw/TBX11K/imgs/health/h1889.png,512,512,OK
TBX11K,h1651.png,data/raw/TBX11K/imgs/health/h1651.png,512,512,OK
TBX11K,h2358.png,data/raw/TBX11K/imgs/health/h2358.png,512,512,OK
TBX11K,h4729.png,data/raw/TBX11K/imgs/health/h4729.png,512,512,OK
TBX11K,h3046.png,data/raw/TBX11K/imgs/health/h3046.png,512,512,OK
TBX11K,h3052.png,data/raw/TBX11K/imgs/health/h3052.png,512,512,OK
TBX11K,h1645.png,data/raw/TBX11K/imgs/health/h1645.png,512,512,OK
TBX11K,h3907.png,data/raw/TBX11K/imgs/health/h3907.png,512,512,OK
TBX11K,h1876.png,data/raw/TBX11K/imgs/health/h1876.png,512,512,OK
TBX11K,h1862.png,data/raw/TBX11K/imgs/health/h1862.png,512,512,OK
TBX11K,h3913.png,data/raw/TBX11K/imgs/health/h3913.png,512,512,OK
TBX11K,h3085.png,data/raw/TBX11K/imgs/health/h3085.png,512,512,OK
TBX11K,h1686.png,data/raw/TBX11K/imgs/health/h1686.png,512,512,OK
TBX11K,h0598.png,data/raw/TBX11K/imgs/health/h0598.png,512,512,OK
TBX11K,h3091.png,data/raw/TBX11K/imgs/health/h3091.png,512,512,OK
TBX11K,h4926.png,data/raw/TBX11K/imgs/health/h4926.png,512,512,OK
TBX11K,h4098.png,data/raw/TBX11K/imgs/health/h4098.png,512,512,OK
TBX11K,h0771.png,data/raw/TBX11K/imgs/health/h0771.png,512,512,OK
TBX11K,h3278.png,data/raw/TBX11K/imgs/health/h3278.png,512,512,OK
TBX11K,h4517.png,data/raw/TBX11K/imgs/health/h4517.png,512,512,OK
TBX11K,h2166.png,data/raw/TBX11K/imgs/health/h2166.png,512,512,OK
TBX11K,h2600.png,data/raw/TBX11K/imgs/health/h2600.png,512,512,OK
TBX11K,h0017.png,data/raw/TBX11K/imgs/health/h0017.png,512,512,OK
TBX11K,h1309.png,data/raw/TBX11K/imgs/health/h1309.png,512,512,OK
TBX11K,h0003.png,data/raw/TBX11K/imgs/health/h0003.png,512,512,OK
TBX11K,h2614.png,data/raw/TBX11K/imgs/health/h2614.png,512,512,OK
TBX11K,h4503.png,data/raw/TBX11K/imgs/health/h4503.png,512,512,OK
TBX11K,h2172.png,data/raw/TBX11K/imgs/health/h2172.png,512,512,OK
TBX11K,h3244.png,data/raw/TBX11K/imgs/health/h3244.png,512,512,OK
TBX11K,h1453.png,data/raw/TBX11K/imgs/health/h1453.png,512,512,OK
TBX11K,h0995.png,data/raw/TBX11K/imgs/health/h0995.png,512,512,OK
TBX11K,h2628.png,data/raw/TBX11K/imgs/health/h2628.png,512,512,OK
TBX11K,h4259.png,data/raw/TBX11K/imgs/health/h4259.png,512,512,OK
TBX11K,h0759.png,data/raw/TBX11K/imgs/health/h0759.png,512,512,OK
TBX11K,h1490.png,data/raw/TBX11K/imgs/health/h1490.png,512,512,OK
TBX11K,h2199.png,data/raw/TBX11K/imgs/health/h2199.png,512,512,OK
TBX11K,h3287.png,data/raw/TBX11K/imgs/health/h3287.png,512,512,OK
TBX11K,h2827.png,data/raw/TBX11K/imgs/health/h2827.png,512,512,OK
TBX11K,h2833.png,data/raw/TBX11K/imgs/health/h2833.png,512,512,OK
TBX11K,h0942.png,data/raw/TBX11K/imgs/health/h0942.png,512,512,OK
TBX11K,h0605.png,data/raw/TBX11K/imgs/health/h0605.png,512,512,OK
TBX11K,h4463.png,data/raw/TBX11K/imgs/health/h4463.png,512,512,OK
TBX11K,h4305.png,data/raw/TBX11K/imgs/health/h4305.png,512,512,OK
TBX11K,h2774.png,data/raw/TBX11K/imgs/health/h2774.png,512,512,OK
TBX11K,h0163.png,data/raw/TBX11K/imgs/health/h0163.png,512,512,OK
TBX11K,h4311.png,data/raw/TBX11K/imgs/health/h4311.png,512,512,OK
TBX11K,h2006.png,data/raw/TBX11K/imgs/health/h2006.png,512,512,OK
TBX11K,h3318.png,data/raw/TBX11K/imgs/health/h3318.png,512,512,OK
TBX11K,h3330.png,data/raw/TBX11K/imgs/health/h3330.png,512,512,OK
TBX11K,h0639.png,data/raw/TBX11K/imgs/health/h0639.png,512,512,OK
TBX11K,h2990.png,data/raw/TBX11K/imgs/health/h2990.png,512,512,OK
TBX11K,h4339.png,data/raw/TBX11K/imgs/health/h4339.png,512,512,OK
TBX11K,h2748.png,data/raw/TBX11K/imgs/health/h2748.png,512,512,OK
TBX11K,h2984.png,data/raw/TBX11K/imgs/health/h2984.png,512,512,OK
TBX11K,h1255.png,data/raw/TBX11K/imgs/health/h1255.png,512,512,OK
TBX11K,h1533.png,data/raw/TBX11K/imgs/health/h1533.png,512,512,OK
TBX11K,h3324.png,data/raw/TBX11K/imgs/health/h3324.png,512,512,OK
TBX11K,h3495.png,data/raw/TBX11K/imgs/health/h3495.png,512,512,OK
TBX11K,h2953.png,data/raw/TBX11K/imgs/health/h2953.png,512,512,OK
TBX11K,h0188.png,data/raw/TBX11K/imgs/health/h0188.png,512,512,OK
TBX11K,h1296.png,data/raw/TBX11K/imgs/health/h1296.png,512,512,OK
TBX11K,h3481.png,data/raw/TBX11K/imgs/health/h3481.png,512,512,OK
TBX11K,h2947.png,data/raw/TBX11K/imgs/health/h2947.png,512,512,OK
TBX11K,h4488.png,data/raw/TBX11K/imgs/health/h4488.png,512,512,OK
TBX11K,h0836.png,data/raw/TBX11K/imgs/health/h0836.png,512,512,OK
TBX11K,h4661.png,data/raw/TBX11K/imgs/health/h4661.png,512,512,OK
TBX11K,h1719.png,data/raw/TBX11K/imgs/health/h1719.png,512,512,OK
TBX11K,h0407.png,data/raw/TBX11K/imgs/health/h0407.png,512,512,OK
TBX11K,h0413.png,data/raw/TBX11K/imgs/health/h0413.png,512,512,OK
TBX11K,h4675.png,data/raw/TBX11K/imgs/health/h4675.png,512,512,OK
TBX11K,h2204.png,data/raw/TBX11K/imgs/health/h2204.png,512,512,OK
TBX11K,h4113.png,data/raw/TBX11K/imgs/health/h4113.png,512,512,OK
TBX11K,h0375.png,data/raw/TBX11K/imgs/health/h0375.png,512,512,OK
TBX11K,h3654.png,data/raw/TBX11K/imgs/health/h3654.png,512,512,OK
TBX11K,h3132.png,data/raw/TBX11K/imgs/health/h3132.png,512,512,OK
TBX11K,h3126.png,data/raw/TBX11K/imgs/health/h3126.png,512,512,OK
TBX11K,h4649.png,data/raw/TBX11K/imgs/health/h4649.png,512,512,OK
TBX11K,h2238.png,data/raw/TBX11K/imgs/health/h2238.png,512,512,OK
TBX11K,h1731.png,data/raw/TBX11K/imgs/health/h1731.png,512,512,OK
TBX11K,h0349.png,data/raw/TBX11K/imgs/health/h0349.png,512,512,OK
TBX11K,h1057.png,data/raw/TBX11K/imgs/health/h1057.png,512,512,OK
TBX11K,h3640.png,data/raw/TBX11K/imgs/health/h3640.png,512,512,OK
TBX11K,h3873.png,data/raw/TBX11K/imgs/health/h3873.png,512,512,OK
TBX11K,h1902.png,data/raw/TBX11K/imgs/health/h1902.png,512,512,OK
TBX11K,h1916.png,data/raw/TBX11K/imgs/health/h1916.png,512,512,OK
TBX11K,h3867.png,data/raw/TBX11K/imgs/health/h3867.png,512,512,OK
TBX11K,h3697.png,data/raw/TBX11K/imgs/health/h3697.png,512,512,OK
TBX11K,h2589.png,data/raw/TBX11K/imgs/health/h2589.png,512,512,OK
TBX11K,h4846.png,data/raw/TBX11K/imgs/health/h4846.png,512,512,OK
TBX11K,h4852.png,data/raw/TBX11K/imgs/health/h4852.png,512,512,OK
TBX11K,h3683.png,data/raw/TBX11K/imgs/health/h3683.png,512,512,OK
TBX11K,h1094.png,data/raw/TBX11K/imgs/health/h1094.png,512,512,OK
TBX11K,h1095.png,data/raw/TBX11K/imgs/health/h1095.png,512,512,OK
TBX11K,h2588.png,data/raw/TBX11K/imgs/health/h2588.png,512,512,OK
TBX11K,h3696.png,data/raw/TBX11K/imgs/health/h3696.png,512,512,OK
TBX11K,h4847.png,data/raw/TBX11K/imgs/health/h4847.png,512,512,OK
TBX11K,h1917.png,data/raw/TBX11K/imgs/health/h1917.png,512,512,OK
TBX11K,h3866.png,data/raw/TBX11K/imgs/health/h3866.png,512,512,OK
TBX11K,h3872.png,data/raw/TBX11K/imgs/health/h3872.png,512,512,OK
TBX11K,h1903.png,data/raw/TBX11K/imgs/health/h1903.png,512,512,OK
TBX11K,h1730.png,data/raw/TBX11K/imgs/health/h1730.png,512,512,OK
TBX11K,h2239.png,data/raw/TBX11K/imgs/health/h2239.png,512,512,OK
TBX11K,h4648.png,data/raw/TBX11K/imgs/health/h4648.png,512,512,OK
TBX11K,h3127.png,data/raw/TBX11K/imgs/health/h3127.png,512,512,OK
TBX11K,h1056.png,data/raw/TBX11K/imgs/health/h1056.png,512,512,OK
TBX11K,h1042.png,data/raw/TBX11K/imgs/health/h1042.png,512,512,OK
TBX11K,h3655.png,data/raw/TBX11K/imgs/health/h3655.png,512,512,OK
TBX11K,h4884.png,data/raw/TBX11K/imgs/health/h4884.png,512,512,OK
TBX11K,h3133.png,data/raw/TBX11K/imgs/health/h3133.png,512,512,OK
TBX11K,h4674.png,data/raw/TBX11K/imgs/health/h4674.png,512,512,OK
TBX11K,h0412.png,data/raw/TBX11K/imgs/health/h0412.png,512,512,OK
TBX11K,h0374.png,data/raw/TBX11K/imgs/health/h0374.png,512,512,OK
TBX11K,h4112.png,data/raw/TBX11K/imgs/health/h4112.png,512,512,OK
TBX11K,h2563.png,data/raw/TBX11K/imgs/health/h2563.png,512,512,OK
TBX11K,h3669.png,data/raw/TBX11K/imgs/health/h3669.png,512,512,OK
TBX11K,h2577.png,data/raw/TBX11K/imgs/health/h2577.png,512,512,OK
TBX11K,h0360.png,data/raw/TBX11K/imgs/health/h0360.png,512,512,OK
TBX11K,h0406.png,data/raw/TBX11K/imgs/health/h0406.png,512,512,OK
TBX11K,h1718.png,data/raw/TBX11K/imgs/health/h1718.png,512,512,OK
TBX11K,h2211.png,data/raw/TBX11K/imgs/health/h2211.png,512,512,OK
TBX11K,h4660.png,data/raw/TBX11K/imgs/health/h4660.png,512,512,OK
TBX11K,h2946.png,data/raw/TBX11K/imgs/health/h2946.png,512,512,OK
TBX11K,h3480.png,data/raw/TBX11K/imgs/health/h3480.png,512,512,OK
TBX11K,h0189.png,data/raw/TBX11K/imgs/health/h0189.png,512,512,OK
TBX11K,h0837.png,data/raw/TBX11K/imgs/health/h0837.png,512,512,OK
TBX11K,h4489.png,data/raw/TBX11K/imgs/health/h4489.png,512,512,OK
TBX11K,h0823.png,data/raw/TBX11K/imgs/health/h0823.png,512,512,OK
TBX11K,h1283.png,data/raw/TBX11K/imgs/health/h1283.png,512,512,OK
TBX11K,h2952.png,data/raw/TBX11K/imgs/health/h2952.png,512,512,OK
TBX11K,h3494.png,data/raw/TBX11K/imgs/health/h3494.png,512,512,OK
TBX11K,h1254.png,data/raw/TBX11K/imgs/health/h1254.png,512,512,OK
TBX11K,h2985.png,data/raw/TBX11K/imgs/health/h2985.png,512,512,OK
TBX11K,h3443.png,data/raw/TBX11K/imgs/health/h3443.png,512,512,OK
TBX11K,h3325.png,data/raw/TBX11K/imgs/health/h3325.png,512,512,OK
TBX11K,h1532.png,data/raw/TBX11K/imgs/health/h1532.png,512,512,OK
TBX11K,h1526.png,data/raw/TBX11K/imgs/health/h1526.png,512,512,OK
TBX11K,h0638.png,data/raw/TBX11K/imgs/health/h0638.png,512,512,OK
TBX11K,h3331.png,data/raw/TBX11K/imgs/health/h3331.png,512,512,OK
TBX11K,h2749.png,data/raw/TBX11K/imgs/health/h2749.png,512,512,OK
TBX11K,h4338.png,data/raw/TBX11K/imgs/health/h4338.png,512,512,OK
TBX11K,h2991.png,data/raw/TBX11K/imgs/health/h2991.png,512,512,OK
TBX11K,h3457.png,data/raw/TBX11K/imgs/health/h3457.png,512,512,OK
TBX11K,h1240.png,data/raw/TBX11K/imgs/health/h1240.png,512,512,OK
TBX11K,h4310.png,data/raw/TBX11K/imgs/health/h4310.png,512,512,OK
TBX11K,h0176.png,data/raw/TBX11K/imgs/health/h0176.png,512,512,OK
TBX11K,h1268.png,data/raw/TBX11K/imgs/health/h1268.png,512,512,OK
TBX11K,h0610.png,data/raw/TBX11K/imgs/health/h0610.png,512,512,OK
TBX11K,h4476.png,data/raw/TBX11K/imgs/health/h4476.png,512,512,OK
TBX11K,h2007.png,data/raw/TBX11K/imgs/health/h2007.png,512,512,OK
TBX11K,h4462.png,data/raw/TBX11K/imgs/health/h4462.png,512,512,OK
TBX11K,h2013.png,data/raw/TBX11K/imgs/health/h2013.png,512,512,OK
TBX11K,h2775.png,data/raw/TBX11K/imgs/health/h2775.png,512,512,OK
TBX11K,h4304.png,data/raw/TBX11K/imgs/health/h4304.png,512,512,OK
TBX11K,h2832.png,data/raw/TBX11K/imgs/health/h2832.png,512,512,OK
TBX11K,h0943.png,data/raw/TBX11K/imgs/health/h0943.png,512,512,OK
TBX11K,h1485.png,data/raw/TBX11K/imgs/health/h1485.png,512,512,OK
TBX11K,h3292.png,data/raw/TBX11K/imgs/health/h3292.png,512,512,OK
TBX11K,h3286.png,data/raw/TBX11K/imgs/health/h3286.png,512,512,OK
TBX11K,h2198.png,data/raw/TBX11K/imgs/health/h2198.png,512,512,OK
TBX11K,h1320.png,data/raw/TBX11K/imgs/health/h1320.png,512,512,OK
TBX11K,h3537.png,data/raw/TBX11K/imgs/health/h3537.png,512,512,OK
TBX11K,h4258.png,data/raw/TBX11K/imgs/health/h4258.png,512,512,OK
TBX11K,h2629.png,data/raw/TBX11K/imgs/health/h2629.png,512,512,OK
TBX11K,h3251.png,data/raw/TBX11K/imgs/health/h3251.png,512,512,OK
TBX11K,h0758.png,data/raw/TBX11K/imgs/health/h0758.png,512,512,OK
TBX11K,h1446.png,data/raw/TBX11K/imgs/health/h1446.png,512,512,OK
TBX11K,h1452.png,data/raw/TBX11K/imgs/health/h1452.png,512,512,OK
TBX11K,h3245.png,data/raw/TBX11K/imgs/health/h3245.png,512,512,OK
TBX11K,h3523.png,data/raw/TBX11K/imgs/health/h3523.png,512,512,OK
TBX11K,h1334.png,data/raw/TBX11K/imgs/health/h1334.png,512,512,OK
TBX11K,h4264.png,data/raw/TBX11K/imgs/health/h4264.png,512,512,OK
TBX11K,h2615.png,data/raw/TBX11K/imgs/health/h2615.png,512,512,OK
TBX11K,h0764.png,data/raw/TBX11K/imgs/health/h0764.png,512,512,OK
TBX11K,h2173.png,data/raw/TBX11K/imgs/health/h2173.png,512,512,OK
TBX11K,h4502.png,data/raw/TBX11K/imgs/health/h4502.png,512,512,OK
TBX11K,h2167.png,data/raw/TBX11K/imgs/health/h2167.png,512,512,OK
TBX11K,h4516.png,data/raw/TBX11K/imgs/health/h4516.png,512,512,OK
TBX11K,h3279.png,data/raw/TBX11K/imgs/health/h3279.png,512,512,OK
TBX11K,h0770.png,data/raw/TBX11K/imgs/health/h0770.png,512,512,OK
TBX11K,h1308.png,data/raw/TBX11K/imgs/health/h1308.png,512,512,OK
TBX11K,h0016.png,data/raw/TBX11K/imgs/health/h0016.png,512,512,OK
TBX11K,h4270.png,data/raw/TBX11K/imgs/health/h4270.png,512,512,OK
TBX11K,h2601.png,data/raw/TBX11K/imgs/health/h2601.png,512,512,OK
TBX11K,h3090.png,data/raw/TBX11K/imgs/health/h3090.png,512,512,OK
TBX11K,h0599.png,data/raw/TBX11K/imgs/health/h0599.png,512,512,OK
TBX11K,h1687.png,data/raw/TBX11K/imgs/health/h1687.png,512,512,OK
TBX11K,h4099.png,data/raw/TBX11K/imgs/health/h4099.png,512,512,OK
TBX11K,h4933.png,data/raw/TBX11K/imgs/health/h4933.png,512,512,OK
TBX11K,h3084.png,data/raw/TBX11K/imgs/health/h3084.png,512,512,OK
TBX11K,h1863.png,data/raw/TBX11K/imgs/health/h1863.png,512,512,OK
TBX11K,h3912.png,data/raw/TBX11K/imgs/health/h3912.png,512,512,OK
TBX11K,h3906.png,data/raw/TBX11K/imgs/health/h3906.png,512,512,OK
TBX11K,h1877.png,data/raw/TBX11K/imgs/health/h1877.png,512,512,OK
TBX11K,h1644.png,data/raw/TBX11K/imgs/health/h1644.png,512,512,OK
TBX11K,h3735.png,data/raw/TBX11K/imgs/health/h3735.png,512,512,OK
TBX11K,h1122.png,data/raw/TBX11K/imgs/health/h1122.png,512,512,OK
TBX11K,h1136.png,data/raw/TBX11K/imgs/health/h1136.png,512,512,OK
TBX11K,h3721.png,data/raw/TBX11K/imgs/health/h3721.png,512,512,OK
TBX11K,h3047.png,data/raw/TBX11K/imgs/health/h3047.png,512,512,OK
TBX11K,h4728.png,data/raw/TBX11K/imgs/health/h4728.png,512,512,OK
TBX11K,h2359.png,data/raw/TBX11K/imgs/health/h2359.png,512,512,OK
TBX11K,h1650.png,data/raw/TBX11K/imgs/health/h1650.png,512,512,OK
TBX11K,h1888.png,data/raw/TBX11K/imgs/health/h1888.png,512,512,OK
TBX11K,h4700.png,data/raw/TBX11K/imgs/health/h4700.png,512,512,OK
TBX11K,h2371.png,data/raw/TBX11K/imgs/health/h2371.png,512,512,OK
TBX11K,h1678.png,data/raw/TBX11K/imgs/health/h1678.png,512,512,OK
TBX11K,h2417.png,data/raw/TBX11K/imgs/health/h2417.png,512,512,OK
TBX11K,h4066.png,data/raw/TBX11K/imgs/health/h4066.png,512,512,OK
TBX11K,h3709.png,data/raw/TBX11K/imgs/health/h3709.png,512,512,OK
TBX11K,h2403.png,data/raw/TBX11K/imgs/health/h2403.png,512,512,OK
TBX11K,h0214.png,data/raw/TBX11K/imgs/health/h0214.png,512,512,OK
TBX11K,h0572.png,data/raw/TBX11K/imgs/health/h0572.png,512,512,OK
TBX11K,h4714.png,data/raw/TBX11K/imgs/health/h4714.png,512,512,OK
TBX11K,h4064.png,data/raw/TBX11K/imgs/health/h4064.png,512,512,OK
TBX11K,h2415.png,data/raw/TBX11K/imgs/health/h2415.png,512,512,OK
TBX11K,h0202.png,data/raw/TBX11K/imgs/health/h0202.png,512,512,OK
TBX11K,h0564.png,data/raw/TBX11K/imgs/health/h0564.png,512,512,OK
TBX11K,h4702.png,data/raw/TBX11K/imgs/health/h4702.png,512,512,OK
TBX11K,h2367.png,data/raw/TBX11K/imgs/health/h2367.png,512,512,OK
TBX11K,h4716.png,data/raw/TBX11K/imgs/health/h4716.png,512,512,OK
TBX11K,h3079.png,data/raw/TBX11K/imgs/health/h3079.png,512,512,OK
TBX11K,h0570.png,data/raw/TBX11K/imgs/health/h0570.png,512,512,OK
TBX11K,h0216.png,data/raw/TBX11K/imgs/health/h0216.png,512,512,OK
TBX11K,h2401.png,data/raw/TBX11K/imgs/health/h2401.png,512,512,OK
TBX11K,h3737.png,data/raw/TBX11K/imgs/health/h3737.png,512,512,OK
TBX11K,h4058.png,data/raw/TBX11K/imgs/health/h4058.png,512,512,OK
TBX11K,h1652.png,data/raw/TBX11K/imgs/health/h1652.png,512,512,OK
TBX11K,h3045.png,data/raw/TBX11K/imgs/health/h3045.png,512,512,OK
TBX11K,h3723.png,data/raw/TBX11K/imgs/health/h3723.png,512,512,OK
TBX11K,h1134.png,data/raw/TBX11K/imgs/health/h1134.png,512,512,OK
TBX11K,h3910.png,data/raw/TBX11K/imgs/health/h3910.png,512,512,OK
TBX11K,h4919.png,data/raw/TBX11K/imgs/health/h4919.png,512,512,OK
TBX11K,h1875.png,data/raw/TBX11K/imgs/health/h1875.png,512,512,OK
TBX11K,h3904.png,data/raw/TBX11K/imgs/health/h3904.png,512,512,OK
TBX11K,h3092.png,data/raw/TBX11K/imgs/health/h3092.png,512,512,OK
TBX11K,h4925.png,data/raw/TBX11K/imgs/health/h4925.png,512,512,OK
TBX11K,h3086.png,data/raw/TBX11K/imgs/health/h3086.png,512,512,OK
TBX11K,h2398.png,data/raw/TBX11K/imgs/health/h2398.png,512,512,OK
TBX11K,h4931.png,data/raw/TBX11K/imgs/health/h4931.png,512,512,OK
TBX11K,h1691.png,data/raw/TBX11K/imgs/health/h1691.png,512,512,OK
TBX11K,h1849.png,data/raw/TBX11K/imgs/health/h1849.png,512,512,OK
TBX11K,h3938.png,data/raw/TBX11K/imgs/health/h3938.png,512,512,OK
TBX11K,h4500.png,data/raw/TBX11K/imgs/health/h4500.png,512,512,OK
TBX11K,h2171.png,data/raw/TBX11K/imgs/health/h2171.png,512,512,OK
TBX11K,h1478.png,data/raw/TBX11K/imgs/health/h1478.png,512,512,OK
TBX11K,h0766.png,data/raw/TBX11K/imgs/health/h0766.png,512,512,OK
TBX11K,h2617.png,data/raw/TBX11K/imgs/health/h2617.png,512,512,OK
TBX11K,h4266.png,data/raw/TBX11K/imgs/health/h4266.png,512,512,OK
TBX11K,h4272.png,data/raw/TBX11K/imgs/health/h4272.png,512,512,OK
TBX11K,h0772.png,data/raw/TBX11K/imgs/health/h0772.png,512,512,OK
TBX11K,h4514.png,data/raw/TBX11K/imgs/health/h4514.png,512,512,OK
TBX11K,h2165.png,data/raw/TBX11K/imgs/health/h2165.png,512,512,OK
TBX11K,h1444.png,data/raw/TBX11K/imgs/health/h1444.png,512,512,OK
TBX11K,h0982.png,data/raw/TBX11K/imgs/health/h0982.png,512,512,OK
TBX11K,h3253.png,data/raw/TBX11K/imgs/health/h3253.png,512,512,OK
TBX11K,h3535.png,data/raw/TBX11K/imgs/health/h3535.png,512,512,OK
TBX11K,h1322.png,data/raw/TBX11K/imgs/health/h1322.png,512,512,OK
TBX11K,h0028.png,data/raw/TBX11K/imgs/health/h0028.png,512,512,OK
TBX11K,h3521.png,data/raw/TBX11K/imgs/health/h3521.png,512,512,OK
TBX11K,h3247.png,data/raw/TBX11K/imgs/health/h3247.png,512,512,OK
TBX11K,h2159.png,data/raw/TBX11K/imgs/health/h2159.png,512,512,OK
TBX11K,h1450.png,data/raw/TBX11K/imgs/health/h1450.png,512,512,OK
TBX11K,h0996.png,data/raw/TBX11K/imgs/health/h0996.png,512,512,OK
TBX11K,h2818.png,data/raw/TBX11K/imgs/health/h2818.png,512,512,OK
TBX11K,h0969.png,data/raw/TBX11K/imgs/health/h0969.png,512,512,OK
TBX11K,h3290.png,data/raw/TBX11K/imgs/health/h3290.png,512,512,OK
TBX11K,h0799.png,data/raw/TBX11K/imgs/health/h0799.png,512,512,OK
TBX11K,h4299.png,data/raw/TBX11K/imgs/health/h4299.png,512,512,OK
TBX11K,h2830.png,data/raw/TBX11K/imgs/health/h2830.png,512,512,OK
TBX11K,h2824.png,data/raw/TBX11K/imgs/health/h2824.png,512,512,OK
TBX11K,h0955.png,data/raw/TBX11K/imgs/health/h0955.png,512,512,OK
TBX11K,h3284.png,data/raw/TBX11K/imgs/health/h3284.png,512,512,OK
TBX11K,h4474.png,data/raw/TBX11K/imgs/health/h4474.png,512,512,OK
TBX11K,h0174.png,data/raw/TBX11K/imgs/health/h0174.png,512,512,OK
TBX11K,h2763.png,data/raw/TBX11K/imgs/health/h2763.png,512,512,OK
TBX11K,h3469.png,data/raw/TBX11K/imgs/health/h3469.png,512,512,OK
TBX11K,h4306.png,data/raw/TBX11K/imgs/health/h4306.png,512,512,OK
TBX11K,h2777.png,data/raw/TBX11K/imgs/health/h2777.png,512,512,OK
TBX11K,h0160.png,data/raw/TBX11K/imgs/health/h0160.png,512,512,OK
TBX11K,h0606.png,data/raw/TBX11K/imgs/health/h0606.png,512,512,OK
TBX11K,h1518.png,data/raw/TBX11K/imgs/health/h1518.png,512,512,OK
TBX11K,h2011.png,data/raw/TBX11K/imgs/health/h2011.png,512,512,OK
TBX11K,h4460.png,data/raw/TBX11K/imgs/health/h4460.png,512,512,OK
TBX11K,h1530.png,data/raw/TBX11K/imgs/health/h1530.png,512,512,OK
TBX11K,h3327.png,data/raw/TBX11K/imgs/health/h3327.png,512,512,OK
TBX11K,h3441.png,data/raw/TBX11K/imgs/health/h3441.png,512,512,OK
TBX11K,h2987.png,data/raw/TBX11K/imgs/health/h2987.png,512,512,OK
TBX11K,h1256.png,data/raw/TBX11K/imgs/health/h1256.png,512,512,OK
TBX11K,h1242.png,data/raw/TBX11K/imgs/health/h1242.png,512,512,OK
TBX11K,h3455.png,data/raw/TBX11K/imgs/health/h3455.png,512,512,OK
TBX11K,h2993.png,data/raw/TBX11K/imgs/health/h2993.png,512,512,OK
TBX11K,h3333.png,data/raw/TBX11K/imgs/health/h3333.png,512,512,OK
TBX11K,h1524.png,data/raw/TBX11K/imgs/health/h1524.png,512,512,OK
TBX11K,h2978.png,data/raw/TBX11K/imgs/health/h2978.png,512,512,OK
TBX11K,h0835.png,data/raw/TBX11K/imgs/health/h0835.png,512,512,OK
TBX11K,h1295.png,data/raw/TBX11K/imgs/health/h1295.png,512,512,OK
TBX11K,h3482.png,data/raw/TBX11K/imgs/health/h3482.png,512,512,OK
TBX11K,h2788.png,data/raw/TBX11K/imgs/health/h2788.png,512,512,OK
TBX11K,h3496.png,data/raw/TBX11K/imgs/health/h3496.png,512,512,OK
TBX11K,h1281.png,data/raw/TBX11K/imgs/health/h1281.png,512,512,OK
TBX11K,h0821.png,data/raw/TBX11K/imgs/health/h0821.png,512,512,OK
TBX11K,h2561.png,data/raw/TBX11K/imgs/health/h2561.png,512,512,OK
TBX11K,h4110.png,data/raw/TBX11K/imgs/health/h4110.png,512,512,OK
TBX11K,h0376.png,data/raw/TBX11K/imgs/health/h0376.png,512,512,OK
TBX11K,h1068.png,data/raw/TBX11K/imgs/health/h1068.png,512,512,OK
TBX11K,h4676.png,data/raw/TBX11K/imgs/health/h4676.png,512,512,OK
TBX11K,h2207.png,data/raw/TBX11K/imgs/health/h2207.png,512,512,OK
TBX11K,h2213.png,data/raw/TBX11K/imgs/health/h2213.png,512,512,OK
TBX11K,h0362.png,data/raw/TBX11K/imgs/health/h0362.png,512,512,OK
TBX11K,h3643.png,data/raw/TBX11K/imgs/health/h3643.png,512,512,OK
TBX11K,h1732.png,data/raw/TBX11K/imgs/health/h1732.png,512,512,OK
TBX11K,h1726.png,data/raw/TBX11K/imgs/health/h1726.png,512,512,OK
TBX11K,h0438.png,data/raw/TBX11K/imgs/health/h0438.png,512,512,OK
TBX11K,h3131.png,data/raw/TBX11K/imgs/health/h3131.png,512,512,OK
TBX11K,h4886.png,data/raw/TBX11K/imgs/health/h4886.png,512,512,OK
TBX11K,h2549.png,data/raw/TBX11K/imgs/health/h2549.png,512,512,OK
TBX11K,h4138.png,data/raw/TBX11K/imgs/health/h4138.png,512,512,OK
TBX11K,h3864.png,data/raw/TBX11K/imgs/health/h3864.png,512,512,OK
TBX11K,h1915.png,data/raw/TBX11K/imgs/health/h1915.png,512,512,OK
TBX11K,h4879.png,data/raw/TBX11K/imgs/health/h4879.png,512,512,OK
TBX11K,h3870.png,data/raw/TBX11K/imgs/health/h3870.png,512,512,OK
TBX11K,h3858.png,data/raw/TBX11K/imgs/health/h3858.png,512,512,OK
TBX11K,h0389.png,data/raw/TBX11K/imgs/health/h0389.png,512,512,OK
TBX11K,h1929.png,data/raw/TBX11K/imgs/health/h1929.png,512,512,OK
TBX11K,h4845.png,data/raw/TBX11K/imgs/health/h4845.png,512,512,OK
TBX11K,h1083.png,data/raw/TBX11K/imgs/health/h1083.png,512,512,OK
TBX11K,h3694.png,data/raw/TBX11K/imgs/health/h3694.png,512,512,OK
TBX11K,h4844.png,data/raw/TBX11K/imgs/health/h4844.png,512,512,OK
TBX11K,h3695.png,data/raw/TBX11K/imgs/health/h3695.png,512,512,OK
TBX11K,h1082.png,data/raw/TBX11K/imgs/health/h1082.png,512,512,OK
TBX11K,h0388.png,data/raw/TBX11K/imgs/health/h0388.png,512,512,OK
TBX11K,h3859.png,data/raw/TBX11K/imgs/health/h3859.png,512,512,OK
TBX11K,h4688.png,data/raw/TBX11K/imgs/health/h4688.png,512,512,OK
TBX11K,h1928.png,data/raw/TBX11K/imgs/health/h1928.png,512,512,OK
TBX11K,h4878.png,data/raw/TBX11K/imgs/health/h4878.png,512,512,OK
TBX11K,h3865.png,data/raw/TBX11K/imgs/health/h3865.png,512,512,OK
TBX11K,h1914.png,data/raw/TBX11K/imgs/health/h1914.png,512,512,OK
TBX11K,h4887.png,data/raw/TBX11K/imgs/health/h4887.png,512,512,OK
TBX11K,h0439.png,data/raw/TBX11K/imgs/health/h0439.png,512,512,OK
TBX11K,h1727.png,data/raw/TBX11K/imgs/health/h1727.png,512,512,OK
TBX11K,h3656.png,data/raw/TBX11K/imgs/health/h3656.png,512,512,OK
TBX11K,h4139.png,data/raw/TBX11K/imgs/health/h4139.png,512,512,OK
TBX11K,h3642.png,data/raw/TBX11K/imgs/health/h3642.png,512,512,OK
TBX11K,h1733.png,data/raw/TBX11K/imgs/health/h1733.png,512,512,OK
TBX11K,h4893.png,data/raw/TBX11K/imgs/health/h4893.png,512,512,OK
TBX11K,h0405.png,data/raw/TBX11K/imgs/health/h0405.png,512,512,OK
TBX11K,h2212.png,data/raw/TBX11K/imgs/health/h2212.png,512,512,OK
TBX11K,h4663.png,data/raw/TBX11K/imgs/health/h4663.png,512,512,OK
TBX11K,h2574.png,data/raw/TBX11K/imgs/health/h2574.png,512,512,OK
TBX11K,h0363.png,data/raw/TBX11K/imgs/health/h0363.png,512,512,OK
TBX11K,h1069.png,data/raw/TBX11K/imgs/health/h1069.png,512,512,OK
TBX11K,h0377.png,data/raw/TBX11K/imgs/health/h0377.png,512,512,OK
TBX11K,h4111.png,data/raw/TBX11K/imgs/health/h4111.png,512,512,OK
TBX11K,h2560.png,data/raw/TBX11K/imgs/health/h2560.png,512,512,OK
TBX11K,h2206.png,data/raw/TBX11K/imgs/health/h2206.png,512,512,OK
TBX11K,h4677.png,data/raw/TBX11K/imgs/health/h4677.png,512,512,OK
TBX11K,h3497.png,data/raw/TBX11K/imgs/health/h3497.png,512,512,OK
TBX11K,h0834.png,data/raw/TBX11K/imgs/health/h0834.png,512,512,OK
TBX11K,h2945.png,data/raw/TBX11K/imgs/health/h2945.png,512,512,OK
TBX11K,h3483.png,data/raw/TBX11K/imgs/health/h3483.png,512,512,OK
TBX11K,h0808.png,data/raw/TBX11K/imgs/health/h0808.png,512,512,OK
TBX11K,h2979.png,data/raw/TBX11K/imgs/health/h2979.png,512,512,OK
TBX11K,h2992.png,data/raw/TBX11K/imgs/health/h2992.png,512,512,OK
TBX11K,h3454.png,data/raw/TBX11K/imgs/health/h3454.png,512,512,OK
TBX11K,h1243.png,data/raw/TBX11K/imgs/health/h1243.png,512,512,OK
TBX11K,h1525.png,data/raw/TBX11K/imgs/health/h1525.png,512,512,OK
TBX11K,h3332.png,data/raw/TBX11K/imgs/health/h3332.png,512,512,OK
TBX11K,h4449.png,data/raw/TBX11K/imgs/health/h4449.png,512,512,OK
TBX11K,h2038.png,data/raw/TBX11K/imgs/health/h2038.png,512,512,OK
TBX11K,h1531.png,data/raw/TBX11K/imgs/health/h1531.png,512,512,OK
TBX11K,h0149.png,data/raw/TBX11K/imgs/health/h0149.png,512,512,OK
TBX11K,h1257.png,data/raw/TBX11K/imgs/health/h1257.png,512,512,OK
TBX11K,h0161.png,data/raw/TBX11K/imgs/health/h0161.png,512,512,OK
TBX11K,h2776.png,data/raw/TBX11K/imgs/health/h2776.png,512,512,OK
TBX11K,h4307.png,data/raw/TBX11K/imgs/health/h4307.png,512,512,OK
TBX11K,h3468.png,data/raw/TBX11K/imgs/health/h3468.png,512,512,OK
TBX11K,h4461.png,data/raw/TBX11K/imgs/health/h4461.png,512,512,OK
TBX11K,h2010.png,data/raw/TBX11K/imgs/health/h2010.png,512,512,OK
TBX11K,h1519.png,data/raw/TBX11K/imgs/health/h1519.png,512,512,OK
TBX11K,h0607.png,data/raw/TBX11K/imgs/health/h0607.png,512,512,OK
TBX11K,h4475.png,data/raw/TBX11K/imgs/health/h4475.png,512,512,OK
TBX11K,h2004.png,data/raw/TBX11K/imgs/health/h2004.png,512,512,OK
TBX11K,h2762.png,data/raw/TBX11K/imgs/health/h2762.png,512,512,OK
TBX11K,h4313.png,data/raw/TBX11K/imgs/health/h4313.png,512,512,OK
TBX11K,h2825.png,data/raw/TBX11K/imgs/health/h2825.png,512,512,OK
TBX11K,h3285.png,data/raw/TBX11K/imgs/health/h3285.png,512,512,OK
TBX11K,h0954.png,data/raw/TBX11K/imgs/health/h0954.png,512,512,OK
TBX11K,h1492.png,data/raw/TBX11K/imgs/health/h1492.png,512,512,OK
TBX11K,h0940.png,data/raw/TBX11K/imgs/health/h0940.png,512,512,OK
TBX11K,h1486.png,data/raw/TBX11K/imgs/health/h1486.png,512,512,OK
TBX11K,h2831.png,data/raw/TBX11K/imgs/health/h2831.png,512,512,OK
TBX11K,h4298.png,data/raw/TBX11K/imgs/health/h4298.png,512,512,OK
TBX11K,h2819.png,data/raw/TBX11K/imgs/health/h2819.png,512,512,OK
TBX11K,h0968.png,data/raw/TBX11K/imgs/health/h0968.png,512,512,OK
TBX11K,h3520.png,data/raw/TBX11K/imgs/health/h3520.png,512,512,OK
TBX11K,h1337.png,data/raw/TBX11K/imgs/health/h1337.png,512,512,OK
TBX11K,h0997.png,data/raw/TBX11K/imgs/health/h0997.png,512,512,OK
TBX11K,h1451.png,data/raw/TBX11K/imgs/health/h1451.png,512,512,OK
TBX11K,h2158.png,data/raw/TBX11K/imgs/health/h2158.png,512,512,OK
TBX11K,h3246.png,data/raw/TBX11K/imgs/health/h3246.png,512,512,OK
TBX11K,h3252.png,data/raw/TBX11K/imgs/health/h3252.png,512,512,OK
TBX11K,h0983.png,data/raw/TBX11K/imgs/health/h0983.png,512,512,OK
TBX11K,h1445.png,data/raw/TBX11K/imgs/health/h1445.png,512,512,OK
TBX11K,h3534.png,data/raw/TBX11K/imgs/health/h3534.png,512,512,OK
TBX11K,h4273.png,data/raw/TBX11K/imgs/health/h4273.png,512,512,OK
TBX11K,h2602.png,data/raw/TBX11K/imgs/health/h2602.png,512,512,OK
TBX11K,h2164.png,data/raw/TBX11K/imgs/health/h2164.png,512,512,OK
TBX11K,h4515.png,data/raw/TBX11K/imgs/health/h4515.png,512,512,OK
TBX11K,h0767.png,data/raw/TBX11K/imgs/health/h0767.png,512,512,OK
TBX11K,h1479.png,data/raw/TBX11K/imgs/health/h1479.png,512,512,OK
TBX11K,h2170.png,data/raw/TBX11K/imgs/health/h2170.png,512,512,OK
TBX11K,h4501.png,data/raw/TBX11K/imgs/health/h4501.png,512,512,OK
TBX11K,h3508.png,data/raw/TBX11K/imgs/health/h3508.png,512,512,OK
TBX11K,h4267.png,data/raw/TBX11K/imgs/health/h4267.png,512,512,OK
TBX11K,h2616.png,data/raw/TBX11K/imgs/health/h2616.png,512,512,OK
TBX11K,h0001.png,data/raw/TBX11K/imgs/health/h0001.png,512,512,OK
TBX11K,h1848.png,data/raw/TBX11K/imgs/health/h1848.png,512,512,OK
TBX11K,h1690.png,data/raw/TBX11K/imgs/health/h1690.png,512,512,OK
TBX11K,h4930.png,data/raw/TBX11K/imgs/health/h4930.png,512,512,OK
TBX11K,h2399.png,data/raw/TBX11K/imgs/health/h2399.png,512,512,OK
TBX11K,h3087.png,data/raw/TBX11K/imgs/health/h3087.png,512,512,OK
TBX11K,h3093.png,data/raw/TBX11K/imgs/health/h3093.png,512,512,OK
TBX11K,h1684.png,data/raw/TBX11K/imgs/health/h1684.png,512,512,OK
TBX11K,h1874.png,data/raw/TBX11K/imgs/health/h1874.png,512,512,OK
TBX11K,h3905.png,data/raw/TBX11K/imgs/health/h3905.png,512,512,OK
TBX11K,h3911.png,data/raw/TBX11K/imgs/health/h3911.png,512,512,OK
TBX11K,h1653.png,data/raw/TBX11K/imgs/health/h1653.png,512,512,OK
TBX11K,h1135.png,data/raw/TBX11K/imgs/health/h1135.png,512,512,OK
TBX11K,h3722.png,data/raw/TBX11K/imgs/health/h3722.png,512,512,OK
TBX11K,h2428.png,data/raw/TBX11K/imgs/health/h2428.png,512,512,OK
TBX11K,h4059.png,data/raw/TBX11K/imgs/health/h4059.png,512,512,OK
TBX11K,h3736.png,data/raw/TBX11K/imgs/health/h3736.png,512,512,OK
TBX11K,h1121.png,data/raw/TBX11K/imgs/health/h1121.png,512,512,OK
TBX11K,h1647.png,data/raw/TBX11K/imgs/health/h1647.png,512,512,OK
TBX11K,h0559.png,data/raw/TBX11K/imgs/health/h0559.png,512,512,OK
TBX11K,h3050.png,data/raw/TBX11K/imgs/health/h3050.png,512,512,OK
TBX11K,h0571.png,data/raw/TBX11K/imgs/health/h0571.png,512,512,OK
TBX11K,h4717.png,data/raw/TBX11K/imgs/health/h4717.png,512,512,OK
TBX11K,h2366.png,data/raw/TBX11K/imgs/health/h2366.png,512,512,OK
TBX11K,h2400.png,data/raw/TBX11K/imgs/health/h2400.png,512,512,OK
TBX11K,h0217.png,data/raw/TBX11K/imgs/health/h0217.png,512,512,OK
TBX11K,h0203.png,data/raw/TBX11K/imgs/health/h0203.png,512,512,OK
TBX11K,h3054.png,data/raw/TBX11K/imgs/health/h3054.png,512,512,OK
TBX11K,h1643.png,data/raw/TBX11K/imgs/health/h1643.png,512,512,OK
TBX11K,h1125.png,data/raw/TBX11K/imgs/health/h1125.png,512,512,OK
TBX11K,h3732.png,data/raw/TBX11K/imgs/health/h3732.png,512,512,OK
TBX11K,h4049.png,data/raw/TBX11K/imgs/health/h4049.png,512,512,OK
TBX11K,h3726.png,data/raw/TBX11K/imgs/health/h3726.png,512,512,OK
TBX11K,h2438.png,data/raw/TBX11K/imgs/health/h2438.png,512,512,OK
TBX11K,h0549.png,data/raw/TBX11K/imgs/health/h0549.png,512,512,OK
TBX11K,h1657.png,data/raw/TBX11K/imgs/health/h1657.png,512,512,OK
TBX11K,h3040.png,data/raw/TBX11K/imgs/health/h3040.png,512,512,OK
TBX11K,h0561.png,data/raw/TBX11K/imgs/health/h0561.png,512,512,OK
TBX11K,h2376.png,data/raw/TBX11K/imgs/health/h2376.png,512,512,OK
TBX11K,h3068.png,data/raw/TBX11K/imgs/health/h3068.png,512,512,OK
TBX11K,h4707.png,data/raw/TBX11K/imgs/health/h4707.png,512,512,OK
TBX11K,h4061.png,data/raw/TBX11K/imgs/health/h4061.png,512,512,OK
TBX11K,h0213.png,data/raw/TBX11K/imgs/health/h0213.png,512,512,OK
TBX11K,h4075.png,data/raw/TBX11K/imgs/health/h4075.png,512,512,OK
TBX11K,h2404.png,data/raw/TBX11K/imgs/health/h2404.png,512,512,OK
TBX11K,h2362.png,data/raw/TBX11K/imgs/health/h2362.png,512,512,OK
TBX11K,h4713.png,data/raw/TBX11K/imgs/health/h4713.png,512,512,OK
TBX11K,h0575.png,data/raw/TBX11K/imgs/health/h0575.png,512,512,OK
TBX11K,h1680.png,data/raw/TBX11K/imgs/health/h1680.png,512,512,OK
TBX11K,h1858.png,data/raw/TBX11K/imgs/health/h1858.png,512,512,OK
TBX11K,h2389.png,data/raw/TBX11K/imgs/health/h2389.png,512,512,OK
TBX11K,h4920.png,data/raw/TBX11K/imgs/health/h4920.png,512,512,OK
TBX11K,h3929.png,data/raw/TBX11K/imgs/health/h3929.png,512,512,OK
TBX11K,h3083.png,data/raw/TBX11K/imgs/health/h3083.png,512,512,OK
TBX11K,h4934.png,data/raw/TBX11K/imgs/health/h4934.png,512,512,OK
TBX11K,h1694.png,data/raw/TBX11K/imgs/health/h1694.png,512,512,OK
TBX11K,h1864.png,data/raw/TBX11K/imgs/health/h1864.png,512,512,OK
TBX11K,h3915.png,data/raw/TBX11K/imgs/health/h3915.png,512,512,OK
TBX11K,h1870.png,data/raw/TBX11K/imgs/health/h1870.png,512,512,OK
TBX11K,h4908.png,data/raw/TBX11K/imgs/health/h4908.png,512,512,OK
TBX11K,h3530.png,data/raw/TBX11K/imgs/health/h3530.png,512,512,OK
TBX11K,h0039.png,data/raw/TBX11K/imgs/health/h0039.png,512,512,OK
TBX11K,h1327.png,data/raw/TBX11K/imgs/health/h1327.png,512,512,OK
TBX11K,h0987.png,data/raw/TBX11K/imgs/health/h0987.png,512,512,OK
TBX11K,h1441.png,data/raw/TBX11K/imgs/health/h1441.png,512,512,OK
TBX11K,h3256.png,data/raw/TBX11K/imgs/health/h3256.png,512,512,OK
TBX11K,h2148.png,data/raw/TBX11K/imgs/health/h2148.png,512,512,OK
TBX11K,h3242.png,data/raw/TBX11K/imgs/health/h3242.png,512,512,OK
TBX11K,h0993.png,data/raw/TBX11K/imgs/health/h0993.png,512,512,OK
TBX11K,h1455.png,data/raw/TBX11K/imgs/health/h1455.png,512,512,OK
TBX11K,h1333.png,data/raw/TBX11K/imgs/health/h1333.png,512,512,OK
TBX11K,h0005.png,data/raw/TBX11K/imgs/health/h0005.png,512,512,OK
TBX11K,h2612.png,data/raw/TBX11K/imgs/health/h2612.png,512,512,OK
TBX11K,h4263.png,data/raw/TBX11K/imgs/health/h4263.png,512,512,OK
TBX11K,h4505.png,data/raw/TBX11K/imgs/health/h4505.png,512,512,OK
TBX11K,h2174.png,data/raw/TBX11K/imgs/health/h2174.png,512,512,OK
TBX11K,h0763.png,data/raw/TBX11K/imgs/health/h0763.png,512,512,OK
TBX11K,h1469.png,data/raw/TBX11K/imgs/health/h1469.png,512,512,OK
TBX11K,h4511.png,data/raw/TBX11K/imgs/health/h4511.png,512,512,OK
TBX11K,h2160.png,data/raw/TBX11K/imgs/health/h2160.png,512,512,OK
TBX11K,h2606.png,data/raw/TBX11K/imgs/health/h2606.png,512,512,OK
TBX11K,h3518.png,data/raw/TBX11K/imgs/health/h3518.png,512,512,OK
TBX11K,h3295.png,data/raw/TBX11K/imgs/health/h3295.png,512,512,OK
TBX11K,h0944.png,data/raw/TBX11K/imgs/health/h0944.png,512,512,OK
TBX11K,h0788.png,data/raw/TBX11K/imgs/health/h0788.png,512,512,OK
TBX11K,h0950.png,data/raw/TBX11K/imgs/health/h0950.png,512,512,OK
TBX11K,h1496.png,data/raw/TBX11K/imgs/health/h1496.png,512,512,OK
TBX11K,h3281.png,data/raw/TBX11K/imgs/health/h3281.png,512,512,OK
TBX11K,h2821.png,data/raw/TBX11K/imgs/health/h2821.png,512,512,OK
TBX11K,h0978.png,data/raw/TBX11K/imgs/health/h0978.png,512,512,OK
TBX11K,h2982.png,data/raw/TBX11K/imgs/health/h2982.png,512,512,OK
TBX11K,h1253.png,data/raw/TBX11K/imgs/health/h1253.png,512,512,OK
TBX11K,h1535.png,data/raw/TBX11K/imgs/health/h1535.png,512,512,OK
TBX11K,h3322.png,data/raw/TBX11K/imgs/health/h3322.png,512,512,OK
TBX11K,h2028.png,data/raw/TBX11K/imgs/health/h2028.png,512,512,OK
TBX11K,h3336.png,data/raw/TBX11K/imgs/health/h3336.png,512,512,OK
TBX11K,h4459.png,data/raw/TBX11K/imgs/health/h4459.png,512,512,OK
TBX11K,h1521.png,data/raw/TBX11K/imgs/health/h1521.png,512,512,OK
TBX11K,h1247.png,data/raw/TBX11K/imgs/health/h1247.png,512,512,OK
TBX11K,h0159.png,data/raw/TBX11K/imgs/health/h0159.png,512,512,OK
TBX11K,h0171.png,data/raw/TBX11K/imgs/health/h0171.png,512,512,OK
TBX11K,h4317.png,data/raw/TBX11K/imgs/health/h4317.png,512,512,OK
TBX11K,h3478.png,data/raw/TBX11K/imgs/health/h3478.png,512,512,OK
TBX11K,h2766.png,data/raw/TBX11K/imgs/health/h2766.png,512,512,OK
TBX11K,h2000.png,data/raw/TBX11K/imgs/health/h2000.png,512,512,OK
TBX11K,h0617.png,data/raw/TBX11K/imgs/health/h0617.png,512,512,OK
TBX11K,h1509.png,data/raw/TBX11K/imgs/health/h1509.png,512,512,OK
TBX11K,h0603.png,data/raw/TBX11K/imgs/health/h0603.png,512,512,OK
TBX11K,h2014.png,data/raw/TBX11K/imgs/health/h2014.png,512,512,OK
TBX11K,h2772.png,data/raw/TBX11K/imgs/health/h2772.png,512,512,OK
TBX11K,h0165.png,data/raw/TBX11K/imgs/health/h0165.png,512,512,OK
TBX11K,h1290.png,data/raw/TBX11K/imgs/health/h1290.png,512,512,OK
TBX11K,h2799.png,data/raw/TBX11K/imgs/health/h2799.png,512,512,OK
TBX11K,h3487.png,data/raw/TBX11K/imgs/health/h3487.png,512,512,OK
TBX11K,h3493.png,data/raw/TBX11K/imgs/health/h3493.png,512,512,OK
TBX11K,h1284.png,data/raw/TBX11K/imgs/health/h1284.png,512,512,OK
TBX11K,h0818.png,data/raw/TBX11K/imgs/health/h0818.png,512,512,OK
TBX11K,h3120.png,data/raw/TBX11K/imgs/health/h3120.png,512,512,OK
TBX11K,h0429.png,data/raw/TBX11K/imgs/health/h0429.png,512,512,OK
TBX11K,h1051.png,data/raw/TBX11K/imgs/health/h1051.png,512,512,OK
TBX11K,h3652.png,data/raw/TBX11K/imgs/health/h3652.png,512,512,OK
TBX11K,h1045.png,data/raw/TBX11K/imgs/health/h1045.png,512,512,OK
TBX11K,h1723.png,data/raw/TBX11K/imgs/health/h1723.png,512,512,OK
TBX11K,h3134.png,data/raw/TBX11K/imgs/health/h3134.png,512,512,OK
TBX11K,h4883.png,data/raw/TBX11K/imgs/health/h4883.png,512,512,OK
TBX11K,h0415.png,data/raw/TBX11K/imgs/health/h0415.png,512,512,OK
TBX11K,h4673.png,data/raw/TBX11K/imgs/health/h4673.png,512,512,OK
TBX11K,h2202.png,data/raw/TBX11K/imgs/health/h2202.png,512,512,OK
TBX11K,h4115.png,data/raw/TBX11K/imgs/health/h4115.png,512,512,OK
TBX11K,h1079.png,data/raw/TBX11K/imgs/health/h1079.png,512,512,OK
TBX11K,h2570.png,data/raw/TBX11K/imgs/health/h2570.png,512,512,OK
TBX11K,h4667.png,data/raw/TBX11K/imgs/health/h4667.png,512,512,OK
TBX11K,h3108.png,data/raw/TBX11K/imgs/health/h3108.png,512,512,OK
TBX11K,h2216.png,data/raw/TBX11K/imgs/health/h2216.png,512,512,OK
TBX11K,h0401.png,data/raw/TBX11K/imgs/health/h0401.png,512,512,OK
TBX11K,h1092.png,data/raw/TBX11K/imgs/health/h1092.png,512,512,OK
TBX11K,h3691.png,data/raw/TBX11K/imgs/health/h3691.png,512,512,OK
TBX11K,h3849.png,data/raw/TBX11K/imgs/health/h3849.png,512,512,OK
TBX11K,h4840.png,data/raw/TBX11K/imgs/health/h4840.png,512,512,OK
TBX11K,h4698.png,data/raw/TBX11K/imgs/health/h4698.png,512,512,OK
TBX11K,h1938.png,data/raw/TBX11K/imgs/health/h1938.png,512,512,OK
TBX11K,h4868.png,data/raw/TBX11K/imgs/health/h4868.png,512,512,OK
TBX11K,h1910.png,data/raw/TBX11K/imgs/health/h1910.png,512,512,OK
TBX11K,h3861.png,data/raw/TBX11K/imgs/health/h3861.png,512,512,OK
TBX11K,h3875.png,data/raw/TBX11K/imgs/health/h3875.png,512,512,OK
TBX11K,h3874.png,data/raw/TBX11K/imgs/health/h3874.png,512,512,OK
TBX11K,h4869.png,data/raw/TBX11K/imgs/health/h4869.png,512,512,OK
TBX11K,h3860.png,data/raw/TBX11K/imgs/health/h3860.png,512,512,OK
TBX11K,h3848.png,data/raw/TBX11K/imgs/health/h3848.png,512,512,OK
TBX11K,h3690.png,data/raw/TBX11K/imgs/health/h3690.png,512,512,OK
TBX11K,h0399.png,data/raw/TBX11K/imgs/health/h0399.png,512,512,OK
TBX11K,h1087.png,data/raw/TBX11K/imgs/health/h1087.png,512,512,OK
TBX11K,h4699.png,data/raw/TBX11K/imgs/health/h4699.png,512,512,OK
TBX11K,h4841.png,data/raw/TBX11K/imgs/health/h4841.png,512,512,OK
TBX11K,h4855.png,data/raw/TBX11K/imgs/health/h4855.png,512,512,OK
TBX11K,h3684.png,data/raw/TBX11K/imgs/health/h3684.png,512,512,OK
TBX11K,h4100.png,data/raw/TBX11K/imgs/health/h4100.png,512,512,OK
TBX11K,h1078.png,data/raw/TBX11K/imgs/health/h1078.png,512,512,OK
TBX11K,h0366.png,data/raw/TBX11K/imgs/health/h0366.png,512,512,OK
TBX11K,h2217.png,data/raw/TBX11K/imgs/health/h2217.png,512,512,OK
TBX11K,h3109.png,data/raw/TBX11K/imgs/health/h3109.png,512,512,OK
TBX11K,h4666.png,data/raw/TBX11K/imgs/health/h4666.png,512,512,OK
TBX11K,h2203.png,data/raw/TBX11K/imgs/health/h2203.png,512,512,OK
TBX11K,h4672.png,data/raw/TBX11K/imgs/health/h4672.png,512,512,OK
TBX11K,h0414.png,data/raw/TBX11K/imgs/health/h0414.png,512,512,OK
TBX11K,h0372.png,data/raw/TBX11K/imgs/health/h0372.png,512,512,OK
TBX11K,h4114.png,data/raw/TBX11K/imgs/health/h4114.png,512,512,OK
TBX11K,h2565.png,data/raw/TBX11K/imgs/health/h2565.png,512,512,OK
TBX11K,h1044.png,data/raw/TBX11K/imgs/health/h1044.png,512,512,OK
TBX11K,h3653.png,data/raw/TBX11K/imgs/health/h3653.png,512,512,OK
TBX11K,h3135.png,data/raw/TBX11K/imgs/health/h3135.png,512,512,OK
TBX11K,h1722.png,data/raw/TBX11K/imgs/health/h1722.png,512,512,OK
TBX11K,h0428.png,data/raw/TBX11K/imgs/health/h0428.png,512,512,OK
TBX11K,h1736.png,data/raw/TBX11K/imgs/health/h1736.png,512,512,OK
TBX11K,h4896.png,data/raw/TBX11K/imgs/health/h4896.png,512,512,OK
TBX11K,h1050.png,data/raw/TBX11K/imgs/health/h1050.png,512,512,OK
TBX11K,h0819.png,data/raw/TBX11K/imgs/health/h0819.png,512,512,OK
TBX11K,h2968.png,data/raw/TBX11K/imgs/health/h2968.png,512,512,OK
TBX11K,h0825.png,data/raw/TBX11K/imgs/health/h0825.png,512,512,OK
TBX11K,h1285.png,data/raw/TBX11K/imgs/health/h1285.png,512,512,OK
TBX11K,h3492.png,data/raw/TBX11K/imgs/health/h3492.png,512,512,OK
TBX11K,h2954.png,data/raw/TBX11K/imgs/health/h2954.png,512,512,OK
TBX11K,h3486.png,data/raw/TBX11K/imgs/health/h3486.png,512,512,OK
TBX11K,h2940.png,data/raw/TBX11K/imgs/health/h2940.png,512,512,OK
TBX11K,h1291.png,data/raw/TBX11K/imgs/health/h1291.png,512,512,OK
TBX11K,h0831.png,data/raw/TBX11K/imgs/health/h0831.png,512,512,OK
TBX11K,h2015.png,data/raw/TBX11K/imgs/health/h2015.png,512,512,OK
TBX11K,h0164.png,data/raw/TBX11K/imgs/health/h0164.png,512,512,OK
TBX11K,h2773.png,data/raw/TBX11K/imgs/health/h2773.png,512,512,OK
TBX11K,h4302.png,data/raw/TBX11K/imgs/health/h4302.png,512,512,OK
TBX11K,h2767.png,data/raw/TBX11K/imgs/health/h2767.png,512,512,OK
TBX11K,h3479.png,data/raw/TBX11K/imgs/health/h3479.png,512,512,OK
TBX11K,h4316.png,data/raw/TBX11K/imgs/health/h4316.png,512,512,OK
TBX11K,h0170.png,data/raw/TBX11K/imgs/health/h0170.png,512,512,OK
TBX11K,h1508.png,data/raw/TBX11K/imgs/health/h1508.png,512,512,OK
TBX11K,h0616.png,data/raw/TBX11K/imgs/health/h0616.png,512,512,OK
TBX11K,h4470.png,data/raw/TBX11K/imgs/health/h4470.png,512,512,OK
TBX11K,h1520.png,data/raw/TBX11K/imgs/health/h1520.png,512,512,OK
TBX11K,h4458.png,data/raw/TBX11K/imgs/health/h4458.png,512,512,OK
TBX11K,h2029.png,data/raw/TBX11K/imgs/health/h2029.png,512,512,OK
TBX11K,h3451.png,data/raw/TBX11K/imgs/health/h3451.png,512,512,OK
TBX11K,h2997.png,data/raw/TBX11K/imgs/health/h2997.png,512,512,OK
TBX11K,h0158.png,data/raw/TBX11K/imgs/health/h0158.png,512,512,OK
TBX11K,h1246.png,data/raw/TBX11K/imgs/health/h1246.png,512,512,OK
TBX11K,h1252.png,data/raw/TBX11K/imgs/health/h1252.png,512,512,OK
TBX11K,h3445.png,data/raw/TBX11K/imgs/health/h3445.png,512,512,OK
TBX11K,h1534.png,data/raw/TBX11K/imgs/health/h1534.png,512,512,OK
TBX11K,h2808.png,data/raw/TBX11K/imgs/health/h2808.png,512,512,OK
TBX11K,h0979.png,data/raw/TBX11K/imgs/health/h0979.png,512,512,OK
TBX11K,h3280.png,data/raw/TBX11K/imgs/health/h3280.png,512,512,OK
TBX11K,h1497.png,data/raw/TBX11K/imgs/health/h1497.png,512,512,OK
TBX11K,h0951.png,data/raw/TBX11K/imgs/health/h0951.png,512,512,OK
TBX11K,h4289.png,data/raw/TBX11K/imgs/health/h4289.png,512,512,OK
TBX11K,h2834.png,data/raw/TBX11K/imgs/health/h2834.png,512,512,OK
TBX11K,h1483.png,data/raw/TBX11K/imgs/health/h1483.png,512,512,OK
TBX11K,h0945.png,data/raw/TBX11K/imgs/health/h0945.png,512,512,OK
TBX11K,h3294.png,data/raw/TBX11K/imgs/health/h3294.png,512,512,OK
TBX11K,h2161.png,data/raw/TBX11K/imgs/health/h2161.png,512,512,OK
TBX11K,h4510.png,data/raw/TBX11K/imgs/health/h4510.png,512,512,OK
TBX11K,h0776.png,data/raw/TBX11K/imgs/health/h0776.png,512,512,OK
TBX11K,h1468.png,data/raw/TBX11K/imgs/health/h1468.png,512,512,OK
TBX11K,h0010.png,data/raw/TBX11K/imgs/health/h0010.png,512,512,OK
TBX11K,h4276.png,data/raw/TBX11K/imgs/health/h4276.png,512,512,OK
TBX11K,h3519.png,data/raw/TBX11K/imgs/health/h3519.png,512,512,OK
TBX11K,h4262.png,data/raw/TBX11K/imgs/health/h4262.png,512,512,OK
TBX11K,h0004.png,data/raw/TBX11K/imgs/health/h0004.png,512,512,OK
TBX11K,h0762.png,data/raw/TBX11K/imgs/health/h0762.png,512,512,OK
TBX11K,h2175.png,data/raw/TBX11K/imgs/health/h2175.png,512,512,OK
TBX11K,h4504.png,data/raw/TBX11K/imgs/health/h4504.png,512,512,OK
TBX11K,h1454.png,data/raw/TBX11K/imgs/health/h1454.png,512,512,OK
TBX11K,h0992.png,data/raw/TBX11K/imgs/health/h0992.png,512,512,OK
TBX11K,h3525.png,data/raw/TBX11K/imgs/health/h3525.png,512,512,OK
TBX11K,h1332.png,data/raw/TBX11K/imgs/health/h1332.png,512,512,OK
TBX11K,h1326.png,data/raw/TBX11K/imgs/health/h1326.png,512,512,OK
TBX11K,h0038.png,data/raw/TBX11K/imgs/health/h0038.png,512,512,OK
TBX11K,h3531.png,data/raw/TBX11K/imgs/health/h3531.png,512,512,OK
TBX11K,h3257.png,data/raw/TBX11K/imgs/health/h3257.png,512,512,OK
TBX11K,h4538.png,data/raw/TBX11K/imgs/health/h4538.png,512,512,OK
TBX11K,h0986.png,data/raw/TBX11K/imgs/health/h0986.png,512,512,OK
TBX11K,h3900.png,data/raw/TBX11K/imgs/health/h3900.png,512,512,OK
TBX11K,h4909.png,data/raw/TBX11K/imgs/health/h4909.png,512,512,OK
TBX11K,h1871.png,data/raw/TBX11K/imgs/health/h1871.png,512,512,OK
TBX11K,h1695.png,data/raw/TBX11K/imgs/health/h1695.png,512,512,OK
TBX11K,h4935.png,data/raw/TBX11K/imgs/health/h4935.png,512,512,OK
TBX11K,h3082.png,data/raw/TBX11K/imgs/health/h3082.png,512,512,OK
TBX11K,h4921.png,data/raw/TBX11K/imgs/health/h4921.png,512,512,OK
TBX11K,h2388.png,data/raw/TBX11K/imgs/health/h2388.png,512,512,OK
TBX11K,h3096.png,data/raw/TBX11K/imgs/health/h3096.png,512,512,OK
TBX11K,h1859.png,data/raw/TBX11K/imgs/health/h1859.png,512,512,OK
TBX11K,h1681.png,data/raw/TBX11K/imgs/health/h1681.png,512,512,OK
TBX11K,h3928.png,data/raw/TBX11K/imgs/health/h3928.png,512,512,OK
TBX11K,h2405.png,data/raw/TBX11K/imgs/health/h2405.png,512,512,OK
TBX11K,h4074.png,data/raw/TBX11K/imgs/health/h4074.png,512,512,OK
TBX11K,h0212.png,data/raw/TBX11K/imgs/health/h0212.png,512,512,OK
TBX11K,h4712.png,data/raw/TBX11K/imgs/health/h4712.png,512,512,OK
TBX11K,h2363.png,data/raw/TBX11K/imgs/health/h2363.png,512,512,OK
TBX11K,h3069.png,data/raw/TBX11K/imgs/health/h3069.png,512,512,OK
TBX11K,h2377.png,data/raw/TBX11K/imgs/health/h2377.png,512,512,OK
TBX11K,h1118.png,data/raw/TBX11K/imgs/health/h1118.png,512,512,OK
TBX11K,h2411.png,data/raw/TBX11K/imgs/health/h2411.png,512,512,OK
TBX11K,h1130.png,data/raw/TBX11K/imgs/health/h1130.png,512,512,OK
TBX11K,h2439.png,data/raw/TBX11K/imgs/health/h2439.png,512,512,OK
TBX11K,h3727.png,data/raw/TBX11K/imgs/health/h3727.png,512,512,OK
TBX11K,h4048.png,data/raw/TBX11K/imgs/health/h4048.png,512,512,OK
TBX11K,h1656.png,data/raw/TBX11K/imgs/health/h1656.png,512,512,OK
TBX11K,h0548.png,data/raw/TBX11K/imgs/health/h0548.png,512,512,OK
TBX11K,h1642.png,data/raw/TBX11K/imgs/health/h1642.png,512,512,OK
TBX11K,h3055.png,data/raw/TBX11K/imgs/health/h3055.png,512,512,OK
TBX11K,h1654.png,data/raw/TBX11K/imgs/health/h1654.png,512,512,OK
TBX11K,h3725.png,data/raw/TBX11K/imgs/health/h3725.png,512,512,OK
TBX11K,h1132.png,data/raw/TBX11K/imgs/health/h1132.png,512,512,OK
TBX11K,h0238.png,data/raw/TBX11K/imgs/health/h0238.png,512,512,OK
TBX11K,h2349.png,data/raw/TBX11K/imgs/health/h2349.png,512,512,OK
TBX11K,h3057.png,data/raw/TBX11K/imgs/health/h3057.png,512,512,OK
TBX11K,h4738.png,data/raw/TBX11K/imgs/health/h4738.png,512,512,OK
TBX11K,h1898.png,data/raw/TBX11K/imgs/health/h1898.png,512,512,OK
TBX11K,h2361.png,data/raw/TBX11K/imgs/health/h2361.png,512,512,OK
TBX11K,h0576.png,data/raw/TBX11K/imgs/health/h0576.png,512,512,OK
TBX11K,h1668.png,data/raw/TBX11K/imgs/health/h1668.png,512,512,OK
TBX11K,h0210.png,data/raw/TBX11K/imgs/health/h0210.png,512,512,OK
TBX11K,h4076.png,data/raw/TBX11K/imgs/health/h4076.png,512,512,OK
TBX11K,h3719.png,data/raw/TBX11K/imgs/health/h3719.png,512,512,OK
TBX11K,h2407.png,data/raw/TBX11K/imgs/health/h2407.png,512,512,OK
TBX11K,h4062.png,data/raw/TBX11K/imgs/health/h4062.png,512,512,OK
TBX11K,h2413.png,data/raw/TBX11K/imgs/health/h2413.png,512,512,OK
TBX11K,h0204.png,data/raw/TBX11K/imgs/health/h0204.png,512,512,OK
TBX11K,h4704.png,data/raw/TBX11K/imgs/health/h4704.png,512,512,OK
TBX11K,h3080.png,data/raw/TBX11K/imgs/health/h3080.png,512,512,OK
TBX11K,h4937.png,data/raw/TBX11K/imgs/health/h4937.png,512,512,OK
TBX11K,h1697.png,data/raw/TBX11K/imgs/health/h1697.png,512,512,OK
TBX11K,h0589.png,data/raw/TBX11K/imgs/health/h0589.png,512,512,OK
TBX11K,h4089.png,data/raw/TBX11K/imgs/health/h4089.png,512,512,OK
TBX11K,h1683.png,data/raw/TBX11K/imgs/health/h1683.png,512,512,OK
TBX11K,h3902.png,data/raw/TBX11K/imgs/health/h3902.png,512,512,OK
TBX11K,h3916.png,data/raw/TBX11K/imgs/health/h3916.png,512,512,OK
TBX11K,h2639.png,data/raw/TBX11K/imgs/health/h2639.png,512,512,OK
TBX11K,h3527.png,data/raw/TBX11K/imgs/health/h3527.png,512,512,OK
TBX11K,h0990.png,data/raw/TBX11K/imgs/health/h0990.png,512,512,OK
TBX11K,h1456.png,data/raw/TBX11K/imgs/health/h1456.png,512,512,OK
TBX11K,h0748.png,data/raw/TBX11K/imgs/health/h0748.png,512,512,OK
TBX11K,h0984.png,data/raw/TBX11K/imgs/health/h0984.png,512,512,OK
TBX11K,h1442.png,data/raw/TBX11K/imgs/health/h1442.png,512,512,OK
TBX11K,h3255.png,data/raw/TBX11K/imgs/health/h3255.png,512,512,OK
TBX11K,h3533.png,data/raw/TBX11K/imgs/health/h3533.png,512,512,OK
TBX11K,h1324.png,data/raw/TBX11K/imgs/health/h1324.png,512,512,OK
TBX11K,h2605.png,data/raw/TBX11K/imgs/health/h2605.png,512,512,OK
TBX11K,h0012.png,data/raw/TBX11K/imgs/health/h0012.png,512,512,OK
TBX11K,h2163.png,data/raw/TBX11K/imgs/health/h2163.png,512,512,OK
TBX11K,h4506.png,data/raw/TBX11K/imgs/health/h4506.png,512,512,OK
TBX11K,h3269.png,data/raw/TBX11K/imgs/health/h3269.png,512,512,OK
TBX11K,h2177.png,data/raw/TBX11K/imgs/health/h2177.png,512,512,OK
TBX11K,h0760.png,data/raw/TBX11K/imgs/health/h0760.png,512,512,OK
TBX11K,h0006.png,data/raw/TBX11K/imgs/health/h0006.png,512,512,OK
TBX11K,h2611.png,data/raw/TBX11K/imgs/health/h2611.png,512,512,OK
TBX11K,h4260.png,data/raw/TBX11K/imgs/health/h4260.png,512,512,OK
TBX11K,h0953.png,data/raw/TBX11K/imgs/health/h0953.png,512,512,OK
TBX11K,h3282.png,data/raw/TBX11K/imgs/health/h3282.png,512,512,OK
TBX11K,h2188.png,data/raw/TBX11K/imgs/health/h2188.png,512,512,OK
TBX11K,h3296.png,data/raw/TBX11K/imgs/health/h3296.png,512,512,OK
TBX11K,h0947.png,data/raw/TBX11K/imgs/health/h0947.png,512,512,OK
TBX11K,h1481.png,data/raw/TBX11K/imgs/health/h1481.png,512,512,OK
TBX11K,h2836.png,data/raw/TBX11K/imgs/health/h2836.png,512,512,OK
TBX11K,h1244.png,data/raw/TBX11K/imgs/health/h1244.png,512,512,OK
TBX11K,h2995.png,data/raw/TBX11K/imgs/health/h2995.png,512,512,OK
TBX11K,h3453.png,data/raw/TBX11K/imgs/health/h3453.png,512,512,OK
TBX11K,h3335.png,data/raw/TBX11K/imgs/health/h3335.png,512,512,OK
TBX11K,h1522.png,data/raw/TBX11K/imgs/health/h1522.png,512,512,OK
TBX11K,h1536.png,data/raw/TBX11K/imgs/health/h1536.png,512,512,OK
TBX11K,h2981.png,data/raw/TBX11K/imgs/health/h2981.png,512,512,OK
TBX11K,h4328.png,data/raw/TBX11K/imgs/health/h4328.png,512,512,OK
TBX11K,h1250.png,data/raw/TBX11K/imgs/health/h1250.png,512,512,OK
TBX11K,h4300.png,data/raw/TBX11K/imgs/health/h4300.png,512,512,OK
TBX11K,h2771.png,data/raw/TBX11K/imgs/health/h2771.png,512,512,OK
TBX11K,h0166.png,data/raw/TBX11K/imgs/health/h0166.png,512,512,OK
TBX11K,h0600.png,data/raw/TBX11K/imgs/health/h0600.png,512,512,OK
TBX11K,h3309.png,data/raw/TBX11K/imgs/health/h3309.png,512,512,OK
TBX11K,h4466.png,data/raw/TBX11K/imgs/health/h4466.png,512,512,OK
TBX11K,h2003.png,data/raw/TBX11K/imgs/health/h2003.png,512,512,OK
TBX11K,h0614.png,data/raw/TBX11K/imgs/health/h0614.png,512,512,OK
TBX11K,h0172.png,data/raw/TBX11K/imgs/health/h0172.png,512,512,OK
TBX11K,h4314.png,data/raw/TBX11K/imgs/health/h4314.png,512,512,OK
TBX11K,h2765.png,data/raw/TBX11K/imgs/health/h2765.png,512,512,OK
TBX11K,h3490.png,data/raw/TBX11K/imgs/health/h3490.png,512,512,OK
TBX11K,h0199.png,data/raw/TBX11K/imgs/health/h0199.png,512,512,OK
TBX11K,h0827.png,data/raw/TBX11K/imgs/health/h0827.png,512,512,OK
TBX11K,h4499.png,data/raw/TBX11K/imgs/health/h4499.png,512,512,OK
TBX11K,h1293.png,data/raw/TBX11K/imgs/health/h1293.png,512,512,OK
TBX11K,h2942.png,data/raw/TBX11K/imgs/health/h2942.png,512,512,OK
TBX11K,h3484.png,data/raw/TBX11K/imgs/health/h3484.png,512,512,OK
TBX11K,h1720.png,data/raw/TBX11K/imgs/health/h1720.png,512,512,OK
TBX11K,h4658.png,data/raw/TBX11K/imgs/health/h4658.png,512,512,OK
TBX11K,h3137.png,data/raw/TBX11K/imgs/health/h3137.png,512,512,OK
TBX11K,h4880.png,data/raw/TBX11K/imgs/health/h4880.png,512,512,OK
TBX11K,h2229.png,data/raw/TBX11K/imgs/health/h2229.png,512,512,OK
TBX11K,h3651.png,data/raw/TBX11K/imgs/health/h3651.png,512,512,OK
TBX11K,h0358.png,data/raw/TBX11K/imgs/health/h0358.png,512,512,OK
TBX11K,h1046.png,data/raw/TBX11K/imgs/health/h1046.png,512,512,OK
TBX11K,h1052.png,data/raw/TBX11K/imgs/health/h1052.png,512,512,OK
TBX11K,h3645.png,data/raw/TBX11K/imgs/health/h3645.png,512,512,OK
TBX11K,h3123.png,data/raw/TBX11K/imgs/health/h3123.png,512,512,OK
TBX11K,h4894.png,data/raw/TBX11K/imgs/health/h4894.png,512,512,OK
TBX11K,h1734.png,data/raw/TBX11K/imgs/health/h1734.png,512,512,OK
TBX11K,h4664.png,data/raw/TBX11K/imgs/health/h4664.png,512,512,OK
TBX11K,h2215.png,data/raw/TBX11K/imgs/health/h2215.png,512,512,OK
TBX11K,h0402.png,data/raw/TBX11K/imgs/health/h0402.png,512,512,OK
TBX11K,h0364.png,data/raw/TBX11K/imgs/health/h0364.png,512,512,OK
TBX11K,h2573.png,data/raw/TBX11K/imgs/health/h2573.png,512,512,OK
TBX11K,h4102.png,data/raw/TBX11K/imgs/health/h4102.png,512,512,OK
TBX11K,h2567.png,data/raw/TBX11K/imgs/health/h2567.png,512,512,OK
TBX11K,h4116.png,data/raw/TBX11K/imgs/health/h4116.png,512,512,OK
TBX11K,h0370.png,data/raw/TBX11K/imgs/health/h0370.png,512,512,OK
TBX11K,h1708.png,data/raw/TBX11K/imgs/health/h1708.png,512,512,OK
TBX11K,h0416.png,data/raw/TBX11K/imgs/health/h0416.png,512,512,OK
TBX11K,h4670.png,data/raw/TBX11K/imgs/health/h4670.png,512,512,OK
TBX11K,h2201.png,data/raw/TBX11K/imgs/health/h2201.png,512,512,OK
TBX11K,h4843.png,data/raw/TBX11K/imgs/health/h4843.png,512,512,OK
TBX11K,h3692.png,data/raw/TBX11K/imgs/health/h3692.png,512,512,OK
TBX11K,h3686.png,data/raw/TBX11K/imgs/health/h3686.png,512,512,OK
TBX11K,h2598.png,data/raw/TBX11K/imgs/health/h2598.png,512,512,OK
TBX11K,h1091.png,data/raw/TBX11K/imgs/health/h1091.png,512,512,OK
TBX11K,h4857.png,data/raw/TBX11K/imgs/health/h4857.png,512,512,OK
TBX11K,h1907.png,data/raw/TBX11K/imgs/health/h1907.png,512,512,OK
TBX11K,h3876.png,data/raw/TBX11K/imgs/health/h3876.png,512,512,OK
TBX11K,h3862.png,data/raw/TBX11K/imgs/health/h3862.png,512,512,OK
TBX11K,h1913.png,data/raw/TBX11K/imgs/health/h1913.png,512,512,OK
TBX11K,h3863.png,data/raw/TBX11K/imgs/health/h3863.png,512,512,OK
TBX11K,h1912.png,data/raw/TBX11K/imgs/health/h1912.png,512,512,OK
TBX11K,h1906.png,data/raw/TBX11K/imgs/health/h1906.png,512,512,OK
TBX11K,h3877.png,data/raw/TBX11K/imgs/health/h3877.png,512,512,OK
TBX11K,h1090.png,data/raw/TBX11K/imgs/health/h1090.png,512,512,OK
TBX11K,h2599.png,data/raw/TBX11K/imgs/health/h2599.png,512,512,OK
TBX11K,h4856.png,data/raw/TBX11K/imgs/health/h4856.png,512,512,OK
TBX11K,h4842.png,data/raw/TBX11K/imgs/health/h4842.png,512,512,OK
TBX11K,h3693.png,data/raw/TBX11K/imgs/health/h3693.png,512,512,OK
TBX11K,h1084.png,data/raw/TBX11K/imgs/health/h1084.png,512,512,OK
TBX11K,h0371.png,data/raw/TBX11K/imgs/health/h0371.png,512,512,OK
TBX11K,h4117.png,data/raw/TBX11K/imgs/health/h4117.png,512,512,OK
TBX11K,h3678.png,data/raw/TBX11K/imgs/health/h3678.png,512,512,OK
TBX11K,h2566.png,data/raw/TBX11K/imgs/health/h2566.png,512,512,OK
TBX11K,h2200.png,data/raw/TBX11K/imgs/health/h2200.png,512,512,OK
TBX11K,h4671.png,data/raw/TBX11K/imgs/health/h4671.png,512,512,OK
TBX11K,h0417.png,data/raw/TBX11K/imgs/health/h0417.png,512,512,OK
TBX11K,h1709.png,data/raw/TBX11K/imgs/health/h1709.png,512,512,OK
TBX11K,h2214.png,data/raw/TBX11K/imgs/health/h2214.png,512,512,OK
TBX11K,h4665.png,data/raw/TBX11K/imgs/health/h4665.png,512,512,OK
TBX11K,h2572.png,data/raw/TBX11K/imgs/health/h2572.png,512,512,OK
TBX11K,h3644.png,data/raw/TBX11K/imgs/health/h3644.png,512,512,OK
TBX11K,h1053.png,data/raw/TBX11K/imgs/health/h1053.png,512,512,OK
TBX11K,h4895.png,data/raw/TBX11K/imgs/health/h4895.png,512,512,OK
TBX11K,h2228.png,data/raw/TBX11K/imgs/health/h2228.png,512,512,OK
TBX11K,h4881.png,data/raw/TBX11K/imgs/health/h4881.png,512,512,OK
TBX11K,h4659.png,data/raw/TBX11K/imgs/health/h4659.png,512,512,OK
TBX11K,h1047.png,data/raw/TBX11K/imgs/health/h1047.png,512,512,OK
TBX11K,h0359.png,data/raw/TBX11K/imgs/health/h0359.png,512,512,OK
TBX11K,h3650.png,data/raw/TBX11K/imgs/health/h3650.png,512,512,OK
TBX11K,h3888.png,data/raw/TBX11K/imgs/health/h3888.png,512,512,OK
TBX11K,h0832.png,data/raw/TBX11K/imgs/health/h0832.png,512,512,OK
TBX11K,h2943.png,data/raw/TBX11K/imgs/health/h2943.png,512,512,OK
TBX11K,h1286.png,data/raw/TBX11K/imgs/health/h1286.png,512,512,OK
TBX11K,h0198.png,data/raw/TBX11K/imgs/health/h0198.png,512,512,OK
TBX11K,h3491.png,data/raw/TBX11K/imgs/health/h3491.png,512,512,OK
TBX11K,h2957.png,data/raw/TBX11K/imgs/health/h2957.png,512,512,OK
TBX11K,h4498.png,data/raw/TBX11K/imgs/health/h4498.png,512,512,OK
TBX11K,h0615.png,data/raw/TBX11K/imgs/health/h0615.png,512,512,OK
TBX11K,h4473.png,data/raw/TBX11K/imgs/health/h4473.png,512,512,OK
TBX11K,h2764.png,data/raw/TBX11K/imgs/health/h2764.png,512,512,OK
TBX11K,h0167.png,data/raw/TBX11K/imgs/health/h0167.png,512,512,OK
TBX11K,h1279.png,data/raw/TBX11K/imgs/health/h1279.png,512,512,OK
TBX11K,h4467.png,data/raw/TBX11K/imgs/health/h4467.png,512,512,OK
TBX11K,h3308.png,data/raw/TBX11K/imgs/health/h3308.png,512,512,OK
TBX11K,h3320.png,data/raw/TBX11K/imgs/health/h3320.png,512,512,OK
TBX11K,h1537.png,data/raw/TBX11K/imgs/health/h1537.png,512,512,OK
TBX11K,h0629.png,data/raw/TBX11K/imgs/health/h0629.png,512,512,OK
TBX11K,h1251.png,data/raw/TBX11K/imgs/health/h1251.png,512,512,OK
TBX11K,h2758.png,data/raw/TBX11K/imgs/health/h2758.png,512,512,OK
TBX11K,h3446.png,data/raw/TBX11K/imgs/health/h3446.png,512,512,OK
TBX11K,h4329.png,data/raw/TBX11K/imgs/health/h4329.png,512,512,OK
TBX11K,h2980.png,data/raw/TBX11K/imgs/health/h2980.png,512,512,OK
TBX11K,h2994.png,data/raw/TBX11K/imgs/health/h2994.png,512,512,OK
TBX11K,h1245.png,data/raw/TBX11K/imgs/health/h1245.png,512,512,OK
TBX11K,h1523.png,data/raw/TBX11K/imgs/health/h1523.png,512,512,OK
TBX11K,h1480.png,data/raw/TBX11K/imgs/health/h1480.png,512,512,OK
TBX11K,h0946.png,data/raw/TBX11K/imgs/health/h0946.png,512,512,OK
TBX11K,h3297.png,data/raw/TBX11K/imgs/health/h3297.png,512,512,OK
TBX11K,h2837.png,data/raw/TBX11K/imgs/health/h2837.png,512,512,OK
TBX11K,h2823.png,data/raw/TBX11K/imgs/health/h2823.png,512,512,OK
TBX11K,h1494.png,data/raw/TBX11K/imgs/health/h1494.png,512,512,OK
TBX11K,h0952.png,data/raw/TBX11K/imgs/health/h0952.png,512,512,OK
TBX11K,h2176.png,data/raw/TBX11K/imgs/health/h2176.png,512,512,OK
TBX11K,h3268.png,data/raw/TBX11K/imgs/health/h3268.png,512,512,OK
TBX11K,h4507.png,data/raw/TBX11K/imgs/health/h4507.png,512,512,OK
TBX11K,h4261.png,data/raw/TBX11K/imgs/health/h4261.png,512,512,OK
TBX11K,h2610.png,data/raw/TBX11K/imgs/health/h2610.png,512,512,OK
TBX11K,h1319.png,data/raw/TBX11K/imgs/health/h1319.png,512,512,OK
TBX11K,h0013.png,data/raw/TBX11K/imgs/health/h0013.png,512,512,OK
TBX11K,h4275.png,data/raw/TBX11K/imgs/health/h4275.png,512,512,OK
TBX11K,h2604.png,data/raw/TBX11K/imgs/health/h2604.png,512,512,OK
TBX11K,h2162.png,data/raw/TBX11K/imgs/health/h2162.png,512,512,OK
TBX11K,h0775.png,data/raw/TBX11K/imgs/health/h0775.png,512,512,OK
TBX11K,h3254.png,data/raw/TBX11K/imgs/health/h3254.png,512,512,OK
TBX11K,h1443.png,data/raw/TBX11K/imgs/health/h1443.png,512,512,OK
TBX11K,h0985.png,data/raw/TBX11K/imgs/health/h0985.png,512,512,OK
TBX11K,h1325.png,data/raw/TBX11K/imgs/health/h1325.png,512,512,OK
TBX11K,h2638.png,data/raw/TBX11K/imgs/health/h2638.png,512,512,OK
TBX11K,h1331.png,data/raw/TBX11K/imgs/health/h1331.png,512,512,OK
TBX11K,h0749.png,data/raw/TBX11K/imgs/health/h0749.png,512,512,OK
TBX11K,h1457.png,data/raw/TBX11K/imgs/health/h1457.png,512,512,OK
TBX11K,h0991.png,data/raw/TBX11K/imgs/health/h0991.png,512,512,OK
TBX11K,h3917.png,data/raw/TBX11K/imgs/health/h3917.png,512,512,OK
TBX11K,h1866.png,data/raw/TBX11K/imgs/health/h1866.png,512,512,OK
TBX11K,h4922.png,data/raw/TBX11K/imgs/health/h4922.png,512,512,OK
TBX11K,h3095.png,data/raw/TBX11K/imgs/health/h3095.png,512,512,OK
TBX11K,h1682.png,data/raw/TBX11K/imgs/health/h1682.png,512,512,OK
TBX11K,h0588.png,data/raw/TBX11K/imgs/health/h0588.png,512,512,OK
TBX11K,h4936.png,data/raw/TBX11K/imgs/health/h4936.png,512,512,OK
TBX11K,h3081.png,data/raw/TBX11K/imgs/health/h3081.png,512,512,OK
TBX11K,h2412.png,data/raw/TBX11K/imgs/health/h2412.png,512,512,OK
TBX11K,h4063.png,data/raw/TBX11K/imgs/health/h4063.png,512,512,OK
TBX11K,h4705.png,data/raw/TBX11K/imgs/health/h4705.png,512,512,OK
TBX11K,h1669.png,data/raw/TBX11K/imgs/health/h1669.png,512,512,OK
TBX11K,h0577.png,data/raw/TBX11K/imgs/health/h0577.png,512,512,OK
TBX11K,h4711.png,data/raw/TBX11K/imgs/health/h4711.png,512,512,OK
TBX11K,h2360.png,data/raw/TBX11K/imgs/health/h2360.png,512,512,OK
TBX11K,h2406.png,data/raw/TBX11K/imgs/health/h2406.png,512,512,OK
TBX11K,h3718.png,data/raw/TBX11K/imgs/health/h3718.png,512,512,OK
TBX11K,h3730.png,data/raw/TBX11K/imgs/health/h3730.png,512,512,OK
TBX11K,h0239.png,data/raw/TBX11K/imgs/health/h0239.png,512,512,OK
TBX11K,h1641.png,data/raw/TBX11K/imgs/health/h1641.png,512,512,OK
TBX11K,h1899.png,data/raw/TBX11K/imgs/health/h1899.png,512,512,OK
TBX11K,h4739.png,data/raw/TBX11K/imgs/health/h4739.png,512,512,OK
TBX11K,h2348.png,data/raw/TBX11K/imgs/health/h2348.png,512,512,OK
TBX11K,h3042.png,data/raw/TBX11K/imgs/health/h3042.png,512,512,OK
TBX11K,h1133.png,data/raw/TBX11K/imgs/health/h1133.png,512,512,OK
TBX11K,h0510.png,data/raw/TBX11K/imgs/health/h0510.png,512,512,OK
TBX11K,h2307.png,data/raw/TBX11K/imgs/health/h2307.png,512,512,OK
TBX11K,h3019.png,data/raw/TBX11K/imgs/health/h3019.png,512,512,OK
TBX11K,h4010.png,data/raw/TBX11K/imgs/health/h4010.png,512,512,OK
TBX11K,h0276.png,data/raw/TBX11K/imgs/health/h0276.png,512,512,OK
TBX11K,h0262.png,data/raw/TBX11K/imgs/health/h0262.png,512,512,OK
TBX11K,h4004.png,data/raw/TBX11K/imgs/health/h4004.png,512,512,OK
TBX11K,h2475.png,data/raw/TBX11K/imgs/health/h2475.png,512,512,OK
TBX11K,h2313.png,data/raw/TBX11K/imgs/health/h2313.png,512,512,OK
TBX11K,h4762.png,data/raw/TBX11K/imgs/health/h4762.png,512,512,OK
TBX11K,h0504.png,data/raw/TBX11K/imgs/health/h0504.png,512,512,OK
TBX11K,h4992.png,data/raw/TBX11K/imgs/health/h4992.png,512,512,OK
TBX11K,h3025.png,data/raw/TBX11K/imgs/health/h3025.png,512,512,OK
TBX11K,h1632.png,data/raw/TBX11K/imgs/health/h1632.png,512,512,OK
TBX11K,h1154.png,data/raw/TBX11K/imgs/health/h1154.png,512,512,OK
TBX11K,h3743.png,data/raw/TBX11K/imgs/health/h3743.png,512,512,OK
TBX11K,h3757.png,data/raw/TBX11K/imgs/health/h3757.png,512,512,OK
TBX11K,h4038.png,data/raw/TBX11K/imgs/health/h4038.png,512,512,OK
TBX11K,h2449.png,data/raw/TBX11K/imgs/health/h2449.png,512,512,OK
TBX11K,h1140.png,data/raw/TBX11K/imgs/health/h1140.png,512,512,OK
TBX11K,h0538.png,data/raw/TBX11K/imgs/health/h0538.png,512,512,OK
TBX11K,h1626.png,data/raw/TBX11K/imgs/health/h1626.png,512,512,OK
TBX11K,h4986.png,data/raw/TBX11K/imgs/health/h4986.png,512,512,OK
TBX11K,h3031.png,data/raw/TBX11K/imgs/health/h3031.png,512,512,OK
TBX11K,h1815.png,data/raw/TBX11K/imgs/health/h1815.png,512,512,OK
TBX11K,h3964.png,data/raw/TBX11K/imgs/health/h3964.png,512,512,OK
TBX11K,h3970.png,data/raw/TBX11K/imgs/health/h3970.png,512,512,OK
TBX11K,h1801.png,data/raw/TBX11K/imgs/health/h1801.png,512,512,OK
TBX11K,h4979.png,data/raw/TBX11K/imgs/health/h4979.png,512,512,OK
TBX11K,h1829.png,data/raw/TBX11K/imgs/health/h1829.png,512,512,OK
TBX11K,h4789.png,data/raw/TBX11K/imgs/health/h4789.png,512,512,OK
TBX11K,h4951.png,data/raw/TBX11K/imgs/health/h4951.png,512,512,OK
TBX11K,h3958.png,data/raw/TBX11K/imgs/health/h3958.png,512,512,OK
TBX11K,h3780.png,data/raw/TBX11K/imgs/health/h3780.png,512,512,OK
TBX11K,h0289.png,data/raw/TBX11K/imgs/health/h0289.png,512,512,OK
TBX11K,h1183.png,data/raw/TBX11K/imgs/health/h1183.png,512,512,OK
TBX11K,h3794.png,data/raw/TBX11K/imgs/health/h3794.png,512,512,OK
TBX11K,h4945.png,data/raw/TBX11K/imgs/health/h4945.png,512,512,OK
TBX11K,h0074.png,data/raw/TBX11K/imgs/health/h0074.png,512,512,OK
TBX11K,h2663.png,data/raw/TBX11K/imgs/health/h2663.png,512,512,OK
TBX11K,h4212.png,data/raw/TBX11K/imgs/health/h4212.png,512,512,OK
TBX11K,h4574.png,data/raw/TBX11K/imgs/health/h4574.png,512,512,OK
TBX11K,h2105.png,data/raw/TBX11K/imgs/health/h2105.png,512,512,OK
TBX11K,h0712.png,data/raw/TBX11K/imgs/health/h0712.png,512,512,OK
TBX11K,h1418.png,data/raw/TBX11K/imgs/health/h1418.png,512,512,OK
TBX11K,h4206.png,data/raw/TBX11K/imgs/health/h4206.png,512,512,OK
TBX11K,h3569.png,data/raw/TBX11K/imgs/health/h3569.png,512,512,OK
TBX11K,h0060.png,data/raw/TBX11K/imgs/health/h0060.png,512,512,OK
TBX11K,h3541.png,data/raw/TBX11K/imgs/health/h3541.png,512,512,OK
TBX11K,h0048.png,data/raw/TBX11K/imgs/health/h0048.png,512,512,OK
TBX11K,h1356.png,data/raw/TBX11K/imgs/health/h1356.png,512,512,OK
TBX11K,h1430.png,data/raw/TBX11K/imgs/health/h1430.png,512,512,OK
TBX11K,h3227.png,data/raw/TBX11K/imgs/health/h3227.png,512,512,OK
TBX11K,h4548.png,data/raw/TBX11K/imgs/health/h4548.png,512,512,OK
TBX11K,h3233.png,data/raw/TBX11K/imgs/health/h3233.png,512,512,OK
TBX11K,h1424.png,data/raw/TBX11K/imgs/health/h1424.png,512,512,OK
TBX11K,h3555.png,data/raw/TBX11K/imgs/health/h3555.png,512,512,OK
TBX11K,h2878.png,data/raw/TBX11K/imgs/health/h2878.png,512,512,OK
TBX11K,h0909.png,data/raw/TBX11K/imgs/health/h0909.png,512,512,OK
TBX11K,h1395.png,data/raw/TBX11K/imgs/health/h1395.png,512,512,OK
TBX11K,h3582.png,data/raw/TBX11K/imgs/health/h3582.png,512,512,OK
TBX11K,h0935.png,data/raw/TBX11K/imgs/health/h0935.png,512,512,OK
TBX11K,h0921.png,data/raw/TBX11K/imgs/health/h0921.png,512,512,OK
TBX11K,h2850.png,data/raw/TBX11K/imgs/health/h2850.png,512,512,OK
TBX11K,h3596.png,data/raw/TBX11K/imgs/health/h3596.png,512,512,OK
TBX11K,h2688.png,data/raw/TBX11K/imgs/health/h2688.png,512,512,OK
TBX11K,h0100.png,data/raw/TBX11K/imgs/health/h0100.png,512,512,OK
TBX11K,h3409.png,data/raw/TBX11K/imgs/health/h3409.png,512,512,OK
TBX11K,h4366.png,data/raw/TBX11K/imgs/health/h4366.png,512,512,OK
TBX11K,h2071.png,data/raw/TBX11K/imgs/health/h2071.png,512,512,OK
TBX11K,h1578.png,data/raw/TBX11K/imgs/health/h1578.png,512,512,OK
TBX11K,h2065.png,data/raw/TBX11K/imgs/health/h2065.png,512,512,OK
TBX11K,h4414.png,data/raw/TBX11K/imgs/health/h4414.png,512,512,OK
TBX11K,h4372.png,data/raw/TBX11K/imgs/health/h4372.png,512,512,OK
TBX11K,h0114.png,data/raw/TBX11K/imgs/health/h0114.png,512,512,OK
TBX11K,h3435.png,data/raw/TBX11K/imgs/health/h3435.png,512,512,OK
TBX11K,h1222.png,data/raw/TBX11K/imgs/health/h1222.png,512,512,OK
TBX11K,h0882.png,data/raw/TBX11K/imgs/health/h0882.png,512,512,OK
TBX11K,h1544.png,data/raw/TBX11K/imgs/health/h1544.png,512,512,OK
TBX11K,h2059.png,data/raw/TBX11K/imgs/health/h2059.png,512,512,OK
TBX11K,h4428.png,data/raw/TBX11K/imgs/health/h4428.png,512,512,OK
TBX11K,h3347.png,data/raw/TBX11K/imgs/health/h3347.png,512,512,OK
TBX11K,h0896.png,data/raw/TBX11K/imgs/health/h0896.png,512,512,OK
TBX11K,h1550.png,data/raw/TBX11K/imgs/health/h1550.png,512,512,OK
TBX11K,h1236.png,data/raw/TBX11K/imgs/health/h1236.png,512,512,OK
TBX11K,h3421.png,data/raw/TBX11K/imgs/health/h3421.png,512,512,OK
TBX11K,h4399.png,data/raw/TBX11K/imgs/health/h4399.png,512,512,OK
TBX11K,h3390.png,data/raw/TBX11K/imgs/health/h3390.png,512,512,OK
TBX11K,h0841.png,data/raw/TBX11K/imgs/health/h0841.png,512,512,OK
TBX11K,h3384.png,data/raw/TBX11K/imgs/health/h3384.png,512,512,OK
TBX11K,h0464.png,data/raw/TBX11K/imgs/health/h0464.png,512,512,OK
TBX11K,h4602.png,data/raw/TBX11K/imgs/health/h4602.png,512,512,OK
TBX11K,h4164.png,data/raw/TBX11K/imgs/health/h4164.png,512,512,OK
TBX11K,h0302.png,data/raw/TBX11K/imgs/health/h0302.png,512,512,OK
TBX11K,h0316.png,data/raw/TBX11K/imgs/health/h0316.png,512,512,OK
TBX11K,h1008.png,data/raw/TBX11K/imgs/health/h1008.png,512,512,OK
TBX11K,h2501.png,data/raw/TBX11K/imgs/health/h2501.png,512,512,OK
TBX11K,h4616.png,data/raw/TBX11K/imgs/health/h4616.png,512,512,OK
TBX11K,h3151.png,data/raw/TBX11K/imgs/health/h3151.png,512,512,OK
TBX11K,h1746.png,data/raw/TBX11K/imgs/health/h1746.png,512,512,OK
TBX11K,h0458.png,data/raw/TBX11K/imgs/health/h0458.png,512,512,OK
TBX11K,h1020.png,data/raw/TBX11K/imgs/health/h1020.png,512,512,OK
TBX11K,h2529.png,data/raw/TBX11K/imgs/health/h2529.png,512,512,OK
TBX11K,h4158.png,data/raw/TBX11K/imgs/health/h4158.png,512,512,OK
TBX11K,h3637.png,data/raw/TBX11K/imgs/health/h3637.png,512,512,OK
TBX11K,h3623.png,data/raw/TBX11K/imgs/health/h3623.png,512,512,OK
TBX11K,h1034.png,data/raw/TBX11K/imgs/health/h1034.png,512,512,OK
TBX11K,h1752.png,data/raw/TBX11K/imgs/health/h1752.png,512,512,OK
TBX11K,h3145.png,data/raw/TBX11K/imgs/health/h3145.png,512,512,OK
TBX11K,h4819.png,data/raw/TBX11K/imgs/health/h4819.png,512,512,OK
TBX11K,h1961.png,data/raw/TBX11K/imgs/health/h1961.png,512,512,OK
TBX11K,h3810.png,data/raw/TBX11K/imgs/health/h3810.png,512,512,OK
TBX11K,h3804.png,data/raw/TBX11K/imgs/health/h3804.png,512,512,OK
TBX11K,h1975.png,data/raw/TBX11K/imgs/health/h1975.png,512,512,OK
TBX11K,h4825.png,data/raw/TBX11K/imgs/health/h4825.png,512,512,OK
TBX11K,h3192.png,data/raw/TBX11K/imgs/health/h3192.png,512,512,OK
TBX11K,h3838.png,data/raw/TBX11K/imgs/health/h3838.png,512,512,OK
TBX11K,h4831.png,data/raw/TBX11K/imgs/health/h4831.png,512,512,OK
TBX11K,h3186.png,data/raw/TBX11K/imgs/health/h3186.png,512,512,OK
TBX11K,h1949.png,data/raw/TBX11K/imgs/health/h1949.png,512,512,OK
TBX11K,h1791.png,data/raw/TBX11K/imgs/health/h1791.png,512,512,OK
TBX11K,h3839.png,data/raw/TBX11K/imgs/health/h3839.png,512,512,OK
TBX11K,h1790.png,data/raw/TBX11K/imgs/health/h1790.png,512,512,OK
TBX11K,h2299.png,data/raw/TBX11K/imgs/health/h2299.png,512,512,OK
TBX11K,h3193.png,data/raw/TBX11K/imgs/health/h3193.png,512,512,OK
TBX11K,h4824.png,data/raw/TBX11K/imgs/health/h4824.png,512,512,OK
TBX11K,h1784.png,data/raw/TBX11K/imgs/health/h1784.png,512,512,OK
TBX11K,h3805.png,data/raw/TBX11K/imgs/health/h3805.png,512,512,OK
TBX11K,h1974.png,data/raw/TBX11K/imgs/health/h1974.png,512,512,OK
TBX11K,h1960.png,data/raw/TBX11K/imgs/health/h1960.png,512,512,OK
TBX11K,h4818.png,data/raw/TBX11K/imgs/health/h4818.png,512,512,OK
TBX11K,h1035.png,data/raw/TBX11K/imgs/health/h1035.png,512,512,OK
TBX11K,h3622.png,data/raw/TBX11K/imgs/health/h3622.png,512,512,OK
TBX11K,h3144.png,data/raw/TBX11K/imgs/health/h3144.png,512,512,OK
TBX11K,h1753.png,data/raw/TBX11K/imgs/health/h1753.png,512,512,OK
TBX11K,h1747.png,data/raw/TBX11K/imgs/health/h1747.png,512,512,OK
TBX11K,h3150.png,data/raw/TBX11K/imgs/health/h3150.png,512,512,OK
TBX11K,h3636.png,data/raw/TBX11K/imgs/health/h3636.png,512,512,OK
TBX11K,h4159.png,data/raw/TBX11K/imgs/health/h4159.png,512,512,OK
TBX11K,h4171.png,data/raw/TBX11K/imgs/health/h4171.png,512,512,OK
TBX11K,h2500.png,data/raw/TBX11K/imgs/health/h2500.png,512,512,OK
TBX11K,h1009.png,data/raw/TBX11K/imgs/health/h1009.png,512,512,OK
TBX11K,h0317.png,data/raw/TBX11K/imgs/health/h0317.png,512,512,OK
TBX11K,h0471.png,data/raw/TBX11K/imgs/health/h0471.png,512,512,OK
TBX11K,h4617.png,data/raw/TBX11K/imgs/health/h4617.png,512,512,OK
TBX11K,h3178.png,data/raw/TBX11K/imgs/health/h3178.png,512,512,OK
TBX11K,h2272.png,data/raw/TBX11K/imgs/health/h2272.png,512,512,OK
TBX11K,h0303.png,data/raw/TBX11K/imgs/health/h0303.png,512,512,OK
TBX11K,h4165.png,data/raw/TBX11K/imgs/health/h4165.png,512,512,OK
TBX11K,h2514.png,data/raw/TBX11K/imgs/health/h2514.png,512,512,OK
TBX11K,h1592.png,data/raw/TBX11K/imgs/health/h1592.png,512,512,OK
TBX11K,h0854.png,data/raw/TBX11K/imgs/health/h0854.png,512,512,OK
TBX11K,h2925.png,data/raw/TBX11K/imgs/health/h2925.png,512,512,OK
TBX11K,h2931.png,data/raw/TBX11K/imgs/health/h2931.png,512,512,OK
TBX11K,h0698.png,data/raw/TBX11K/imgs/health/h0698.png,512,512,OK
TBX11K,h1586.png,data/raw/TBX11K/imgs/health/h1586.png,512,512,OK
TBX11K,h0840.png,data/raw/TBX11K/imgs/health/h0840.png,512,512,OK
TBX11K,h0868.png,data/raw/TBX11K/imgs/health/h0868.png,512,512,OK
TBX11K,h2919.png,data/raw/TBX11K/imgs/health/h2919.png,512,512,OK
TBX11K,h0897.png,data/raw/TBX11K/imgs/health/h0897.png,512,512,OK
TBX11K,h3346.png,data/raw/TBX11K/imgs/health/h3346.png,512,512,OK
TBX11K,h4429.png,data/raw/TBX11K/imgs/health/h4429.png,512,512,OK
TBX11K,h2058.png,data/raw/TBX11K/imgs/health/h2058.png,512,512,OK
TBX11K,h3420.png,data/raw/TBX11K/imgs/health/h3420.png,512,512,OK
TBX11K,h0129.png,data/raw/TBX11K/imgs/health/h0129.png,512,512,OK
TBX11K,h1237.png,data/raw/TBX11K/imgs/health/h1237.png,512,512,OK
TBX11K,h1223.png,data/raw/TBX11K/imgs/health/h1223.png,512,512,OK
TBX11K,h0883.png,data/raw/TBX11K/imgs/health/h0883.png,512,512,OK
TBX11K,h2064.png,data/raw/TBX11K/imgs/health/h2064.png,512,512,OK
TBX11K,h0673.png,data/raw/TBX11K/imgs/health/h0673.png,512,512,OK
TBX11K,h0115.png,data/raw/TBX11K/imgs/health/h0115.png,512,512,OK
TBX11K,h2702.png,data/raw/TBX11K/imgs/health/h2702.png,512,512,OK
TBX11K,h4373.png,data/raw/TBX11K/imgs/health/h4373.png,512,512,OK
TBX11K,h2716.png,data/raw/TBX11K/imgs/health/h2716.png,512,512,OK
TBX11K,h4367.png,data/raw/TBX11K/imgs/health/h4367.png,512,512,OK
TBX11K,h3408.png,data/raw/TBX11K/imgs/health/h3408.png,512,512,OK
TBX11K,h0101.png,data/raw/TBX11K/imgs/health/h0101.png,512,512,OK
TBX11K,h1579.png,data/raw/TBX11K/imgs/health/h1579.png,512,512,OK
TBX11K,h0667.png,data/raw/TBX11K/imgs/health/h0667.png,512,512,OK
TBX11K,h4401.png,data/raw/TBX11K/imgs/health/h4401.png,512,512,OK
TBX11K,h2070.png,data/raw/TBX11K/imgs/health/h2070.png,512,512,OK
TBX11K,h0920.png,data/raw/TBX11K/imgs/health/h0920.png,512,512,OK
TBX11K,h1380.png,data/raw/TBX11K/imgs/health/h1380.png,512,512,OK
TBX11K,h2689.png,data/raw/TBX11K/imgs/health/h2689.png,512,512,OK
TBX11K,h3597.png,data/raw/TBX11K/imgs/health/h3597.png,512,512,OK
TBX11K,h3583.png,data/raw/TBX11K/imgs/health/h3583.png,512,512,OK
TBX11K,h2845.png,data/raw/TBX11K/imgs/health/h2845.png,512,512,OK
TBX11K,h1394.png,data/raw/TBX11K/imgs/health/h1394.png,512,512,OK
TBX11K,h0934.png,data/raw/TBX11K/imgs/health/h0934.png,512,512,OK
TBX11K,h2879.png,data/raw/TBX11K/imgs/health/h2879.png,512,512,OK
TBX11K,h0908.png,data/raw/TBX11K/imgs/health/h0908.png,512,512,OK
TBX11K,h3232.png,data/raw/TBX11K/imgs/health/h3232.png,512,512,OK
TBX11K,h3554.png,data/raw/TBX11K/imgs/health/h3554.png,512,512,OK
TBX11K,h2892.png,data/raw/TBX11K/imgs/health/h2892.png,512,512,OK
TBX11K,h1343.png,data/raw/TBX11K/imgs/health/h1343.png,512,512,OK
TBX11K,h0049.png,data/raw/TBX11K/imgs/health/h0049.png,512,512,OK
TBX11K,h3540.png,data/raw/TBX11K/imgs/health/h3540.png,512,512,OK
TBX11K,h2886.png,data/raw/TBX11K/imgs/health/h2886.png,512,512,OK
TBX11K,h2138.png,data/raw/TBX11K/imgs/health/h2138.png,512,512,OK
TBX11K,h4549.png,data/raw/TBX11K/imgs/health/h4549.png,512,512,OK
TBX11K,h3226.png,data/raw/TBX11K/imgs/health/h3226.png,512,512,OK
TBX11K,h2110.png,data/raw/TBX11K/imgs/health/h2110.png,512,512,OK
TBX11K,h4561.png,data/raw/TBX11K/imgs/health/h4561.png,512,512,OK
TBX11K,h0707.png,data/raw/TBX11K/imgs/health/h0707.png,512,512,OK
TBX11K,h1419.png,data/raw/TBX11K/imgs/health/h1419.png,512,512,OK
TBX11K,h0061.png,data/raw/TBX11K/imgs/health/h0061.png,512,512,OK
TBX11K,h4207.png,data/raw/TBX11K/imgs/health/h4207.png,512,512,OK
TBX11K,h2676.png,data/raw/TBX11K/imgs/health/h2676.png,512,512,OK
TBX11K,h4213.png,data/raw/TBX11K/imgs/health/h4213.png,512,512,OK
TBX11K,h2662.png,data/raw/TBX11K/imgs/health/h2662.png,512,512,OK
TBX11K,h0075.png,data/raw/TBX11K/imgs/health/h0075.png,512,512,OK
TBX11K,h0713.png,data/raw/TBX11K/imgs/health/h0713.png,512,512,OK
TBX11K,h2104.png,data/raw/TBX11K/imgs/health/h2104.png,512,512,OK
TBX11K,h4575.png,data/raw/TBX11K/imgs/health/h4575.png,512,512,OK
TBX11K,h3795.png,data/raw/TBX11K/imgs/health/h3795.png,512,512,OK
TBX11K,h1182.png,data/raw/TBX11K/imgs/health/h1182.png,512,512,OK
TBX11K,h4944.png,data/raw/TBX11K/imgs/health/h4944.png,512,512,OK
TBX11K,h4950.png,data/raw/TBX11K/imgs/health/h4950.png,512,512,OK
TBX11K,h4788.png,data/raw/TBX11K/imgs/health/h4788.png,512,512,OK
TBX11K,h1828.png,data/raw/TBX11K/imgs/health/h1828.png,512,512,OK
TBX11K,h1196.png,data/raw/TBX11K/imgs/health/h1196.png,512,512,OK
TBX11K,h0288.png,data/raw/TBX11K/imgs/health/h0288.png,512,512,OK
TBX11K,h3781.png,data/raw/TBX11K/imgs/health/h3781.png,512,512,OK
TBX11K,h3971.png,data/raw/TBX11K/imgs/health/h3971.png,512,512,OK
TBX11K,h4978.png,data/raw/TBX11K/imgs/health/h4978.png,512,512,OK
TBX11K,h1800.png,data/raw/TBX11K/imgs/health/h1800.png,512,512,OK
TBX11K,h1814.png,data/raw/TBX11K/imgs/health/h1814.png,512,512,OK
TBX11K,h1141.png,data/raw/TBX11K/imgs/health/h1141.png,512,512,OK
TBX11K,h2448.png,data/raw/TBX11K/imgs/health/h2448.png,512,512,OK
TBX11K,h4039.png,data/raw/TBX11K/imgs/health/h4039.png,512,512,OK
TBX11K,h3756.png,data/raw/TBX11K/imgs/health/h3756.png,512,512,OK
TBX11K,h3030.png,data/raw/TBX11K/imgs/health/h3030.png,512,512,OK
TBX11K,h4987.png,data/raw/TBX11K/imgs/health/h4987.png,512,512,OK
TBX11K,h1627.png,data/raw/TBX11K/imgs/health/h1627.png,512,512,OK
TBX11K,h1633.png,data/raw/TBX11K/imgs/health/h1633.png,512,512,OK
TBX11K,h3024.png,data/raw/TBX11K/imgs/health/h3024.png,512,512,OK
TBX11K,h3742.png,data/raw/TBX11K/imgs/health/h3742.png,512,512,OK
TBX11K,h1155.png,data/raw/TBX11K/imgs/health/h1155.png,512,512,OK
TBX11K,h2474.png,data/raw/TBX11K/imgs/health/h2474.png,512,512,OK
TBX11K,h0263.png,data/raw/TBX11K/imgs/health/h0263.png,512,512,OK
TBX11K,h4763.png,data/raw/TBX11K/imgs/health/h4763.png,512,512,OK
TBX11K,h2312.png,data/raw/TBX11K/imgs/health/h2312.png,512,512,OK
TBX11K,h4777.png,data/raw/TBX11K/imgs/health/h4777.png,512,512,OK
TBX11K,h2306.png,data/raw/TBX11K/imgs/health/h2306.png,512,512,OK
TBX11K,h0511.png,data/raw/TBX11K/imgs/health/h0511.png,512,512,OK
TBX11K,h0277.png,data/raw/TBX11K/imgs/health/h0277.png,512,512,OK
TBX11K,h1169.png,data/raw/TBX11K/imgs/health/h1169.png,512,512,OK
TBX11K,h2460.png,data/raw/TBX11K/imgs/health/h2460.png,512,512,OK
TBX11K,h2310.png,data/raw/TBX11K/imgs/health/h2310.png,512,512,OK
TBX11K,h4761.png,data/raw/TBX11K/imgs/health/h4761.png,512,512,OK
TBX11K,h0507.png,data/raw/TBX11K/imgs/health/h0507.png,512,512,OK
TBX11K,h0261.png,data/raw/TBX11K/imgs/health/h0261.png,512,512,OK
TBX11K,h3768.png,data/raw/TBX11K/imgs/health/h3768.png,512,512,OK
TBX11K,h4007.png,data/raw/TBX11K/imgs/health/h4007.png,512,512,OK
TBX11K,h2476.png,data/raw/TBX11K/imgs/health/h2476.png,512,512,OK
TBX11K,h4013.png,data/raw/TBX11K/imgs/health/h4013.png,512,512,OK
TBX11K,h2304.png,data/raw/TBX11K/imgs/health/h2304.png,512,512,OK
TBX11K,h4775.png,data/raw/TBX11K/imgs/health/h4775.png,512,512,OK
TBX11K,h1625.png,data/raw/TBX11K/imgs/health/h1625.png,512,512,OK
TBX11K,h4985.png,data/raw/TBX11K/imgs/health/h4985.png,512,512,OK
TBX11K,h3032.png,data/raw/TBX11K/imgs/health/h3032.png,512,512,OK
TBX11K,h3754.png,data/raw/TBX11K/imgs/health/h3754.png,512,512,OK
TBX11K,h1143.png,data/raw/TBX11K/imgs/health/h1143.png,512,512,OK
TBX11K,h0249.png,data/raw/TBX11K/imgs/health/h0249.png,512,512,OK
TBX11K,h3740.png,data/raw/TBX11K/imgs/health/h3740.png,512,512,OK
TBX11K,h4991.png,data/raw/TBX11K/imgs/health/h4991.png,512,512,OK
TBX11K,h4749.png,data/raw/TBX11K/imgs/health/h4749.png,512,512,OK
TBX11K,h3026.png,data/raw/TBX11K/imgs/health/h3026.png,512,512,OK
TBX11K,h1631.png,data/raw/TBX11K/imgs/health/h1631.png,512,512,OK
TBX11K,h1802.png,data/raw/TBX11K/imgs/health/h1802.png,512,512,OK
TBX11K,h3967.png,data/raw/TBX11K/imgs/health/h3967.png,512,512,OK
TBX11K,h1816.png,data/raw/TBX11K/imgs/health/h1816.png,512,512,OK
TBX11K,h4946.png,data/raw/TBX11K/imgs/health/h4946.png,512,512,OK
TBX11K,h2489.png,data/raw/TBX11K/imgs/health/h2489.png,512,512,OK
TBX11K,h3797.png,data/raw/TBX11K/imgs/health/h3797.png,512,512,OK
TBX11K,h3783.png,data/raw/TBX11K/imgs/health/h3783.png,512,512,OK
TBX11K,h1194.png,data/raw/TBX11K/imgs/health/h1194.png,512,512,OK
TBX11K,h4952.png,data/raw/TBX11K/imgs/health/h4952.png,512,512,OK
TBX11K,h4205.png,data/raw/TBX11K/imgs/health/h4205.png,512,512,OK
TBX11K,h0063.png,data/raw/TBX11K/imgs/health/h0063.png,512,512,OK
TBX11K,h4563.png,data/raw/TBX11K/imgs/health/h4563.png,512,512,OK
TBX11K,h2112.png,data/raw/TBX11K/imgs/health/h2112.png,512,512,OK
TBX11K,h0711.png,data/raw/TBX11K/imgs/health/h0711.png,512,512,OK
TBX11K,h1369.png,data/raw/TBX11K/imgs/health/h1369.png,512,512,OK
TBX11K,h2660.png,data/raw/TBX11K/imgs/health/h2660.png,512,512,OK
TBX11K,h4211.png,data/raw/TBX11K/imgs/health/h4211.png,512,512,OK
TBX11K,h1341.png,data/raw/TBX11K/imgs/health/h1341.png,512,512,OK
TBX11K,h2648.png,data/raw/TBX11K/imgs/health/h2648.png,512,512,OK
TBX11K,h2890.png,data/raw/TBX11K/imgs/health/h2890.png,512,512,OK
TBX11K,h4239.png,data/raw/TBX11K/imgs/health/h4239.png,512,512,OK
TBX11K,h3556.png,data/raw/TBX11K/imgs/health/h3556.png,512,512,OK
TBX11K,h1427.png,data/raw/TBX11K/imgs/health/h1427.png,512,512,OK
TBX11K,h0739.png,data/raw/TBX11K/imgs/health/h0739.png,512,512,OK
TBX11K,h1433.png,data/raw/TBX11K/imgs/health/h1433.png,512,512,OK
TBX11K,h3224.png,data/raw/TBX11K/imgs/health/h3224.png,512,512,OK
TBX11K,h2884.png,data/raw/TBX11K/imgs/health/h2884.png,512,512,OK
TBX11K,h3542.png,data/raw/TBX11K/imgs/health/h3542.png,512,512,OK
TBX11K,h1355.png,data/raw/TBX11K/imgs/health/h1355.png,512,512,OK
TBX11K,h2853.png,data/raw/TBX11K/imgs/health/h2853.png,512,512,OK
TBX11K,h3595.png,data/raw/TBX11K/imgs/health/h3595.png,512,512,OK
TBX11K,h0922.png,data/raw/TBX11K/imgs/health/h0922.png,512,512,OK
TBX11K,h4588.png,data/raw/TBX11K/imgs/health/h4588.png,512,512,OK
TBX11K,h0088.png,data/raw/TBX11K/imgs/health/h0088.png,512,512,OK
TBX11K,h2847.png,data/raw/TBX11K/imgs/health/h2847.png,512,512,OK
TBX11K,h3581.png,data/raw/TBX11K/imgs/health/h3581.png,512,512,OK
TBX11K,h4371.png,data/raw/TBX11K/imgs/health/h4371.png,512,512,OK
TBX11K,h2700.png,data/raw/TBX11K/imgs/health/h2700.png,512,512,OK
TBX11K,h1209.png,data/raw/TBX11K/imgs/health/h1209.png,512,512,OK
TBX11K,h0117.png,data/raw/TBX11K/imgs/health/h0117.png,512,512,OK
TBX11K,h2066.png,data/raw/TBX11K/imgs/health/h2066.png,512,512,OK
TBX11K,h3378.png,data/raw/TBX11K/imgs/health/h3378.png,512,512,OK
TBX11K,h4403.png,data/raw/TBX11K/imgs/health/h4403.png,512,512,OK
TBX11K,h0665.png,data/raw/TBX11K/imgs/health/h0665.png,512,512,OK
TBX11K,h0103.png,data/raw/TBX11K/imgs/health/h0103.png,512,512,OK
TBX11K,h4365.png,data/raw/TBX11K/imgs/health/h4365.png,512,512,OK
TBX11K,h2714.png,data/raw/TBX11K/imgs/health/h2714.png,512,512,OK
TBX11K,h1235.png,data/raw/TBX11K/imgs/health/h1235.png,512,512,OK
TBX11K,h3344.png,data/raw/TBX11K/imgs/health/h3344.png,512,512,OK
TBX11K,h1553.png,data/raw/TBX11K/imgs/health/h1553.png,512,512,OK
TBX11K,h0659.png,data/raw/TBX11K/imgs/health/h0659.png,512,512,OK
TBX11K,h3350.png,data/raw/TBX11K/imgs/health/h3350.png,512,512,OK
TBX11K,h3436.png,data/raw/TBX11K/imgs/health/h3436.png,512,512,OK
TBX11K,h4359.png,data/raw/TBX11K/imgs/health/h4359.png,512,512,OK
TBX11K,h2728.png,data/raw/TBX11K/imgs/health/h2728.png,512,512,OK
TBX11K,h2927.png,data/raw/TBX11K/imgs/health/h2927.png,512,512,OK
TBX11K,h0856.png,data/raw/TBX11K/imgs/health/h0856.png,512,512,OK
TBX11K,h1590.png,data/raw/TBX11K/imgs/health/h1590.png,512,512,OK
TBX11K,h3387.png,data/raw/TBX11K/imgs/health/h3387.png,512,512,OK
TBX11K,h2099.png,data/raw/TBX11K/imgs/health/h2099.png,512,512,OK
TBX11K,h3393.png,data/raw/TBX11K/imgs/health/h3393.png,512,512,OK
TBX11K,h0842.png,data/raw/TBX11K/imgs/health/h0842.png,512,512,OK
TBX11K,h1584.png,data/raw/TBX11K/imgs/health/h1584.png,512,512,OK
TBX11K,h4615.png,data/raw/TBX11K/imgs/health/h4615.png,512,512,OK
TBX11K,h2264.png,data/raw/TBX11K/imgs/health/h2264.png,512,512,OK
TBX11K,h0473.png,data/raw/TBX11K/imgs/health/h0473.png,512,512,OK
TBX11K,h0315.png,data/raw/TBX11K/imgs/health/h0315.png,512,512,OK
TBX11K,h2502.png,data/raw/TBX11K/imgs/health/h2502.png,512,512,OK
TBX11K,h4173.png,data/raw/TBX11K/imgs/health/h4173.png,512,512,OK
TBX11K,h4167.png,data/raw/TBX11K/imgs/health/h4167.png,512,512,OK
TBX11K,h3608.png,data/raw/TBX11K/imgs/health/h3608.png,512,512,OK
TBX11K,h0301.png,data/raw/TBX11K/imgs/health/h0301.png,512,512,OK
TBX11K,h1779.png,data/raw/TBX11K/imgs/health/h1779.png,512,512,OK
TBX11K,h0467.png,data/raw/TBX11K/imgs/health/h0467.png,512,512,OK
TBX11K,h4601.png,data/raw/TBX11K/imgs/health/h4601.png,512,512,OK
TBX11K,h1751.png,data/raw/TBX11K/imgs/health/h1751.png,512,512,OK
TBX11K,h1989.png,data/raw/TBX11K/imgs/health/h1989.png,512,512,OK
TBX11K,h3146.png,data/raw/TBX11K/imgs/health/h3146.png,512,512,OK
TBX11K,h4629.png,data/raw/TBX11K/imgs/health/h4629.png,512,512,OK
TBX11K,h3620.png,data/raw/TBX11K/imgs/health/h3620.png,512,512,OK
TBX11K,h0329.png,data/raw/TBX11K/imgs/health/h0329.png,512,512,OK
TBX11K,h1037.png,data/raw/TBX11K/imgs/health/h1037.png,512,512,OK
TBX11K,h1023.png,data/raw/TBX11K/imgs/health/h1023.png,512,512,OK
TBX11K,h3152.png,data/raw/TBX11K/imgs/health/h3152.png,512,512,OK
TBX11K,h1976.png,data/raw/TBX11K/imgs/health/h1976.png,512,512,OK
TBX11K,h3807.png,data/raw/TBX11K/imgs/health/h3807.png,512,512,OK
TBX11K,h1962.png,data/raw/TBX11K/imgs/health/h1962.png,512,512,OK
TBX11K,h3185.png,data/raw/TBX11K/imgs/health/h3185.png,512,512,OK
TBX11K,h1792.png,data/raw/TBX11K/imgs/health/h1792.png,512,512,OK
TBX11K,h4198.png,data/raw/TBX11K/imgs/health/h4198.png,512,512,OK
TBX11K,h0498.png,data/raw/TBX11K/imgs/health/h0498.png,512,512,OK
TBX11K,h1786.png,data/raw/TBX11K/imgs/health/h1786.png,512,512,OK
TBX11K,h3191.png,data/raw/TBX11K/imgs/health/h3191.png,512,512,OK
TBX11K,h3190.png,data/raw/TBX11K/imgs/health/h3190.png,512,512,OK
TBX11K,h1787.png,data/raw/TBX11K/imgs/health/h1787.png,512,512,OK
TBX11K,h1793.png,data/raw/TBX11K/imgs/health/h1793.png,512,512,OK
TBX11K,h4833.png,data/raw/TBX11K/imgs/health/h4833.png,512,512,OK
TBX11K,h3812.png,data/raw/TBX11K/imgs/health/h3812.png,512,512,OK
TBX11K,h1963.png,data/raw/TBX11K/imgs/health/h1963.png,512,512,OK
TBX11K,h3806.png,data/raw/TBX11K/imgs/health/h3806.png,512,512,OK
TBX11K,h1022.png,data/raw/TBX11K/imgs/health/h1022.png,512,512,OK
TBX11K,h1744.png,data/raw/TBX11K/imgs/health/h1744.png,512,512,OK
TBX11K,h2259.png,data/raw/TBX11K/imgs/health/h2259.png,512,512,OK
TBX11K,h3147.png,data/raw/TBX11K/imgs/health/h3147.png,512,512,OK
TBX11K,h1988.png,data/raw/TBX11K/imgs/health/h1988.png,512,512,OK
TBX11K,h1036.png,data/raw/TBX11K/imgs/health/h1036.png,512,512,OK
TBX11K,h0328.png,data/raw/TBX11K/imgs/health/h0328.png,512,512,OK
TBX11K,h3621.png,data/raw/TBX11K/imgs/health/h3621.png,512,512,OK
TBX11K,h3609.png,data/raw/TBX11K/imgs/health/h3609.png,512,512,OK
TBX11K,h4166.png,data/raw/TBX11K/imgs/health/h4166.png,512,512,OK
TBX11K,h2271.png,data/raw/TBX11K/imgs/health/h2271.png,512,512,OK
TBX11K,h0466.png,data/raw/TBX11K/imgs/health/h0466.png,512,512,OK
TBX11K,h1778.png,data/raw/TBX11K/imgs/health/h1778.png,512,512,OK
TBX11K,h0472.png,data/raw/TBX11K/imgs/health/h0472.png,512,512,OK
TBX11K,h2265.png,data/raw/TBX11K/imgs/health/h2265.png,512,512,OK
TBX11K,h4614.png,data/raw/TBX11K/imgs/health/h4614.png,512,512,OK
TBX11K,h4172.png,data/raw/TBX11K/imgs/health/h4172.png,512,512,OK
TBX11K,h2503.png,data/raw/TBX11K/imgs/health/h2503.png,512,512,OK
TBX11K,h0314.png,data/raw/TBX11K/imgs/health/h0314.png,512,512,OK
TBX11K,h1585.png,data/raw/TBX11K/imgs/health/h1585.png,512,512,OK
TBX11K,h0843.png,data/raw/TBX11K/imgs/health/h0843.png,512,512,OK
TBX11K,h3392.png,data/raw/TBX11K/imgs/health/h3392.png,512,512,OK
TBX11K,h2926.png,data/raw/TBX11K/imgs/health/h2926.png,512,512,OK
TBX11K,h2098.png,data/raw/TBX11K/imgs/health/h2098.png,512,512,OK
TBX11K,h3386.png,data/raw/TBX11K/imgs/health/h3386.png,512,512,OK
TBX11K,h0857.png,data/raw/TBX11K/imgs/health/h0857.png,512,512,OK
TBX11K,h3351.png,data/raw/TBX11K/imgs/health/h3351.png,512,512,OK
TBX11K,h1546.png,data/raw/TBX11K/imgs/health/h1546.png,512,512,OK
TBX11K,h0880.png,data/raw/TBX11K/imgs/health/h0880.png,512,512,OK
TBX11K,h0658.png,data/raw/TBX11K/imgs/health/h0658.png,512,512,OK
TBX11K,h1220.png,data/raw/TBX11K/imgs/health/h1220.png,512,512,OK
TBX11K,h2729.png,data/raw/TBX11K/imgs/health/h2729.png,512,512,OK
TBX11K,h4358.png,data/raw/TBX11K/imgs/health/h4358.png,512,512,OK
TBX11K,h3437.png,data/raw/TBX11K/imgs/health/h3437.png,512,512,OK
TBX11K,h3423.png,data/raw/TBX11K/imgs/health/h3423.png,512,512,OK
TBX11K,h1234.png,data/raw/TBX11K/imgs/health/h1234.png,512,512,OK
TBX11K,h1552.png,data/raw/TBX11K/imgs/health/h1552.png,512,512,OK
TBX11K,h4402.png,data/raw/TBX11K/imgs/health/h4402.png,512,512,OK
TBX11K,h2715.png,data/raw/TBX11K/imgs/health/h2715.png,512,512,OK
TBX11K,h0102.png,data/raw/TBX11K/imgs/health/h0102.png,512,512,OK
TBX11K,h0116.png,data/raw/TBX11K/imgs/health/h0116.png,512,512,OK
TBX11K,h2701.png,data/raw/TBX11K/imgs/health/h2701.png,512,512,OK
TBX11K,h4370.png,data/raw/TBX11K/imgs/health/h4370.png,512,512,OK
TBX11K,h3379.png,data/raw/TBX11K/imgs/health/h3379.png,512,512,OK
TBX11K,h4416.png,data/raw/TBX11K/imgs/health/h4416.png,512,512,OK
TBX11K,h2067.png,data/raw/TBX11K/imgs/health/h2067.png,512,512,OK
TBX11K,h3580.png,data/raw/TBX11K/imgs/health/h3580.png,512,512,OK
TBX11K,h2846.png,data/raw/TBX11K/imgs/health/h2846.png,512,512,OK
TBX11K,h1397.png,data/raw/TBX11K/imgs/health/h1397.png,512,512,OK
TBX11K,h1383.png,data/raw/TBX11K/imgs/health/h1383.png,512,512,OK
TBX11K,h3594.png,data/raw/TBX11K/imgs/health/h3594.png,512,512,OK
TBX11K,h2852.png,data/raw/TBX11K/imgs/health/h2852.png,512,512,OK
TBX11K,h3225.png,data/raw/TBX11K/imgs/health/h3225.png,512,512,OK
TBX11K,h1432.png,data/raw/TBX11K/imgs/health/h1432.png,512,512,OK
TBX11K,h1354.png,data/raw/TBX11K/imgs/health/h1354.png,512,512,OK
TBX11K,h3543.png,data/raw/TBX11K/imgs/health/h3543.png,512,512,OK
TBX11K,h2885.png,data/raw/TBX11K/imgs/health/h2885.png,512,512,OK
TBX11K,h3557.png,data/raw/TBX11K/imgs/health/h3557.png,512,512,OK
TBX11K,h4238.png,data/raw/TBX11K/imgs/health/h4238.png,512,512,OK
TBX11K,h2649.png,data/raw/TBX11K/imgs/health/h2649.png,512,512,OK
TBX11K,h1340.png,data/raw/TBX11K/imgs/health/h1340.png,512,512,OK
TBX11K,h0738.png,data/raw/TBX11K/imgs/health/h0738.png,512,512,OK
TBX11K,h1426.png,data/raw/TBX11K/imgs/health/h1426.png,512,512,OK
TBX11K,h3231.png,data/raw/TBX11K/imgs/health/h3231.png,512,512,OK
TBX11K,h0710.png,data/raw/TBX11K/imgs/health/h0710.png,512,512,OK
TBX11K,h2107.png,data/raw/TBX11K/imgs/health/h2107.png,512,512,OK
TBX11K,h4576.png,data/raw/TBX11K/imgs/health/h4576.png,512,512,OK
TBX11K,h3219.png,data/raw/TBX11K/imgs/health/h3219.png,512,512,OK
TBX11K,h2661.png,data/raw/TBX11K/imgs/health/h2661.png,512,512,OK
TBX11K,h1368.png,data/raw/TBX11K/imgs/health/h1368.png,512,512,OK
TBX11K,h0076.png,data/raw/TBX11K/imgs/health/h0076.png,512,512,OK
TBX11K,h0062.png,data/raw/TBX11K/imgs/health/h0062.png,512,512,OK
TBX11K,h4204.png,data/raw/TBX11K/imgs/health/h4204.png,512,512,OK
TBX11K,h2675.png,data/raw/TBX11K/imgs/health/h2675.png,512,512,OK
TBX11K,h2113.png,data/raw/TBX11K/imgs/health/h2113.png,512,512,OK
TBX11K,h4562.png,data/raw/TBX11K/imgs/health/h4562.png,512,512,OK
TBX11K,h0704.png,data/raw/TBX11K/imgs/health/h0704.png,512,512,OK
TBX11K,h1195.png,data/raw/TBX11K/imgs/health/h1195.png,512,512,OK
TBX11K,h3782.png,data/raw/TBX11K/imgs/health/h3782.png,512,512,OK
TBX11K,h4953.png,data/raw/TBX11K/imgs/health/h4953.png,512,512,OK
TBX11K,h3796.png,data/raw/TBX11K/imgs/health/h3796.png,512,512,OK
TBX11K,h2488.png,data/raw/TBX11K/imgs/health/h2488.png,512,512,OK
TBX11K,h1181.png,data/raw/TBX11K/imgs/health/h1181.png,512,512,OK
TBX11K,h3966.png,data/raw/TBX11K/imgs/health/h3966.png,512,512,OK
TBX11K,h1803.png,data/raw/TBX11K/imgs/health/h1803.png,512,512,OK
TBX11K,h3972.png,data/raw/TBX11K/imgs/health/h3972.png,512,512,OK
TBX11K,h3741.png,data/raw/TBX11K/imgs/health/h3741.png,512,512,OK
TBX11K,h0248.png,data/raw/TBX11K/imgs/health/h0248.png,512,512,OK
TBX11K,h1156.png,data/raw/TBX11K/imgs/health/h1156.png,512,512,OK
TBX11K,h1630.png,data/raw/TBX11K/imgs/health/h1630.png,512,512,OK
TBX11K,h3027.png,data/raw/TBX11K/imgs/health/h3027.png,512,512,OK
TBX11K,h2339.png,data/raw/TBX11K/imgs/health/h2339.png,512,512,OK
TBX11K,h4990.png,data/raw/TBX11K/imgs/health/h4990.png,512,512,OK
TBX11K,h4984.png,data/raw/TBX11K/imgs/health/h4984.png,512,512,OK
TBX11K,h1624.png,data/raw/TBX11K/imgs/health/h1624.png,512,512,OK
TBX11K,h3755.png,data/raw/TBX11K/imgs/health/h3755.png,512,512,OK
TBX11K,h2463.png,data/raw/TBX11K/imgs/health/h2463.png,512,512,OK
TBX11K,h4012.png,data/raw/TBX11K/imgs/health/h4012.png,512,512,OK
TBX11K,h4774.png,data/raw/TBX11K/imgs/health/h4774.png,512,512,OK
TBX11K,h0512.png,data/raw/TBX11K/imgs/health/h0512.png,512,512,OK
TBX11K,h1618.png,data/raw/TBX11K/imgs/health/h1618.png,512,512,OK
TBX11K,h4760.png,data/raw/TBX11K/imgs/health/h4760.png,512,512,OK
TBX11K,h2311.png,data/raw/TBX11K/imgs/health/h2311.png,512,512,OK
TBX11K,h2477.png,data/raw/TBX11K/imgs/health/h2477.png,512,512,OK
TBX11K,h4006.png,data/raw/TBX11K/imgs/health/h4006.png,512,512,OK
TBX11K,h3769.png,data/raw/TBX11K/imgs/health/h3769.png,512,512,OK
TBX11K,h3751.png,data/raw/TBX11K/imgs/health/h3751.png,512,512,OK
TBX11K,h3989.png,data/raw/TBX11K/imgs/health/h3989.png,512,512,OK
TBX11K,h1146.png,data/raw/TBX11K/imgs/health/h1146.png,512,512,OK
TBX11K,h0258.png,data/raw/TBX11K/imgs/health/h0258.png,512,512,OK
TBX11K,h1620.png,data/raw/TBX11K/imgs/health/h1620.png,512,512,OK
TBX11K,h3037.png,data/raw/TBX11K/imgs/health/h3037.png,512,512,OK
TBX11K,h4758.png,data/raw/TBX11K/imgs/health/h4758.png,512,512,OK
TBX11K,h4994.png,data/raw/TBX11K/imgs/health/h4994.png,512,512,OK
TBX11K,h3023.png,data/raw/TBX11K/imgs/health/h3023.png,512,512,OK
TBX11K,h1634.png,data/raw/TBX11K/imgs/health/h1634.png,512,512,OK
TBX11K,h1152.png,data/raw/TBX11K/imgs/health/h1152.png,512,512,OK
TBX11K,h3745.png,data/raw/TBX11K/imgs/health/h3745.png,512,512,OK
TBX11K,h0264.png,data/raw/TBX11K/imgs/health/h0264.png,512,512,OK
TBX11K,h4002.png,data/raw/TBX11K/imgs/health/h4002.png,512,512,OK
TBX11K,h2315.png,data/raw/TBX11K/imgs/health/h2315.png,512,512,OK
TBX11K,h4764.png,data/raw/TBX11K/imgs/health/h4764.png,512,512,OK
TBX11K,h1608.png,data/raw/TBX11K/imgs/health/h1608.png,512,512,OK
TBX11K,h2301.png,data/raw/TBX11K/imgs/health/h2301.png,512,512,OK
TBX11K,h4770.png,data/raw/TBX11K/imgs/health/h4770.png,512,512,OK
TBX11K,h2467.png,data/raw/TBX11K/imgs/health/h2467.png,512,512,OK
TBX11K,h0270.png,data/raw/TBX11K/imgs/health/h0270.png,512,512,OK
TBX11K,h1185.png,data/raw/TBX11K/imgs/health/h1185.png,512,512,OK
TBX11K,h3792.png,data/raw/TBX11K/imgs/health/h3792.png,512,512,OK
TBX11K,h4943.png,data/raw/TBX11K/imgs/health/h4943.png,512,512,OK
TBX11K,h2498.png,data/raw/TBX11K/imgs/health/h2498.png,512,512,OK
TBX11K,h3786.png,data/raw/TBX11K/imgs/health/h3786.png,512,512,OK
TBX11K,h1191.png,data/raw/TBX11K/imgs/health/h1191.png,512,512,OK
TBX11K,h3976.png,data/raw/TBX11K/imgs/health/h3976.png,512,512,OK
TBX11K,h1807.png,data/raw/TBX11K/imgs/health/h1807.png,512,512,OK
TBX11K,h1813.png,data/raw/TBX11K/imgs/health/h1813.png,512,512,OK
TBX11K,h3962.png,data/raw/TBX11K/imgs/health/h3962.png,512,512,OK
TBX11K,h3235.png,data/raw/TBX11K/imgs/health/h3235.png,512,512,OK
TBX11K,h1422.png,data/raw/TBX11K/imgs/health/h1422.png,512,512,OK
TBX11K,h1344.png,data/raw/TBX11K/imgs/health/h1344.png,512,512,OK
TBX11K,h3553.png,data/raw/TBX11K/imgs/health/h3553.png,512,512,OK
TBX11K,h2895.png,data/raw/TBX11K/imgs/health/h2895.png,512,512,OK
TBX11K,h2659.png,data/raw/TBX11K/imgs/health/h2659.png,512,512,OK
TBX11K,h2881.png,data/raw/TBX11K/imgs/health/h2881.png,512,512,OK
TBX11K,h4228.png,data/raw/TBX11K/imgs/health/h4228.png,512,512,OK
TBX11K,h1350.png,data/raw/TBX11K/imgs/health/h1350.png,512,512,OK
TBX11K,h1436.png,data/raw/TBX11K/imgs/health/h1436.png,512,512,OK
TBX11K,h0728.png,data/raw/TBX11K/imgs/health/h0728.png,512,512,OK
TBX11K,h3221.png,data/raw/TBX11K/imgs/health/h3221.png,512,512,OK
TBX11K,h0700.png,data/raw/TBX11K/imgs/health/h0700.png,512,512,OK
TBX11K,h4566.png,data/raw/TBX11K/imgs/health/h4566.png,512,512,OK
TBX11K,h3209.png,data/raw/TBX11K/imgs/health/h3209.png,512,512,OK
TBX11K,h2117.png,data/raw/TBX11K/imgs/health/h2117.png,512,512,OK
TBX11K,h2671.png,data/raw/TBX11K/imgs/health/h2671.png,512,512,OK
TBX11K,h0066.png,data/raw/TBX11K/imgs/health/h0066.png,512,512,OK
TBX11K,h1378.png,data/raw/TBX11K/imgs/health/h1378.png,512,512,OK
TBX11K,h0072.png,data/raw/TBX11K/imgs/health/h0072.png,512,512,OK
TBX11K,h2665.png,data/raw/TBX11K/imgs/health/h2665.png,512,512,OK
TBX11K,h4214.png,data/raw/TBX11K/imgs/health/h4214.png,512,512,OK
TBX11K,h4572.png,data/raw/TBX11K/imgs/health/h4572.png,512,512,OK
TBX11K,h0714.png,data/raw/TBX11K/imgs/health/h0714.png,512,512,OK
TBX11K,h4599.png,data/raw/TBX11K/imgs/health/h4599.png,512,512,OK
TBX11K,h2856.png,data/raw/TBX11K/imgs/health/h2856.png,512,512,OK
TBX11K,h1387.png,data/raw/TBX11K/imgs/health/h1387.png,512,512,OK
TBX11K,h1393.png,data/raw/TBX11K/imgs/health/h1393.png,512,512,OK
TBX11K,h2842.png,data/raw/TBX11K/imgs/health/h2842.png,512,512,OK
TBX11K,h0933.png,data/raw/TBX11K/imgs/health/h0933.png,512,512,OK
TBX11K,h3341.png,data/raw/TBX11K/imgs/health/h3341.png,512,512,OK
TBX11K,h0648.png,data/raw/TBX11K/imgs/health/h0648.png,512,512,OK
TBX11K,h1556.png,data/raw/TBX11K/imgs/health/h1556.png,512,512,OK
TBX11K,h0890.png,data/raw/TBX11K/imgs/health/h0890.png,512,512,OK
TBX11K,h1230.png,data/raw/TBX11K/imgs/health/h1230.png,512,512,OK
TBX11K,h4348.png,data/raw/TBX11K/imgs/health/h4348.png,512,512,OK
TBX11K,h2739.png,data/raw/TBX11K/imgs/health/h2739.png,512,512,OK
TBX11K,h3433.png,data/raw/TBX11K/imgs/health/h3433.png,512,512,OK
TBX11K,h1224.png,data/raw/TBX11K/imgs/health/h1224.png,512,512,OK
TBX11K,h1542.png,data/raw/TBX11K/imgs/health/h1542.png,512,512,OK
TBX11K,h0884.png,data/raw/TBX11K/imgs/health/h0884.png,512,512,OK
TBX11K,h0674.png,data/raw/TBX11K/imgs/health/h0674.png,512,512,OK
TBX11K,h2063.png,data/raw/TBX11K/imgs/health/h2063.png,512,512,OK
TBX11K,h4374.png,data/raw/TBX11K/imgs/health/h4374.png,512,512,OK
TBX11K,h2705.png,data/raw/TBX11K/imgs/health/h2705.png,512,512,OK
TBX11K,h0112.png,data/raw/TBX11K/imgs/health/h0112.png,512,512,OK
TBX11K,h1218.png,data/raw/TBX11K/imgs/health/h1218.png,512,512,OK
TBX11K,h4360.png,data/raw/TBX11K/imgs/health/h4360.png,512,512,OK
TBX11K,h3369.png,data/raw/TBX11K/imgs/health/h3369.png,512,512,OK
TBX11K,h4406.png,data/raw/TBX11K/imgs/health/h4406.png,512,512,OK
TBX11K,h1595.png,data/raw/TBX11K/imgs/health/h1595.png,512,512,OK
TBX11K,h0853.png,data/raw/TBX11K/imgs/health/h0853.png,512,512,OK
TBX11K,h3382.png,data/raw/TBX11K/imgs/health/h3382.png,512,512,OK
TBX11K,h2922.png,data/raw/TBX11K/imgs/health/h2922.png,512,512,OK
TBX11K,h2936.png,data/raw/TBX11K/imgs/health/h2936.png,512,512,OK
TBX11K,h1581.png,data/raw/TBX11K/imgs/health/h1581.png,512,512,OK
TBX11K,h0847.png,data/raw/TBX11K/imgs/health/h0847.png,512,512,OK
TBX11K,h3625.png,data/raw/TBX11K/imgs/health/h3625.png,512,512,OK
TBX11K,h1032.png,data/raw/TBX11K/imgs/health/h1032.png,512,512,OK
TBX11K,h1754.png,data/raw/TBX11K/imgs/health/h1754.png,512,512,OK
TBX11K,h3143.png,data/raw/TBX11K/imgs/health/h3143.png,512,512,OK
TBX11K,h4638.png,data/raw/TBX11K/imgs/health/h4638.png,512,512,OK
TBX11K,h3157.png,data/raw/TBX11K/imgs/health/h3157.png,512,512,OK
TBX11K,h0338.png,data/raw/TBX11K/imgs/health/h0338.png,512,512,OK
TBX11K,h1026.png,data/raw/TBX11K/imgs/health/h1026.png,512,512,OK
TBX11K,h0310.png,data/raw/TBX11K/imgs/health/h0310.png,512,512,OK
TBX11K,h3619.png,data/raw/TBX11K/imgs/health/h3619.png,512,512,OK
TBX11K,h4610.png,data/raw/TBX11K/imgs/health/h4610.png,512,512,OK
TBX11K,h2261.png,data/raw/TBX11K/imgs/health/h2261.png,512,512,OK
TBX11K,h1768.png,data/raw/TBX11K/imgs/health/h1768.png,512,512,OK
TBX11K,h0476.png,data/raw/TBX11K/imgs/health/h0476.png,512,512,OK
TBX11K,h0462.png,data/raw/TBX11K/imgs/health/h0462.png,512,512,OK
TBX11K,h2275.png,data/raw/TBX11K/imgs/health/h2275.png,512,512,OK
TBX11K,h4162.png,data/raw/TBX11K/imgs/health/h4162.png,512,512,OK
TBX11K,h0304.png,data/raw/TBX11K/imgs/health/h0304.png,512,512,OK
TBX11K,h4189.png,data/raw/TBX11K/imgs/health/h4189.png,512,512,OK
TBX11K,h4837.png,data/raw/TBX11K/imgs/health/h4837.png,512,512,OK
TBX11K,h3180.png,data/raw/TBX11K/imgs/health/h3180.png,512,512,OK
TBX11K,h0489.png,data/raw/TBX11K/imgs/health/h0489.png,512,512,OK
TBX11K,h1783.png,data/raw/TBX11K/imgs/health/h1783.png,512,512,OK
TBX11K,h3194.png,data/raw/TBX11K/imgs/health/h3194.png,512,512,OK
TBX11K,h1973.png,data/raw/TBX11K/imgs/health/h1973.png,512,512,OK
TBX11K,h1967.png,data/raw/TBX11K/imgs/health/h1967.png,512,512,OK
TBX11K,h3816.png,data/raw/TBX11K/imgs/health/h3816.png,512,512,OK
TBX11K,h1966.png,data/raw/TBX11K/imgs/health/h1966.png,512,512,OK
TBX11K,h3817.png,data/raw/TBX11K/imgs/health/h3817.png,512,512,OK
TBX11K,h3803.png,data/raw/TBX11K/imgs/health/h3803.png,512,512,OK
TBX11K,h1972.png,data/raw/TBX11K/imgs/health/h1972.png,512,512,OK
TBX11K,h1782.png,data/raw/TBX11K/imgs/health/h1782.png,512,512,OK
TBX11K,h4188.png,data/raw/TBX11K/imgs/health/h4188.png,512,512,OK
TBX11K,h2274.png,data/raw/TBX11K/imgs/health/h2274.png,512,512,OK
TBX11K,h4605.png,data/raw/TBX11K/imgs/health/h4605.png,512,512,OK
TBX11K,h0463.png,data/raw/TBX11K/imgs/health/h0463.png,512,512,OK
TBX11K,h0305.png,data/raw/TBX11K/imgs/health/h0305.png,512,512,OK
TBX11K,h4163.png,data/raw/TBX11K/imgs/health/h4163.png,512,512,OK
TBX11K,h2512.png,data/raw/TBX11K/imgs/health/h2512.png,512,512,OK
TBX11K,h4177.png,data/raw/TBX11K/imgs/health/h4177.png,512,512,OK
TBX11K,h3618.png,data/raw/TBX11K/imgs/health/h3618.png,512,512,OK
TBX11K,h2506.png,data/raw/TBX11K/imgs/health/h2506.png,512,512,OK
TBX11K,h0311.png,data/raw/TBX11K/imgs/health/h0311.png,512,512,OK
TBX11K,h0477.png,data/raw/TBX11K/imgs/health/h0477.png,512,512,OK
TBX11K,h1769.png,data/raw/TBX11K/imgs/health/h1769.png,512,512,OK
TBX11K,h4611.png,data/raw/TBX11K/imgs/health/h4611.png,512,512,OK
TBX11K,h1741.png,data/raw/TBX11K/imgs/health/h1741.png,512,512,OK
TBX11K,h2248.png,data/raw/TBX11K/imgs/health/h2248.png,512,512,OK
TBX11K,h3156.png,data/raw/TBX11K/imgs/health/h3156.png,512,512,OK
TBX11K,h4639.png,data/raw/TBX11K/imgs/health/h4639.png,512,512,OK
TBX11K,h1027.png,data/raw/TBX11K/imgs/health/h1027.png,512,512,OK
TBX11K,h1033.png,data/raw/TBX11K/imgs/health/h1033.png,512,512,OK
TBX11K,h3624.png,data/raw/TBX11K/imgs/health/h3624.png,512,512,OK
TBX11K,h1755.png,data/raw/TBX11K/imgs/health/h1755.png,512,512,OK
TBX11K,h0846.png,data/raw/TBX11K/imgs/health/h0846.png,512,512,OK
TBX11K,h1580.png,data/raw/TBX11K/imgs/health/h1580.png,512,512,OK
TBX11K,h2089.png,data/raw/TBX11K/imgs/health/h2089.png,512,512,OK
TBX11K,h3383.png,data/raw/TBX11K/imgs/health/h3383.png,512,512,OK
TBX11K,h0852.png,data/raw/TBX11K/imgs/health/h0852.png,512,512,OK
TBX11K,h1594.png,data/raw/TBX11K/imgs/health/h1594.png,512,512,OK
TBX11K,h2923.png,data/raw/TBX11K/imgs/health/h2923.png,512,512,OK
TBX11K,h2710.png,data/raw/TBX11K/imgs/health/h2710.png,512,512,OK
TBX11K,h4361.png,data/raw/TBX11K/imgs/health/h4361.png,512,512,OK
TBX11K,h0107.png,data/raw/TBX11K/imgs/health/h0107.png,512,512,OK
TBX11K,h1219.png,data/raw/TBX11K/imgs/health/h1219.png,512,512,OK
TBX11K,h0661.png,data/raw/TBX11K/imgs/health/h0661.png,512,512,OK
TBX11K,h4407.png,data/raw/TBX11K/imgs/health/h4407.png,512,512,OK
TBX11K,h3368.png,data/raw/TBX11K/imgs/health/h3368.png,512,512,OK
TBX11K,h2076.png,data/raw/TBX11K/imgs/health/h2076.png,512,512,OK
TBX11K,h4413.png,data/raw/TBX11K/imgs/health/h4413.png,512,512,OK
TBX11K,h2062.png,data/raw/TBX11K/imgs/health/h2062.png,512,512,OK
TBX11K,h0675.png,data/raw/TBX11K/imgs/health/h0675.png,512,512,OK
TBX11K,h0113.png,data/raw/TBX11K/imgs/health/h0113.png,512,512,OK
TBX11K,h4375.png,data/raw/TBX11K/imgs/health/h4375.png,512,512,OK
TBX11K,h3432.png,data/raw/TBX11K/imgs/health/h3432.png,512,512,OK
TBX11K,h3354.png,data/raw/TBX11K/imgs/health/h3354.png,512,512,OK
TBX11K,h0891.png,data/raw/TBX11K/imgs/health/h0891.png,512,512,OK
TBX11K,h1557.png,data/raw/TBX11K/imgs/health/h1557.png,512,512,OK
TBX11K,h0649.png,data/raw/TBX11K/imgs/health/h0649.png,512,512,OK
TBX11K,h3340.png,data/raw/TBX11K/imgs/health/h3340.png,512,512,OK
TBX11K,h2738.png,data/raw/TBX11K/imgs/health/h2738.png,512,512,OK
TBX11K,h3426.png,data/raw/TBX11K/imgs/health/h3426.png,512,512,OK
TBX11K,h4349.png,data/raw/TBX11K/imgs/health/h4349.png,512,512,OK
TBX11K,h1392.png,data/raw/TBX11K/imgs/health/h1392.png,512,512,OK
TBX11K,h4598.png,data/raw/TBX11K/imgs/health/h4598.png,512,512,OK
TBX11K,h0926.png,data/raw/TBX11K/imgs/health/h0926.png,512,512,OK
TBX11K,h0098.png,data/raw/TBX11K/imgs/health/h0098.png,512,512,OK
TBX11K,h1386.png,data/raw/TBX11K/imgs/health/h1386.png,512,512,OK
TBX11K,h2857.png,data/raw/TBX11K/imgs/health/h2857.png,512,512,OK
TBX11K,h3591.png,data/raw/TBX11K/imgs/health/h3591.png,512,512,OK
TBX11K,h4215.png,data/raw/TBX11K/imgs/health/h4215.png,512,512,OK
TBX11K,h0073.png,data/raw/TBX11K/imgs/health/h0073.png,512,512,OK
TBX11K,h0715.png,data/raw/TBX11K/imgs/health/h0715.png,512,512,OK
TBX11K,h4573.png,data/raw/TBX11K/imgs/health/h4573.png,512,512,OK
TBX11K,h2116.png,data/raw/TBX11K/imgs/health/h2116.png,512,512,OK
TBX11K,h4567.png,data/raw/TBX11K/imgs/health/h4567.png,512,512,OK
TBX11K,h0701.png,data/raw/TBX11K/imgs/health/h0701.png,512,512,OK
TBX11K,h1379.png,data/raw/TBX11K/imgs/health/h1379.png,512,512,OK
TBX11K,h0067.png,data/raw/TBX11K/imgs/health/h0067.png,512,512,OK
TBX11K,h4201.png,data/raw/TBX11K/imgs/health/h4201.png,512,512,OK
TBX11K,h1351.png,data/raw/TBX11K/imgs/health/h1351.png,512,512,OK
TBX11K,h4229.png,data/raw/TBX11K/imgs/health/h4229.png,512,512,OK
TBX11K,h2880.png,data/raw/TBX11K/imgs/health/h2880.png,512,512,OK
TBX11K,h3546.png,data/raw/TBX11K/imgs/health/h3546.png,512,512,OK
TBX11K,h0729.png,data/raw/TBX11K/imgs/health/h0729.png,512,512,OK
TBX11K,h1423.png,data/raw/TBX11K/imgs/health/h1423.png,512,512,OK
TBX11K,h2894.png,data/raw/TBX11K/imgs/health/h2894.png,512,512,OK
TBX11K,h3552.png,data/raw/TBX11K/imgs/health/h3552.png,512,512,OK
TBX11K,h1345.png,data/raw/TBX11K/imgs/health/h1345.png,512,512,OK
TBX11K,h3963.png,data/raw/TBX11K/imgs/health/h3963.png,512,512,OK
TBX11K,h3977.png,data/raw/TBX11K/imgs/health/h3977.png,512,512,OK
TBX11K,h4956.png,data/raw/TBX11K/imgs/health/h4956.png,512,512,OK
TBX11K,h2499.png,data/raw/TBX11K/imgs/health/h2499.png,512,512,OK
TBX11K,h3793.png,data/raw/TBX11K/imgs/health/h3793.png,512,512,OK
TBX11K,h1184.png,data/raw/TBX11K/imgs/health/h1184.png,512,512,OK
TBX11K,h4942.png,data/raw/TBX11K/imgs/health/h4942.png,512,512,OK
TBX11K,h4771.png,data/raw/TBX11K/imgs/health/h4771.png,512,512,OK
TBX11K,h2300.png,data/raw/TBX11K/imgs/health/h2300.png,512,512,OK
TBX11K,h1609.png,data/raw/TBX11K/imgs/health/h1609.png,512,512,OK
TBX11K,h0517.png,data/raw/TBX11K/imgs/health/h0517.png,512,512,OK
TBX11K,h2466.png,data/raw/TBX11K/imgs/health/h2466.png,512,512,OK
TBX11K,h3778.png,data/raw/TBX11K/imgs/health/h3778.png,512,512,OK
TBX11K,h4017.png,data/raw/TBX11K/imgs/health/h4017.png,512,512,OK
TBX11K,h2472.png,data/raw/TBX11K/imgs/health/h2472.png,512,512,OK
TBX11K,h0265.png,data/raw/TBX11K/imgs/health/h0265.png,512,512,OK
TBX11K,h0503.png,data/raw/TBX11K/imgs/health/h0503.png,512,512,OK
TBX11K,h4765.png,data/raw/TBX11K/imgs/health/h4765.png,512,512,OK
TBX11K,h2314.png,data/raw/TBX11K/imgs/health/h2314.png,512,512,OK
TBX11K,h1635.png,data/raw/TBX11K/imgs/health/h1635.png,512,512,OK
TBX11K,h3022.png,data/raw/TBX11K/imgs/health/h3022.png,512,512,OK
TBX11K,h4995.png,data/raw/TBX11K/imgs/health/h4995.png,512,512,OK
TBX11K,h3744.png,data/raw/TBX11K/imgs/health/h3744.png,512,512,OK
TBX11K,h1153.png,data/raw/TBX11K/imgs/health/h1153.png,512,512,OK
TBX11K,h0259.png,data/raw/TBX11K/imgs/health/h0259.png,512,512,OK
TBX11K,h1147.png,data/raw/TBX11K/imgs/health/h1147.png,512,512,OK
TBX11K,h3750.png,data/raw/TBX11K/imgs/health/h3750.png,512,512,OK
TBX11K,h4759.png,data/raw/TBX11K/imgs/health/h4759.png,512,512,OK
TBX11K,h3036.png,data/raw/TBX11K/imgs/health/h3036.png,512,512,OK
TBX11K,h2328.png,data/raw/TBX11K/imgs/health/h2328.png,512,512,OK
TBX11K,h4981.png,data/raw/TBX11K/imgs/health/h4981.png,512,512,OK
TBX11K,h1621.png,data/raw/TBX11K/imgs/health/h1621.png,512,512,OK
TBX11K,h1151.png,data/raw/TBX11K/imgs/health/h1151.png,512,512,OK
TBX11K,h4029.png,data/raw/TBX11K/imgs/health/h4029.png,512,512,OK
TBX11K,h3746.png,data/raw/TBX11K/imgs/health/h3746.png,512,512,OK
TBX11K,h2458.png,data/raw/TBX11K/imgs/health/h2458.png,512,512,OK
TBX11K,h3020.png,data/raw/TBX11K/imgs/health/h3020.png,512,512,OK
TBX11K,h0529.png,data/raw/TBX11K/imgs/health/h0529.png,512,512,OK
TBX11K,h1637.png,data/raw/TBX11K/imgs/health/h1637.png,512,512,OK
TBX11K,h4983.png,data/raw/TBX11K/imgs/health/h4983.png,512,512,OK
TBX11K,h3034.png,data/raw/TBX11K/imgs/health/h3034.png,512,512,OK
TBX11K,h3752.png,data/raw/TBX11K/imgs/health/h3752.png,512,512,OK
TBX11K,h1145.png,data/raw/TBX11K/imgs/health/h1145.png,512,512,OK
TBX11K,h4015.png,data/raw/TBX11K/imgs/health/h4015.png,512,512,OK
TBX11K,h2464.png,data/raw/TBX11K/imgs/health/h2464.png,512,512,OK
TBX11K,h0273.png,data/raw/TBX11K/imgs/health/h0273.png,512,512,OK
TBX11K,h0515.png,data/raw/TBX11K/imgs/health/h0515.png,512,512,OK
TBX11K,h2302.png,data/raw/TBX11K/imgs/health/h2302.png,512,512,OK
TBX11K,h2316.png,data/raw/TBX11K/imgs/health/h2316.png,512,512,OK
TBX11K,h4767.png,data/raw/TBX11K/imgs/health/h4767.png,512,512,OK
TBX11K,h0501.png,data/raw/TBX11K/imgs/health/h0501.png,512,512,OK
TBX11K,h0267.png,data/raw/TBX11K/imgs/health/h0267.png,512,512,OK
TBX11K,h4001.png,data/raw/TBX11K/imgs/health/h4001.png,512,512,OK
TBX11K,h3785.png,data/raw/TBX11K/imgs/health/h3785.png,512,512,OK
TBX11K,h1192.png,data/raw/TBX11K/imgs/health/h1192.png,512,512,OK
TBX11K,h4954.png,data/raw/TBX11K/imgs/health/h4954.png,512,512,OK
TBX11K,h4940.png,data/raw/TBX11K/imgs/health/h4940.png,512,512,OK
TBX11K,h0298.png,data/raw/TBX11K/imgs/health/h0298.png,512,512,OK
TBX11K,h1186.png,data/raw/TBX11K/imgs/health/h1186.png,512,512,OK
TBX11K,h3791.png,data/raw/TBX11K/imgs/health/h3791.png,512,512,OK
TBX11K,h3961.png,data/raw/TBX11K/imgs/health/h3961.png,512,512,OK
TBX11K,h4968.png,data/raw/TBX11K/imgs/health/h4968.png,512,512,OK
TBX11K,h1810.png,data/raw/TBX11K/imgs/health/h1810.png,512,512,OK
TBX11K,h1804.png,data/raw/TBX11K/imgs/health/h1804.png,512,512,OK
TBX11K,h3975.png,data/raw/TBX11K/imgs/health/h3975.png,512,512,OK
TBX11K,h1435.png,data/raw/TBX11K/imgs/health/h1435.png,512,512,OK
TBX11K,h3222.png,data/raw/TBX11K/imgs/health/h3222.png,512,512,OK
TBX11K,h3544.png,data/raw/TBX11K/imgs/health/h3544.png,512,512,OK
TBX11K,h2882.png,data/raw/TBX11K/imgs/health/h2882.png,512,512,OK
TBX11K,h1353.png,data/raw/TBX11K/imgs/health/h1353.png,512,512,OK
TBX11K,h3550.png,data/raw/TBX11K/imgs/health/h3550.png,512,512,OK
TBX11K,h4559.png,data/raw/TBX11K/imgs/health/h4559.png,512,512,OK
TBX11K,h3236.png,data/raw/TBX11K/imgs/health/h3236.png,512,512,OK
TBX11K,h2128.png,data/raw/TBX11K/imgs/health/h2128.png,512,512,OK
TBX11K,h4571.png,data/raw/TBX11K/imgs/health/h4571.png,512,512,OK
TBX11K,h2100.png,data/raw/TBX11K/imgs/health/h2100.png,512,512,OK
TBX11K,h1409.png,data/raw/TBX11K/imgs/health/h1409.png,512,512,OK
TBX11K,h0717.png,data/raw/TBX11K/imgs/health/h0717.png,512,512,OK
TBX11K,h0071.png,data/raw/TBX11K/imgs/health/h0071.png,512,512,OK
TBX11K,h3578.png,data/raw/TBX11K/imgs/health/h3578.png,512,512,OK
TBX11K,h4217.png,data/raw/TBX11K/imgs/health/h4217.png,512,512,OK
TBX11K,h4203.png,data/raw/TBX11K/imgs/health/h4203.png,512,512,OK
TBX11K,h4565.png,data/raw/TBX11K/imgs/health/h4565.png,512,512,OK
TBX11K,h2114.png,data/raw/TBX11K/imgs/health/h2114.png,512,512,OK
TBX11K,h0930.png,data/raw/TBX11K/imgs/health/h0930.png,512,512,OK
TBX11K,h1390.png,data/raw/TBX11K/imgs/health/h1390.png,512,512,OK
TBX11K,h3587.png,data/raw/TBX11K/imgs/health/h3587.png,512,512,OK
TBX11K,h2841.png,data/raw/TBX11K/imgs/health/h2841.png,512,512,OK
TBX11K,h2855.png,data/raw/TBX11K/imgs/health/h2855.png,512,512,OK
TBX11K,h1384.png,data/raw/TBX11K/imgs/health/h1384.png,512,512,OK
TBX11K,h0924.png,data/raw/TBX11K/imgs/health/h0924.png,512,512,OK
TBX11K,h0918.png,data/raw/TBX11K/imgs/health/h0918.png,512,512,OK
TBX11K,h1541.png,data/raw/TBX11K/imgs/health/h1541.png,512,512,OK
TBX11K,h0887.png,data/raw/TBX11K/imgs/health/h0887.png,512,512,OK
TBX11K,h2048.png,data/raw/TBX11K/imgs/health/h2048.png,512,512,OK
TBX11K,h3356.png,data/raw/TBX11K/imgs/health/h3356.png,512,512,OK
TBX11K,h4439.png,data/raw/TBX11K/imgs/health/h4439.png,512,512,OK
TBX11K,h1227.png,data/raw/TBX11K/imgs/health/h1227.png,512,512,OK
TBX11K,h1233.png,data/raw/TBX11K/imgs/health/h1233.png,512,512,OK
TBX11K,h3424.png,data/raw/TBX11K/imgs/health/h3424.png,512,512,OK
TBX11K,h3342.png,data/raw/TBX11K/imgs/health/h3342.png,512,512,OK
TBX11K,h1555.png,data/raw/TBX11K/imgs/health/h1555.png,512,512,OK
TBX11K,h2074.png,data/raw/TBX11K/imgs/health/h2074.png,512,512,OK
TBX11K,h0105.png,data/raw/TBX11K/imgs/health/h0105.png,512,512,OK
TBX11K,h4363.png,data/raw/TBX11K/imgs/health/h4363.png,512,512,OK
TBX11K,h2712.png,data/raw/TBX11K/imgs/health/h2712.png,512,512,OK
TBX11K,h4377.png,data/raw/TBX11K/imgs/health/h4377.png,512,512,OK
TBX11K,h3418.png,data/raw/TBX11K/imgs/health/h3418.png,512,512,OK
TBX11K,h0111.png,data/raw/TBX11K/imgs/health/h0111.png,512,512,OK
TBX11K,h0677.png,data/raw/TBX11K/imgs/health/h0677.png,512,512,OK
TBX11K,h3395.png,data/raw/TBX11K/imgs/health/h3395.png,512,512,OK
TBX11K,h1582.png,data/raw/TBX11K/imgs/health/h1582.png,512,512,OK
TBX11K,h2935.png,data/raw/TBX11K/imgs/health/h2935.png,512,512,OK
TBX11K,h4388.png,data/raw/TBX11K/imgs/health/h4388.png,512,512,OK
TBX11K,h0850.png,data/raw/TBX11K/imgs/health/h0850.png,512,512,OK
TBX11K,h0688.png,data/raw/TBX11K/imgs/health/h0688.png,512,512,OK
TBX11K,h3381.png,data/raw/TBX11K/imgs/health/h3381.png,512,512,OK
TBX11K,h0878.png,data/raw/TBX11K/imgs/health/h0878.png,512,512,OK
TBX11K,h1025.png,data/raw/TBX11K/imgs/health/h1025.png,512,512,OK
TBX11K,h3154.png,data/raw/TBX11K/imgs/health/h3154.png,512,512,OK
TBX11K,h1743.png,data/raw/TBX11K/imgs/health/h1743.png,512,512,OK
TBX11K,h0449.png,data/raw/TBX11K/imgs/health/h0449.png,512,512,OK
TBX11K,h3140.png,data/raw/TBX11K/imgs/health/h3140.png,512,512,OK
TBX11K,h2538.png,data/raw/TBX11K/imgs/health/h2538.png,512,512,OK
TBX11K,h3626.png,data/raw/TBX11K/imgs/health/h3626.png,512,512,OK
TBX11K,h4149.png,data/raw/TBX11K/imgs/health/h4149.png,512,512,OK
TBX11K,h1031.png,data/raw/TBX11K/imgs/health/h1031.png,512,512,OK
TBX11K,h2510.png,data/raw/TBX11K/imgs/health/h2510.png,512,512,OK
TBX11K,h4161.png,data/raw/TBX11K/imgs/health/h4161.png,512,512,OK
TBX11K,h0307.png,data/raw/TBX11K/imgs/health/h0307.png,512,512,OK
TBX11K,h1019.png,data/raw/TBX11K/imgs/health/h1019.png,512,512,OK
TBX11K,h4607.png,data/raw/TBX11K/imgs/health/h4607.png,512,512,OK
TBX11K,h3168.png,data/raw/TBX11K/imgs/health/h3168.png,512,512,OK
TBX11K,h2276.png,data/raw/TBX11K/imgs/health/h2276.png,512,512,OK
TBX11K,h4613.png,data/raw/TBX11K/imgs/health/h4613.png,512,512,OK
TBX11K,h0475.png,data/raw/TBX11K/imgs/health/h0475.png,512,512,OK
TBX11K,h0313.png,data/raw/TBX11K/imgs/health/h0313.png,512,512,OK
TBX11K,h2504.png,data/raw/TBX11K/imgs/health/h2504.png,512,512,OK
TBX11K,h3829.png,data/raw/TBX11K/imgs/health/h3829.png,512,512,OK
TBX11K,h1958.png,data/raw/TBX11K/imgs/health/h1958.png,512,512,OK
TBX11K,h2289.png,data/raw/TBX11K/imgs/health/h2289.png,512,512,OK
TBX11K,h4820.png,data/raw/TBX11K/imgs/health/h4820.png,512,512,OK
TBX11K,h4834.png,data/raw/TBX11K/imgs/health/h4834.png,512,512,OK
TBX11K,h3183.png,data/raw/TBX11K/imgs/health/h3183.png,512,512,OK
TBX11K,h1794.png,data/raw/TBX11K/imgs/health/h1794.png,512,512,OK
TBX11K,h1964.png,data/raw/TBX11K/imgs/health/h1964.png,512,512,OK
TBX11K,h1970.png,data/raw/TBX11K/imgs/health/h1970.png,512,512,OK
TBX11K,h4808.png,data/raw/TBX11K/imgs/health/h4808.png,512,512,OK
TBX11K,h3801.png,data/raw/TBX11K/imgs/health/h3801.png,512,512,OK
TBX11K,h1971.png,data/raw/TBX11K/imgs/health/h1971.png,512,512,OK
TBX11K,h1795.png,data/raw/TBX11K/imgs/health/h1795.png,512,512,OK
TBX11K,h3182.png,data/raw/TBX11K/imgs/health/h3182.png,512,512,OK
TBX11K,h3828.png,data/raw/TBX11K/imgs/health/h3828.png,512,512,OK
TBX11K,h4821.png,data/raw/TBX11K/imgs/health/h4821.png,512,512,OK
TBX11K,h2288.png,data/raw/TBX11K/imgs/health/h2288.png,512,512,OK
TBX11K,h1781.png,data/raw/TBX11K/imgs/health/h1781.png,512,512,OK
TBX11K,h1959.png,data/raw/TBX11K/imgs/health/h1959.png,512,512,OK
TBX11K,h0474.png,data/raw/TBX11K/imgs/health/h0474.png,512,512,OK
TBX11K,h2263.png,data/raw/TBX11K/imgs/health/h2263.png,512,512,OK
TBX11K,h4612.png,data/raw/TBX11K/imgs/health/h4612.png,512,512,OK
TBX11K,h4174.png,data/raw/TBX11K/imgs/health/h4174.png,512,512,OK
TBX11K,h2505.png,data/raw/TBX11K/imgs/health/h2505.png,512,512,OK
TBX11K,h0312.png,data/raw/TBX11K/imgs/health/h0312.png,512,512,OK
TBX11K,h0306.png,data/raw/TBX11K/imgs/health/h0306.png,512,512,OK
TBX11K,h4160.png,data/raw/TBX11K/imgs/health/h4160.png,512,512,OK
TBX11K,h2277.png,data/raw/TBX11K/imgs/health/h2277.png,512,512,OK
TBX11K,h0460.png,data/raw/TBX11K/imgs/health/h0460.png,512,512,OK
TBX11K,h3141.png,data/raw/TBX11K/imgs/health/h3141.png,512,512,OK
TBX11K,h0448.png,data/raw/TBX11K/imgs/health/h0448.png,512,512,OK
TBX11K,h1756.png,data/raw/TBX11K/imgs/health/h1756.png,512,512,OK
TBX11K,h1030.png,data/raw/TBX11K/imgs/health/h1030.png,512,512,OK
TBX11K,h4148.png,data/raw/TBX11K/imgs/health/h4148.png,512,512,OK
TBX11K,h3633.png,data/raw/TBX11K/imgs/health/h3633.png,512,512,OK
TBX11K,h1024.png,data/raw/TBX11K/imgs/health/h1024.png,512,512,OK
TBX11K,h1742.png,data/raw/TBX11K/imgs/health/h1742.png,512,512,OK
TBX11K,h3155.png,data/raw/TBX11K/imgs/health/h3155.png,512,512,OK
TBX11K,h2908.png,data/raw/TBX11K/imgs/health/h2908.png,512,512,OK
TBX11K,h2920.png,data/raw/TBX11K/imgs/health/h2920.png,512,512,OK
TBX11K,h4389.png,data/raw/TBX11K/imgs/health/h4389.png,512,512,OK
TBX11K,h3380.png,data/raw/TBX11K/imgs/health/h3380.png,512,512,OK
TBX11K,h0689.png,data/raw/TBX11K/imgs/health/h0689.png,512,512,OK
TBX11K,h0851.png,data/raw/TBX11K/imgs/health/h0851.png,512,512,OK
TBX11K,h1597.png,data/raw/TBX11K/imgs/health/h1597.png,512,512,OK
TBX11K,h0845.png,data/raw/TBX11K/imgs/health/h0845.png,512,512,OK
TBX11K,h3394.png,data/raw/TBX11K/imgs/health/h3394.png,512,512,OK
TBX11K,h2934.png,data/raw/TBX11K/imgs/health/h2934.png,512,512,OK
TBX11K,h2707.png,data/raw/TBX11K/imgs/health/h2707.png,512,512,OK
TBX11K,h3419.png,data/raw/TBX11K/imgs/health/h3419.png,512,512,OK
TBX11K,h4410.png,data/raw/TBX11K/imgs/health/h4410.png,512,512,OK
TBX11K,h1568.png,data/raw/TBX11K/imgs/health/h1568.png,512,512,OK
TBX11K,h0662.png,data/raw/TBX11K/imgs/health/h0662.png,512,512,OK
TBX11K,h4404.png,data/raw/TBX11K/imgs/health/h4404.png,512,512,OK
TBX11K,h2075.png,data/raw/TBX11K/imgs/health/h2075.png,512,512,OK
TBX11K,h4362.png,data/raw/TBX11K/imgs/health/h4362.png,512,512,OK
TBX11K,h0104.png,data/raw/TBX11K/imgs/health/h0104.png,512,512,OK
TBX11K,h3425.png,data/raw/TBX11K/imgs/health/h3425.png,512,512,OK
TBX11K,h0892.png,data/raw/TBX11K/imgs/health/h0892.png,512,512,OK
TBX11K,h1554.png,data/raw/TBX11K/imgs/health/h1554.png,512,512,OK
TBX11K,h4438.png,data/raw/TBX11K/imgs/health/h4438.png,512,512,OK
TBX11K,h3357.png,data/raw/TBX11K/imgs/health/h3357.png,512,512,OK
TBX11K,h2049.png,data/raw/TBX11K/imgs/health/h2049.png,512,512,OK
TBX11K,h1540.png,data/raw/TBX11K/imgs/health/h1540.png,512,512,OK
TBX11K,h0138.png,data/raw/TBX11K/imgs/health/h0138.png,512,512,OK
TBX11K,h1226.png,data/raw/TBX11K/imgs/health/h1226.png,512,512,OK
TBX11K,h3431.png,data/raw/TBX11K/imgs/health/h3431.png,512,512,OK
TBX11K,h0919.png,data/raw/TBX11K/imgs/health/h0919.png,512,512,OK
TBX11K,h1385.png,data/raw/TBX11K/imgs/health/h1385.png,512,512,OK
TBX11K,h0925.png,data/raw/TBX11K/imgs/health/h0925.png,512,512,OK
TBX11K,h0931.png,data/raw/TBX11K/imgs/health/h0931.png,512,512,OK
TBX11K,h2698.png,data/raw/TBX11K/imgs/health/h2698.png,512,512,OK
TBX11K,h2840.png,data/raw/TBX11K/imgs/health/h2840.png,512,512,OK
TBX11K,h3586.png,data/raw/TBX11K/imgs/health/h3586.png,512,512,OK
TBX11K,h1391.png,data/raw/TBX11K/imgs/health/h1391.png,512,512,OK
TBX11K,h0064.png,data/raw/TBX11K/imgs/health/h0064.png,512,512,OK
TBX11K,h2673.png,data/raw/TBX11K/imgs/health/h2673.png,512,512,OK
TBX11K,h2115.png,data/raw/TBX11K/imgs/health/h2115.png,512,512,OK
TBX11K,h4564.png,data/raw/TBX11K/imgs/health/h4564.png,512,512,OK
TBX11K,h0702.png,data/raw/TBX11K/imgs/health/h0702.png,512,512,OK
TBX11K,h0716.png,data/raw/TBX11K/imgs/health/h0716.png,512,512,OK
TBX11K,h1408.png,data/raw/TBX11K/imgs/health/h1408.png,512,512,OK
TBX11K,h2101.png,data/raw/TBX11K/imgs/health/h2101.png,512,512,OK
TBX11K,h4570.png,data/raw/TBX11K/imgs/health/h4570.png,512,512,OK
TBX11K,h4216.png,data/raw/TBX11K/imgs/health/h4216.png,512,512,OK
TBX11K,h3579.png,data/raw/TBX11K/imgs/health/h3579.png,512,512,OK
TBX11K,h2667.png,data/raw/TBX11K/imgs/health/h2667.png,512,512,OK
TBX11K,h0070.png,data/raw/TBX11K/imgs/health/h0070.png,512,512,OK
TBX11K,h2897.png,data/raw/TBX11K/imgs/health/h2897.png,512,512,OK
TBX11K,h1346.png,data/raw/TBX11K/imgs/health/h1346.png,512,512,OK
TBX11K,h1420.png,data/raw/TBX11K/imgs/health/h1420.png,512,512,OK
TBX11K,h2129.png,data/raw/TBX11K/imgs/health/h2129.png,512,512,OK
TBX11K,h4558.png,data/raw/TBX11K/imgs/health/h4558.png,512,512,OK
TBX11K,h3223.png,data/raw/TBX11K/imgs/health/h3223.png,512,512,OK
TBX11K,h1434.png,data/raw/TBX11K/imgs/health/h1434.png,512,512,OK
TBX11K,h2883.png,data/raw/TBX11K/imgs/health/h2883.png,512,512,OK
TBX11K,h3545.png,data/raw/TBX11K/imgs/health/h3545.png,512,512,OK
TBX11K,h1805.png,data/raw/TBX11K/imgs/health/h1805.png,512,512,OK
TBX11K,h3974.png,data/raw/TBX11K/imgs/health/h3974.png,512,512,OK
TBX11K,h3960.png,data/raw/TBX11K/imgs/health/h3960.png,512,512,OK
TBX11K,h1811.png,data/raw/TBX11K/imgs/health/h1811.png,512,512,OK
TBX11K,h4969.png,data/raw/TBX11K/imgs/health/h4969.png,512,512,OK
TBX11K,h4941.png,data/raw/TBX11K/imgs/health/h4941.png,512,512,OK
TBX11K,h4799.png,data/raw/TBX11K/imgs/health/h4799.png,512,512,OK
TBX11K,h3948.png,data/raw/TBX11K/imgs/health/h3948.png,512,512,OK
TBX11K,h1187.png,data/raw/TBX11K/imgs/health/h1187.png,512,512,OK
TBX11K,h0299.png,data/raw/TBX11K/imgs/health/h0299.png,512,512,OK
TBX11K,h1193.png,data/raw/TBX11K/imgs/health/h1193.png,512,512,OK
TBX11K,h4955.png,data/raw/TBX11K/imgs/health/h4955.png,512,512,OK
TBX11K,h0500.png,data/raw/TBX11K/imgs/health/h0500.png,512,512,OK
TBX11K,h4766.png,data/raw/TBX11K/imgs/health/h4766.png,512,512,OK
TBX11K,h2317.png,data/raw/TBX11K/imgs/health/h2317.png,512,512,OK
TBX11K,h2471.png,data/raw/TBX11K/imgs/health/h2471.png,512,512,OK
TBX11K,h4000.png,data/raw/TBX11K/imgs/health/h4000.png,512,512,OK
TBX11K,h1178.png,data/raw/TBX11K/imgs/health/h1178.png,512,512,OK
TBX11K,h0272.png,data/raw/TBX11K/imgs/health/h0272.png,512,512,OK
TBX11K,h4014.png,data/raw/TBX11K/imgs/health/h4014.png,512,512,OK
TBX11K,h2303.png,data/raw/TBX11K/imgs/health/h2303.png,512,512,OK
TBX11K,h3035.png,data/raw/TBX11K/imgs/health/h3035.png,512,512,OK
TBX11K,h4982.png,data/raw/TBX11K/imgs/health/h4982.png,512,512,OK
TBX11K,h3753.png,data/raw/TBX11K/imgs/health/h3753.png,512,512,OK
TBX11K,h2459.png,data/raw/TBX11K/imgs/health/h2459.png,512,512,OK
TBX11K,h3747.png,data/raw/TBX11K/imgs/health/h3747.png,512,512,OK
TBX11K,h1150.png,data/raw/TBX11K/imgs/health/h1150.png,512,512,OK
TBX11K,h1636.png,data/raw/TBX11K/imgs/health/h1636.png,512,512,OK
TBX11K,h0528.png,data/raw/TBX11K/imgs/health/h0528.png,512,512,OK
TBX11K,h3021.png,data/raw/TBX11K/imgs/health/h3021.png,512,512,OK
TBX11K,h4996.png,data/raw/TBX11K/imgs/health/h4996.png,512,512,OK
TBX11K,tb0338.png,data/raw/TBX11K/imgs/tb/tb0338.png,512,512,OK
TBX11K,tb1032.png,data/raw/TBX11K/imgs/tb/tb1032.png,512,512,OK
TBX11K,tb0476.png,data/raw/TBX11K/imgs/tb/tb0476.png,512,512,OK
TBX11K,tb0489.png,data/raw/TBX11K/imgs/tb/tb0489.png,512,512,OK
TBX11K,tb0884.png,data/raw/TBX11K/imgs/tb/tb0884.png,512,512,OK
TBX11K,tb0890.png,data/raw/TBX11K/imgs/tb/tb0890.png,512,512,OK
TBX11K,tb0660.png,data/raw/TBX11K/imgs/tb/tb0660.png,512,512,OK
TBX11K,tb0853.png,data/raw/TBX11K/imgs/tb/tb0853.png,512,512,OK
TBX11K,tb0700.png,data/raw/TBX11K/imgs/tb/tb0700.png,512,512,OK
TBX11K,tb0066.png,data/raw/TBX11K/imgs/tb/tb0066.png,512,512,OK
TBX11K,tb0927.png,data/raw/TBX11K/imgs/tb/tb0927.png,512,512,OK
TBX11K,tb1152.png,data/raw/TBX11K/imgs/tb/tb1152.png,512,512,OK
TBX11K,tb0270.png,data/raw/TBX11K/imgs/tb/tb0270.png,512,512,OK
TBX11K,tb0264.png,data/raw/TBX11K/imgs/tb/tb0264.png,512,512,OK
TBX11K,tb1191.png,data/raw/TBX11K/imgs/tb/tb1191.png,512,512,OK
TBX11K,tb1185.png,data/raw/TBX11K/imgs/tb/tb1185.png,512,512,OK
TBX11K,tb1190.png,data/raw/TBX11K/imgs/tb/tb1190.png,512,512,OK
TBX11K,tb0503.png,data/raw/TBX11K/imgs/tb/tb0503.png,512,512,OK
TBX11K,tb0271.png,data/raw/TBX11K/imgs/tb/tb0271.png,512,512,OK
TBX11K,tb0926.png,data/raw/TBX11K/imgs/tb/tb0926.png,512,512,OK
TBX11K,tb0098.png,data/raw/TBX11K/imgs/tb/tb0098.png,512,512,OK
TBX11K,tb0073.png,data/raw/TBX11K/imgs/tb/tb0073.png,512,512,OK
TBX11K,tb0715.png,data/raw/TBX11K/imgs/tb/tb0715.png,512,512,OK
TBX11K,tb0729.png,data/raw/TBX11K/imgs/tb/tb0729.png,512,512,OK
TBX11K,tb0852.png,data/raw/TBX11K/imgs/tb/tb0852.png,512,512,OK
TBX11K,tb0846.png,data/raw/TBX11K/imgs/tb/tb0846.png,512,512,OK
TBX11K,tb0675.png,data/raw/TBX11K/imgs/tb/tb0675.png,512,512,OK
TBX11K,tb0107.png,data/raw/TBX11K/imgs/tb/tb0107.png,512,512,OK
TBX11K,tb0311.png,data/raw/TBX11K/imgs/tb/tb0311.png,512,512,OK
TBX11K,tb0477.png,data/raw/TBX11K/imgs/tb/tb0477.png,512,512,OK
TBX11K,tb0463.png,data/raw/TBX11K/imgs/tb/tb0463.png,512,512,OK
TBX11K,tb0305.png,data/raw/TBX11K/imgs/tb/tb0305.png,512,512,OK
TBX11K,tb1027.png,data/raw/TBX11K/imgs/tb/tb1027.png,512,512,OK
TBX11K,tb0449.png,data/raw/TBX11K/imgs/tb/tb0449.png,512,512,OK
TBX11K,tb1031.png,data/raw/TBX11K/imgs/tb/tb1031.png,512,512,OK
TBX11K,tb0475.png,data/raw/TBX11K/imgs/tb/tb0475.png,512,512,OK
TBX11K,tb0313.png,data/raw/TBX11K/imgs/tb/tb0313.png,512,512,OK
TBX11K,tb1019.png,data/raw/TBX11K/imgs/tb/tb1019.png,512,512,OK
TBX11K,tb0307.png,data/raw/TBX11K/imgs/tb/tb0307.png,512,512,OK
TBX11K,tb0893.png,data/raw/TBX11K/imgs/tb/tb0893.png,512,512,OK
TBX11K,tb0887.png,data/raw/TBX11K/imgs/tb/tb0887.png,512,512,OK
TBX11K,tb0139.png,data/raw/TBX11K/imgs/tb/tb0139.png,512,512,OK
TBX11K,tb0677.png,data/raw/TBX11K/imgs/tb/tb0677.png,512,512,OK
TBX11K,tb0663.png,data/raw/TBX11K/imgs/tb/tb0663.png,512,512,OK
TBX11K,tb0688.png,data/raw/TBX11K/imgs/tb/tb0688.png,512,512,OK
TBX11K,tb0844.png,data/raw/TBX11K/imgs/tb/tb0844.png,512,512,OK
TBX11K,tb0059.png,data/raw/TBX11K/imgs/tb/tb0059.png,512,512,OK
TBX11K,tb0065.png,data/raw/TBX11K/imgs/tb/tb0065.png,512,512,OK
TBX11K,tb0717.png,data/raw/TBX11K/imgs/tb/tb0717.png,512,512,OK
TBX11K,tb0071.png,data/raw/TBX11K/imgs/tb/tb0071.png,512,512,OK
TBX11K,tb0930.png,data/raw/TBX11K/imgs/tb/tb0930.png,512,512,OK
TBX11K,tb0918.png,data/raw/TBX11K/imgs/tb/tb0918.png,512,512,OK
TBX11K,tb0529.png,data/raw/TBX11K/imgs/tb/tb0529.png,512,512,OK
TBX11K,tb0501.png,data/raw/TBX11K/imgs/tb/tb0501.png,512,512,OK
TBX11K,tb0267.png,data/raw/TBX11K/imgs/tb/tb0267.png,512,512,OK
TBX11K,tb1179.png,data/raw/TBX11K/imgs/tb/tb1179.png,512,512,OK
TBX11K,tb0273.png,data/raw/TBX11K/imgs/tb/tb0273.png,512,512,OK
TBX11K,tb0515.png,data/raw/TBX11K/imgs/tb/tb0515.png,512,512,OK
TBX11K,tb1186.png,data/raw/TBX11K/imgs/tb/tb1186.png,512,512,OK
TBX11K,tb0298.png,data/raw/TBX11K/imgs/tb/tb0298.png,512,512,OK
TBX11K,tb1192.png,data/raw/TBX11K/imgs/tb/tb1192.png,512,512,OK
TBX11K,tb0299.png,data/raw/TBX11K/imgs/tb/tb0299.png,512,512,OK
TBX11K,tb0514.png,data/raw/TBX11K/imgs/tb/tb0514.png,512,512,OK
TBX11K,tb0500.png,data/raw/TBX11K/imgs/tb/tb0500.png,512,512,OK
TBX11K,tb1178.png,data/raw/TBX11K/imgs/tb/tb1178.png,512,512,OK
TBX11K,tb0266.png,data/raw/TBX11K/imgs/tb/tb0266.png,512,512,OK
TBX11K,tb1150.png,data/raw/TBX11K/imgs/tb/tb1150.png,512,512,OK
TBX11K,tb0528.png,data/raw/TBX11K/imgs/tb/tb0528.png,512,512,OK
TBX11K,tb0919.png,data/raw/TBX11K/imgs/tb/tb0919.png,512,512,OK
TBX11K,tb0931.png,data/raw/TBX11K/imgs/tb/tb0931.png,512,512,OK
TBX11K,tb0925.png,data/raw/TBX11K/imgs/tb/tb0925.png,512,512,OK
TBX11K,tb0716.png,data/raw/TBX11K/imgs/tb/tb0716.png,512,512,OK
TBX11K,tb0702.png,data/raw/TBX11K/imgs/tb/tb0702.png,512,512,OK
TBX11K,tb0879.png,data/raw/TBX11K/imgs/tb/tb0879.png,512,512,OK
TBX11K,tb0851.png,data/raw/TBX11K/imgs/tb/tb0851.png,512,512,OK
TBX11K,tb0662.png,data/raw/TBX11K/imgs/tb/tb0662.png,512,512,OK
TBX11K,tb0104.png,data/raw/TBX11K/imgs/tb/tb0104.png,512,512,OK
TBX11K,tb0676.png,data/raw/TBX11K/imgs/tb/tb0676.png,512,512,OK
TBX11K,tb0138.png,data/raw/TBX11K/imgs/tb/tb0138.png,512,512,OK
TBX11K,tb0892.png,data/raw/TBX11K/imgs/tb/tb0892.png,512,512,OK
TBX11K,tb0306.png,data/raw/TBX11K/imgs/tb/tb0306.png,512,512,OK
TBX11K,tb1018.png,data/raw/TBX11K/imgs/tb/tb1018.png,512,512,OK
TBX11K,tb0460.png,data/raw/TBX11K/imgs/tb/tb0460.png,512,512,OK
TBX11K,tb0474.png,data/raw/TBX11K/imgs/tb/tb0474.png,512,512,OK
TBX11K,tb1024.png,data/raw/TBX11K/imgs/tb/tb1024.png,512,512,OK
TBX11K,tb1030.png,data/raw/TBX11K/imgs/tb/tb1030.png,512,512,OK
TBX11K,tb1008.png,data/raw/TBX11K/imgs/tb/tb1008.png,512,512,OK
TBX11K,tb0316.png,data/raw/TBX11K/imgs/tb/tb0316.png,512,512,OK
TBX11K,tb0470.png,data/raw/TBX11K/imgs/tb/tb0470.png,512,512,OK
TBX11K,tb1034.png,data/raw/TBX11K/imgs/tb/tb1034.png,512,512,OK
TBX11K,tb1020.png,data/raw/TBX11K/imgs/tb/tb1020.png,512,512,OK
TBX11K,tb0672.png,data/raw/TBX11K/imgs/tb/tb0672.png,512,512,OK
TBX11K,tb0114.png,data/raw/TBX11K/imgs/tb/tb0114.png,512,512,OK
TBX11K,tb0100.png,data/raw/TBX11K/imgs/tb/tb0100.png,512,512,OK
TBX11K,tb0666.png,data/raw/TBX11K/imgs/tb/tb0666.png,512,512,OK
TBX11K,tb0896.png,data/raw/TBX11K/imgs/tb/tb0896.png,512,512,OK
TBX11K,tb0128.png,data/raw/TBX11K/imgs/tb/tb0128.png,512,512,OK
TBX11K,tb0882.png,data/raw/TBX11K/imgs/tb/tb0882.png,512,512,OK
TBX11K,tb0855.png,data/raw/TBX11K/imgs/tb/tb0855.png,512,512,OK
TBX11K,tb0841.png,data/raw/TBX11K/imgs/tb/tb0841.png,512,512,OK
TBX11K,tb0909.png,data/raw/TBX11K/imgs/tb/tb0909.png,512,512,OK
TBX11K,tb0921.png,data/raw/TBX11K/imgs/tb/tb0921.png,512,512,OK
TBX11K,tb0262.png,data/raw/TBX11K/imgs/tb/tb0262.png,512,512,OK
TBX11K,tb0504.png,data/raw/TBX11K/imgs/tb/tb0504.png,512,512,OK
TBX11K,tb0510.png,data/raw/TBX11K/imgs/tb/tb0510.png,512,512,OK
TBX11K,tb1168.png,data/raw/TBX11K/imgs/tb/tb1168.png,512,512,OK
TBX11K,tb0538.png,data/raw/TBX11K/imgs/tb/tb0538.png,512,512,OK
TBX11K,tb1154.png,data/raw/TBX11K/imgs/tb/tb1154.png,512,512,OK
TBX11K,tb1183.png,data/raw/TBX11K/imgs/tb/tb1183.png,512,512,OK
TBX11K,tb1197.png,data/raw/TBX11K/imgs/tb/tb1197.png,512,512,OK
TBX11K,tb0289.png,data/raw/TBX11K/imgs/tb/tb0289.png,512,512,OK
TBX11K,tb0288.png,data/raw/TBX11K/imgs/tb/tb0288.png,512,512,OK
TBX11K,tb1196.png,data/raw/TBX11K/imgs/tb/tb1196.png,512,512,OK
TBX11K,tb1141.png,data/raw/TBX11K/imgs/tb/tb1141.png,512,512,OK
TBX11K,tb0539.png,data/raw/TBX11K/imgs/tb/tb0539.png,512,512,OK
TBX11K,tb0277.png,data/raw/TBX11K/imgs/tb/tb0277.png,512,512,OK
TBX11K,tb0505.png,data/raw/TBX11K/imgs/tb/tb0505.png,512,512,OK
TBX11K,tb0934.png,data/raw/TBX11K/imgs/tb/tb0934.png,512,512,OK
TBX11K,tb0920.png,data/raw/TBX11K/imgs/tb/tb0920.png,512,512,OK
TBX11K,tb0908.png,data/raw/TBX11K/imgs/tb/tb0908.png,512,512,OK
TBX11K,tb0049.png,data/raw/TBX11K/imgs/tb/tb0049.png,512,512,OK
TBX11K,tb0075.png,data/raw/TBX11K/imgs/tb/tb0075.png,512,512,OK
TBX11K,tb0713.png,data/raw/TBX11K/imgs/tb/tb0713.png,512,512,OK
TBX11K,tb0897.png,data/raw/TBX11K/imgs/tb/tb0897.png,512,512,OK
TBX11K,tb0129.png,data/raw/TBX11K/imgs/tb/tb0129.png,512,512,OK
TBX11K,tb0667.png,data/raw/TBX11K/imgs/tb/tb0667.png,512,512,OK
TBX11K,tb0115.png,data/raw/TBX11K/imgs/tb/tb0115.png,512,512,OK
TBX11K,tb0459.png,data/raw/TBX11K/imgs/tb/tb0459.png,512,512,OK
TBX11K,tb1021.png,data/raw/TBX11K/imgs/tb/tb1021.png,512,512,OK
TBX11K,tb0465.png,data/raw/TBX11K/imgs/tb/tb0465.png,512,512,OK
TBX11K,tb0303.png,data/raw/TBX11K/imgs/tb/tb0303.png,512,512,OK
TBX11K,tb0317.png,data/raw/TBX11K/imgs/tb/tb0317.png,512,512,OK
TBX11K,tb0301.png,data/raw/TBX11K/imgs/tb/tb0301.png,512,512,OK
TBX11K,tb0467.png,data/raw/TBX11K/imgs/tb/tb0467.png,512,512,OK
TBX11K,tb0473.png,data/raw/TBX11K/imgs/tb/tb0473.png,512,512,OK
TBX11K,tb0315.png,data/raw/TBX11K/imgs/tb/tb0315.png,512,512,OK
TBX11K,tb1023.png,data/raw/TBX11K/imgs/tb/tb1023.png,512,512,OK
TBX11K,tb1037.png,data/raw/TBX11K/imgs/tb/tb1037.png,512,512,OK
TBX11K,tb0329.png,data/raw/TBX11K/imgs/tb/tb0329.png,512,512,OK
TBX11K,tb0498.png,data/raw/TBX11K/imgs/tb/tb0498.png,512,512,OK
TBX11K,tb0103.png,data/raw/TBX11K/imgs/tb/tb0103.png,512,512,OK
TBX11K,tb0117.png,data/raw/TBX11K/imgs/tb/tb0117.png,512,512,OK
TBX11K,tb0881.png,data/raw/TBX11K/imgs/tb/tb0881.png,512,512,OK
TBX11K,tb0659.png,data/raw/TBX11K/imgs/tb/tb0659.png,512,512,OK
TBX11K,tb0895.png,data/raw/TBX11K/imgs/tb/tb0895.png,512,512,OK
TBX11K,tb0842.png,data/raw/TBX11K/imgs/tb/tb0842.png,512,512,OK
TBX11K,tb0711.png,data/raw/TBX11K/imgs/tb/tb0711.png,512,512,OK
TBX11K,tb0077.png,data/raw/TBX11K/imgs/tb/tb0077.png,512,512,OK
TBX11K,tb0063.png,data/raw/TBX11K/imgs/tb/tb0063.png,512,512,OK
TBX11K,tb0705.png,data/raw/TBX11K/imgs/tb/tb0705.png,512,512,OK
TBX11K,tb0739.png,data/raw/TBX11K/imgs/tb/tb0739.png,512,512,OK
TBX11K,tb0088.png,data/raw/TBX11K/imgs/tb/tb0088.png,512,512,OK
TBX11K,tb0275.png,data/raw/TBX11K/imgs/tb/tb0275.png,512,512,OK
TBX11K,tb0507.png,data/raw/TBX11K/imgs/tb/tb0507.png,512,512,OK
TBX11K,tb1157.png,data/raw/TBX11K/imgs/tb/tb1157.png,512,512,OK
TBX11K,tb1143.png,data/raw/TBX11K/imgs/tb/tb1143.png,512,512,OK
TBX11K,tb1194.png,data/raw/TBX11K/imgs/tb/tb1194.png,512,512,OK
TBX11K,tb1180.png,data/raw/TBX11K/imgs/tb/tb1180.png,512,512,OK
TBX11K,tb1181.png,data/raw/TBX11K/imgs/tb/tb1181.png,512,512,OK
TBX11K,tb1156.png,data/raw/TBX11K/imgs/tb/tb1156.png,512,512,OK
TBX11K,tb0248.png,data/raw/TBX11K/imgs/tb/tb0248.png,512,512,OK
TBX11K,tb0506.png,data/raw/TBX11K/imgs/tb/tb0506.png,512,512,OK
TBX11K,tb0260.png,data/raw/TBX11K/imgs/tb/tb0260.png,512,512,OK
TBX11K,tb0274.png,data/raw/TBX11K/imgs/tb/tb0274.png,512,512,OK
TBX11K,tb0512.png,data/raw/TBX11K/imgs/tb/tb0512.png,512,512,OK
TBX11K,tb0923.png,data/raw/TBX11K/imgs/tb/tb0923.png,512,512,OK
TBX11K,tb0089.png,data/raw/TBX11K/imgs/tb/tb0089.png,512,512,OK
TBX11K,tb0738.png,data/raw/TBX11K/imgs/tb/tb0738.png,512,512,OK
TBX11K,tb0062.png,data/raw/TBX11K/imgs/tb/tb0062.png,512,512,OK
TBX11K,tb0710.png,data/raw/TBX11K/imgs/tb/tb0710.png,512,512,OK
TBX11K,tb0076.png,data/raw/TBX11K/imgs/tb/tb0076.png,512,512,OK
TBX11K,tb0843.png,data/raw/TBX11K/imgs/tb/tb0843.png,512,512,OK
TBX11K,tb0880.png,data/raw/TBX11K/imgs/tb/tb0880.png,512,512,OK
TBX11K,tb0664.png,data/raw/TBX11K/imgs/tb/tb0664.png,512,512,OK
TBX11K,tb0499.png,data/raw/TBX11K/imgs/tb/tb0499.png,512,512,OK
TBX11K,tb1036.png,data/raw/TBX11K/imgs/tb/tb1036.png,512,512,OK
TBX11K,tb1022.png,data/raw/TBX11K/imgs/tb/tb1022.png,512,512,OK
TBX11K,tb0472.png,data/raw/TBX11K/imgs/tb/tb0472.png,512,512,OK
TBX11K,tb0300.png,data/raw/TBX11K/imgs/tb/tb0300.png,512,512,OK
TBX11K,tb1045.png,data/raw/TBX11K/imgs/tb/tb1045.png,512,512,OK
TBX11K,tb0429.png,data/raw/TBX11K/imgs/tb/tb0429.png,512,512,OK
TBX11K,tb1079.png,data/raw/TBX11K/imgs/tb/tb1079.png,512,512,OK
TBX11K,tb0373.png,data/raw/TBX11K/imgs/tb/tb0373.png,512,512,OK
TBX11K,tb0398.png,data/raw/TBX11K/imgs/tb/tb0398.png,512,512,OK
TBX11K,tb1086.png,data/raw/TBX11K/imgs/tb/tb1086.png,512,512,OK
TBX11K,tb1092.png,data/raw/TBX11K/imgs/tb/tb1092.png,512,512,OK
TBX11K,tb0603.png,data/raw/TBX11K/imgs/tb/tb0603.png,512,512,OK
TBX11K,tb0617.png,data/raw/TBX11K/imgs/tb/tb0617.png,512,512,OK
TBX11K,tb0824.png,data/raw/TBX11K/imgs/tb/tb0824.png,512,512,OK
TBX11K,tb0830.png,data/raw/TBX11K/imgs/tb/tb0830.png,512,512,OK
TBX11K,tb0987.png,data/raw/TBX11K/imgs/tb/tb0987.png,512,512,OK
TBX11K,tb0777.png,data/raw/TBX11K/imgs/tb/tb0777.png,512,512,OK
TBX11K,tb0005.png,data/raw/TBX11K/imgs/tb/tb0005.png,512,512,OK
TBX11K,tb0763.png,data/raw/TBX11K/imgs/tb/tb0763.png,512,512,OK
TBX11K,tb0950.png,data/raw/TBX11K/imgs/tb/tb0950.png,512,512,OK
TBX11K,tb0788.png,data/raw/TBX11K/imgs/tb/tb0788.png,512,512,OK
TBX11K,tb0978.png,data/raw/TBX11K/imgs/tb/tb0978.png,512,512,OK
TBX11K,tb1131.png,data/raw/TBX11K/imgs/tb/tb1131.png,512,512,OK
TBX11K,tb0549.png,data/raw/TBX11K/imgs/tb/tb0549.png,512,512,OK
TBX11K,tb0575.png,data/raw/TBX11K/imgs/tb/tb0575.png,512,512,OK
TBX11K,tb0206.png,data/raw/TBX11K/imgs/tb/tb0206.png,512,512,OK
TBX11K,tb0212.png,data/raw/TBX11K/imgs/tb/tb0212.png,512,512,OK
TBX11K,tb0574.png,data/raw/TBX11K/imgs/tb/tb0574.png,512,512,OK
TBX11K,tb1124.png,data/raw/TBX11K/imgs/tb/tb1124.png,512,512,OK
TBX11K,tb0548.png,data/raw/TBX11K/imgs/tb/tb0548.png,512,512,OK
TBX11K,tb0979.png,data/raw/TBX11K/imgs/tb/tb0979.png,512,512,OK
TBX11K,tb0945.png,data/raw/TBX11K/imgs/tb/tb0945.png,512,512,OK
TBX11K,tb0951.png,data/raw/TBX11K/imgs/tb/tb0951.png,512,512,OK
TBX11K,tb0004.png,data/raw/TBX11K/imgs/tb/tb0004.png,512,512,OK
TBX11K,tb0762.png,data/raw/TBX11K/imgs/tb/tb0762.png,512,512,OK
TBX11K,tb0776.png,data/raw/TBX11K/imgs/tb/tb0776.png,512,512,OK
TBX11K,tb0819.png,data/raw/TBX11K/imgs/tb/tb0819.png,512,512,OK
TBX11K,tb0831.png,data/raw/TBX11K/imgs/tb/tb0831.png,512,512,OK
TBX11K,tb0825.png,data/raw/TBX11K/imgs/tb/tb0825.png,512,512,OK
TBX11K,tb0170.png,data/raw/TBX11K/imgs/tb/tb0170.png,512,512,OK
TBX11K,tb0616.png,data/raw/TBX11K/imgs/tb/tb0616.png,512,512,OK
TBX11K,tb0602.png,data/raw/TBX11K/imgs/tb/tb0602.png,512,512,OK
TBX11K,tb0164.png,data/raw/TBX11K/imgs/tb/tb0164.png,512,512,OK
TBX11K,tb1093.png,data/raw/TBX11K/imgs/tb/tb1093.png,512,512,OK
TBX11K,tb0399.png,data/raw/TBX11K/imgs/tb/tb0399.png,512,512,OK
TBX11K,tb0372.png,data/raw/TBX11K/imgs/tb/tb0372.png,512,512,OK
TBX11K,tb0366.png,data/raw/TBX11K/imgs/tb/tb0366.png,512,512,OK
TBX11K,tb1078.png,data/raw/TBX11K/imgs/tb/tb1078.png,512,512,OK
TBX11K,tb1050.png,data/raw/TBX11K/imgs/tb/tb1050.png,512,512,OK
TBX11K,tb1044.png,data/raw/TBX11K/imgs/tb/tb1044.png,512,512,OK
TBX11K,tb1052.png,data/raw/TBX11K/imgs/tb/tb1052.png,512,512,OK
TBX11K,tb0370.png,data/raw/TBX11K/imgs/tb/tb0370.png,512,512,OK
TBX11K,tb0402.png,data/raw/TBX11K/imgs/tb/tb0402.png,512,512,OK
TBX11K,tb0364.png,data/raw/TBX11K/imgs/tb/tb0364.png,512,512,OK
TBX11K,tb1085.png,data/raw/TBX11K/imgs/tb/tb1085.png,512,512,OK
TBX11K,tb0628.png,data/raw/TBX11K/imgs/tb/tb0628.png,512,512,OK
TBX11K,tb0166.png,data/raw/TBX11K/imgs/tb/tb0166.png,512,512,OK
TBX11K,tb0600.png,data/raw/TBX11K/imgs/tb/tb0600.png,512,512,OK
TBX11K,tb0833.png,data/raw/TBX11K/imgs/tb/tb0833.png,512,512,OK
TBX11K,tb0199.png,data/raw/TBX11K/imgs/tb/tb0199.png,512,512,OK
TBX11K,tb0827.png,data/raw/TBX11K/imgs/tb/tb0827.png,512,512,OK
TBX11K,tb0984.png,data/raw/TBX11K/imgs/tb/tb0984.png,512,512,OK
TBX11K,tb0990.png,data/raw/TBX11K/imgs/tb/tb0990.png,512,512,OK
TBX11K,tb0760.png,data/raw/TBX11K/imgs/tb/tb0760.png,512,512,OK
TBX11K,tb0006.png,data/raw/TBX11K/imgs/tb/tb0006.png,512,512,OK
TBX11K,tb0012.png,data/raw/TBX11K/imgs/tb/tb0012.png,512,512,OK
TBX11K,tb0953.png,data/raw/TBX11K/imgs/tb/tb0953.png,512,512,OK
TBX11K,tb0238.png,data/raw/TBX11K/imgs/tb/tb0238.png,512,512,OK
TBX11K,tb1126.png,data/raw/TBX11K/imgs/tb/tb1126.png,512,512,OK
TBX11K,tb1132.png,data/raw/TBX11K/imgs/tb/tb1132.png,512,512,OK
TBX11K,tb0562.png,data/raw/TBX11K/imgs/tb/tb0562.png,512,512,OK
TBX11K,tb0576.png,data/raw/TBX11K/imgs/tb/tb0576.png,512,512,OK
TBX11K,tb0577.png,data/raw/TBX11K/imgs/tb/tb0577.png,512,512,OK
TBX11K,tb0205.png,data/raw/TBX11K/imgs/tb/tb0205.png,512,512,OK
TBX11K,tb0563.png,data/raw/TBX11K/imgs/tb/tb0563.png,512,512,OK
TBX11K,tb1133.png,data/raw/TBX11K/imgs/tb/tb1133.png,512,512,OK
TBX11K,tb1127.png,data/raw/TBX11K/imgs/tb/tb1127.png,512,512,OK
TBX11K,tb0239.png,data/raw/TBX11K/imgs/tb/tb0239.png,512,512,OK
TBX11K,tb0007.png,data/raw/TBX11K/imgs/tb/tb0007.png,512,512,OK
TBX11K,tb0991.png,data/raw/TBX11K/imgs/tb/tb0991.png,512,512,OK
TBX11K,tb0749.png,data/raw/TBX11K/imgs/tb/tb0749.png,512,512,OK
TBX11K,tb0985.png,data/raw/TBX11K/imgs/tb/tb0985.png,512,512,OK
TBX11K,tb0826.png,data/raw/TBX11K/imgs/tb/tb0826.png,512,512,OK
TBX11K,tb0832.png,data/raw/TBX11K/imgs/tb/tb0832.png,512,512,OK
TBX11K,tb0167.png,data/raw/TBX11K/imgs/tb/tb0167.png,512,512,OK
TBX11K,tb0601.png,data/raw/TBX11K/imgs/tb/tb0601.png,512,512,OK
TBX11K,tb0615.png,data/raw/TBX11K/imgs/tb/tb0615.png,512,512,OK
TBX11K,tb1084.png,data/raw/TBX11K/imgs/tb/tb1084.png,512,512,OK
TBX11K,tb1090.png,data/raw/TBX11K/imgs/tb/tb1090.png,512,512,OK
TBX11K,tb0365.png,data/raw/TBX11K/imgs/tb/tb0365.png,512,512,OK
TBX11K,tb0371.png,data/raw/TBX11K/imgs/tb/tb0371.png,512,512,OK
TBX11K,tb0417.png,data/raw/TBX11K/imgs/tb/tb0417.png,512,512,OK
TBX11K,tb1047.png,data/raw/TBX11K/imgs/tb/tb1047.png,512,512,OK
TBX11K,tb0413.png,data/raw/TBX11K/imgs/tb/tb0413.png,512,512,OK
TBX11K,tb0361.png,data/raw/TBX11K/imgs/tb/tb0361.png,512,512,OK
TBX11K,tb0407.png,data/raw/TBX11K/imgs/tb/tb0407.png,512,512,OK
TBX11K,tb1057.png,data/raw/TBX11K/imgs/tb/tb1057.png,512,512,OK
TBX11K,tb0349.png,data/raw/TBX11K/imgs/tb/tb0349.png,512,512,OK
TBX11K,tb1043.png,data/raw/TBX11K/imgs/tb/tb1043.png,512,512,OK
TBX11K,tb1080.png,data/raw/TBX11K/imgs/tb/tb1080.png,512,512,OK
TBX11K,tb0177.png,data/raw/TBX11K/imgs/tb/tb0177.png,512,512,OK
TBX11K,tb0611.png,data/raw/TBX11K/imgs/tb/tb0611.png,512,512,OK
TBX11K,tb0163.png,data/raw/TBX11K/imgs/tb/tb0163.png,512,512,OK
TBX11K,tb0639.png,data/raw/TBX11K/imgs/tb/tb0639.png,512,512,OK
TBX11K,tb0822.png,data/raw/TBX11K/imgs/tb/tb0822.png,512,512,OK
TBX11K,tb0003.png,data/raw/TBX11K/imgs/tb/tb0003.png,512,512,OK
TBX11K,tb0765.png,data/raw/TBX11K/imgs/tb/tb0765.png,512,512,OK
TBX11K,tb0017.png,data/raw/TBX11K/imgs/tb/tb0017.png,512,512,OK
TBX11K,tb0759.png,data/raw/TBX11K/imgs/tb/tb0759.png,512,512,OK
TBX11K,tb0981.png,data/raw/TBX11K/imgs/tb/tb0981.png,512,512,OK
TBX11K,tb0995.png,data/raw/TBX11K/imgs/tb/tb0995.png,512,512,OK
TBX11K,tb0942.png,data/raw/TBX11K/imgs/tb/tb0942.png,512,512,OK
TBX11K,tb0567.png,data/raw/TBX11K/imgs/tb/tb0567.png,512,512,OK
TBX11K,tb0201.png,data/raw/TBX11K/imgs/tb/tb0201.png,512,512,OK
TBX11K,tb0573.png,data/raw/TBX11K/imgs/tb/tb0573.png,512,512,OK
TBX11K,tb1123.png,data/raw/TBX11K/imgs/tb/tb1123.png,512,512,OK
TBX11K,tb0229.png,data/raw/TBX11K/imgs/tb/tb0229.png,512,512,OK
TBX11K,tb1137.png,data/raw/TBX11K/imgs/tb/tb1137.png,512,512,OK
TBX11K,tb0598.png,data/raw/TBX11K/imgs/tb/tb0598.png,512,512,OK
TBX11K,tb1136.png,data/raw/TBX11K/imgs/tb/tb1136.png,512,512,OK
TBX11K,tb0228.png,data/raw/TBX11K/imgs/tb/tb0228.png,512,512,OK
TBX11K,tb1122.png,data/raw/TBX11K/imgs/tb/tb1122.png,512,512,OK
TBX11K,tb0566.png,data/raw/TBX11K/imgs/tb/tb0566.png,512,512,OK
TBX11K,tb0200.png,data/raw/TBX11K/imgs/tb/tb0200.png,512,512,OK
TBX11K,tb0957.png,data/raw/TBX11K/imgs/tb/tb0957.png,512,512,OK
TBX11K,tb0943.png,data/raw/TBX11K/imgs/tb/tb0943.png,512,512,OK
TBX11K,tb0994.png,data/raw/TBX11K/imgs/tb/tb0994.png,512,512,OK
TBX11K,tb0980.png,data/raw/TBX11K/imgs/tb/tb0980.png,512,512,OK
TBX11K,tb0758.png,data/raw/TBX11K/imgs/tb/tb0758.png,512,512,OK
TBX11K,tb0770.png,data/raw/TBX11K/imgs/tb/tb0770.png,512,512,OK
TBX11K,tb0823.png,data/raw/TBX11K/imgs/tb/tb0823.png,512,512,OK
TBX11K,tb0837.png,data/raw/TBX11K/imgs/tb/tb0837.png,512,512,OK
TBX11K,tb0638.png,data/raw/TBX11K/imgs/tb/tb0638.png,512,512,OK
TBX11K,tb0162.png,data/raw/TBX11K/imgs/tb/tb0162.png,512,512,OK
TBX11K,tb0176.png,data/raw/TBX11K/imgs/tb/tb0176.png,512,512,OK
TBX11K,tb0610.png,data/raw/TBX11K/imgs/tb/tb0610.png,512,512,OK
TBX11K,tb1042.png,data/raw/TBX11K/imgs/tb/tb1042.png,512,512,OK
TBX11K,tb0348.png,data/raw/TBX11K/imgs/tb/tb0348.png,512,512,OK
TBX11K,tb1056.png,data/raw/TBX11K/imgs/tb/tb1056.png,512,512,OK
TBX11K,tb0360.png,data/raw/TBX11K/imgs/tb/tb0360.png,512,512,OK
TBX11K,tb0406.png,data/raw/TBX11K/imgs/tb/tb0406.png,512,512,OK
TBX11K,tb0374.png,data/raw/TBX11K/imgs/tb/tb0374.png,512,512,OK
TBX11K,tb0404.png,data/raw/TBX11K/imgs/tb/tb0404.png,512,512,OK
TBX11K,tb0362.png,data/raw/TBX11K/imgs/tb/tb0362.png,512,512,OK
TBX11K,tb1068.png,data/raw/TBX11K/imgs/tb/tb1068.png,512,512,OK
TBX11K,tb0376.png,data/raw/TBX11K/imgs/tb/tb0376.png,512,512,OK
TBX11K,tb1054.png,data/raw/TBX11K/imgs/tb/tb1054.png,512,512,OK
TBX11K,tb0389.png,data/raw/TBX11K/imgs/tb/tb0389.png,512,512,OK
TBX11K,tb0606.png,data/raw/TBX11K/imgs/tb/tb0606.png,512,512,OK
TBX11K,tb0612.png,data/raw/TBX11K/imgs/tb/tb0612.png,512,512,OK
TBX11K,tb0174.png,data/raw/TBX11K/imgs/tb/tb0174.png,512,512,OK
TBX11K,tb0148.png,data/raw/TBX11K/imgs/tb/tb0148.png,512,512,OK
TBX11K,tb0821.png,data/raw/TBX11K/imgs/tb/tb0821.png,512,512,OK
TBX11K,tb0014.png,data/raw/TBX11K/imgs/tb/tb0014.png,512,512,OK
TBX11K,tb0766.png,data/raw/TBX11K/imgs/tb/tb0766.png,512,512,OK
TBX11K,tb0028.png,data/raw/TBX11K/imgs/tb/tb0028.png,512,512,OK
TBX11K,tb0996.png,data/raw/TBX11K/imgs/tb/tb0996.png,512,512,OK
TBX11K,tb0982.png,data/raw/TBX11K/imgs/tb/tb0982.png,512,512,OK
TBX11K,tb0955.png,data/raw/TBX11K/imgs/tb/tb0955.png,512,512,OK
TBX11K,tb0799.png,data/raw/TBX11K/imgs/tb/tb0799.png,512,512,OK
TBX11K,tb0570.png,data/raw/TBX11K/imgs/tb/tb0570.png,512,512,OK
TBX11K,tb0216.png,data/raw/TBX11K/imgs/tb/tb0216.png,512,512,OK
TBX11K,tb1108.png,data/raw/TBX11K/imgs/tb/tb1108.png,512,512,OK
TBX11K,tb0202.png,data/raw/TBX11K/imgs/tb/tb0202.png,512,512,OK
TBX11K,tb0564.png,data/raw/TBX11K/imgs/tb/tb0564.png,512,512,OK
TBX11K,tb1134.png,data/raw/TBX11K/imgs/tb/tb1134.png,512,512,OK
TBX11K,tb1120.png,data/raw/TBX11K/imgs/tb/tb1120.png,512,512,OK
TBX11K,tb0558.png,data/raw/TBX11K/imgs/tb/tb0558.png,512,512,OK
TBX11K,tb0559.png,data/raw/TBX11K/imgs/tb/tb0559.png,512,512,OK
TBX11K,tb0203.png,data/raw/TBX11K/imgs/tb/tb0203.png,512,512,OK
TBX11K,tb0571.png,data/raw/TBX11K/imgs/tb/tb0571.png,512,512,OK
TBX11K,tb0217.png,data/raw/TBX11K/imgs/tb/tb0217.png,512,512,OK
TBX11K,tb0798.png,data/raw/TBX11K/imgs/tb/tb0798.png,512,512,OK
TBX11K,tb0940.png,data/raw/TBX11K/imgs/tb/tb0940.png,512,512,OK
TBX11K,tb0954.png,data/raw/TBX11K/imgs/tb/tb0954.png,512,512,OK
TBX11K,tb0968.png,data/raw/TBX11K/imgs/tb/tb0968.png,512,512,OK
TBX11K,tb0983.png,data/raw/TBX11K/imgs/tb/tb0983.png,512,512,OK
TBX11K,tb0029.png,data/raw/TBX11K/imgs/tb/tb0029.png,512,512,OK
TBX11K,tb0997.png,data/raw/TBX11K/imgs/tb/tb0997.png,512,512,OK
TBX11K,tb0767.png,data/raw/TBX11K/imgs/tb/tb0767.png,512,512,OK
TBX11K,tb0015.png,data/raw/TBX11K/imgs/tb/tb0015.png,512,512,OK
TBX11K,tb0773.png,data/raw/TBX11K/imgs/tb/tb0773.png,512,512,OK
TBX11K,tb0834.png,data/raw/TBX11K/imgs/tb/tb0834.png,512,512,OK
TBX11K,tb0175.png,data/raw/TBX11K/imgs/tb/tb0175.png,512,512,OK
TBX11K,tb0607.png,data/raw/TBX11K/imgs/tb/tb0607.png,512,512,OK
TBX11K,tb1096.png,data/raw/TBX11K/imgs/tb/tb1096.png,512,512,OK
TBX11K,tb0388.png,data/raw/TBX11K/imgs/tb/tb0388.png,512,512,OK
TBX11K,tb1082.png,data/raw/TBX11K/imgs/tb/tb1082.png,512,512,OK
TBX11K,tb1055.png,data/raw/TBX11K/imgs/tb/tb1055.png,512,512,OK
TBX11K,tb0439.png,data/raw/TBX11K/imgs/tb/tb0439.png,512,512,OK
TBX11K,tb1041.png,data/raw/TBX11K/imgs/tb/tb1041.png,512,512,OK
TBX11K,tb0377.png,data/raw/TBX11K/imgs/tb/tb0377.png,512,512,OK
TBX11K,tb0405.png,data/raw/TBX11K/imgs/tb/tb0405.png,512,512,OK
TBX11K,tb1064.png,data/raw/TBX11K/imgs/tb/tb1064.png,512,512,OK
TBX11K,tb0408.png,data/raw/TBX11K/imgs/tb/tb0408.png,512,512,OK
TBX11K,tb1070.png,data/raw/TBX11K/imgs/tb/tb1070.png,512,512,OK
TBX11K,tb1058.png,data/raw/TBX11K/imgs/tb/tb1058.png,512,512,OK
TBX11K,tb0346.png,data/raw/TBX11K/imgs/tb/tb0346.png,512,512,OK
TBX11K,tb0420.png,data/raw/TBX11K/imgs/tb/tb0420.png,512,512,OK
TBX11K,tb0434.png,data/raw/TBX11K/imgs/tb/tb0434.png,512,512,OK
TBX11K,tb0352.png,data/raw/TBX11K/imgs/tb/tb0352.png,512,512,OK
TBX11K,tb0391.png,data/raw/TBX11K/imgs/tb/tb0391.png,512,512,OK
TBX11K,tb0622.png,data/raw/TBX11K/imgs/tb/tb0622.png,512,512,OK
TBX11K,tb0150.png,data/raw/TBX11K/imgs/tb/tb0150.png,512,512,OK
TBX11K,tb0636.png,data/raw/TBX11K/imgs/tb/tb0636.png,512,512,OK
TBX11K,tb0805.png,data/raw/TBX11K/imgs/tb/tb0805.png,512,512,OK
TBX11K,tb0839.png,data/raw/TBX11K/imgs/tb/tb0839.png,512,512,OK
TBX11K,tb0193.png,data/raw/TBX11K/imgs/tb/tb0193.png,512,512,OK
TBX11K,tb0018.png,data/raw/TBX11K/imgs/tb/tb0018.png,512,512,OK
TBX11K,tb0030.png,data/raw/TBX11K/imgs/tb/tb0030.png,512,512,OK
TBX11K,tb0024.png,data/raw/TBX11K/imgs/tb/tb0024.png,512,512,OK
TBX11K,tb0742.png,data/raw/TBX11K/imgs/tb/tb0742.png,512,512,OK
TBX11K,tb0965.png,data/raw/TBX11K/imgs/tb/tb0965.png,512,512,OK
TBX11K,tb0795.png,data/raw/TBX11K/imgs/tb/tb0795.png,512,512,OK
TBX11K,tb0781.png,data/raw/TBX11K/imgs/tb/tb0781.png,512,512,OK
TBX11K,tb1104.png,data/raw/TBX11K/imgs/tb/tb1104.png,512,512,OK
TBX11K,tb0232.png,data/raw/TBX11K/imgs/tb/tb0232.png,512,512,OK
TBX11K,tb0554.png,data/raw/TBX11K/imgs/tb/tb0554.png,512,512,OK
TBX11K,tb0540.png,data/raw/TBX11K/imgs/tb/tb0540.png,512,512,OK
TBX11K,tb0226.png,data/raw/TBX11K/imgs/tb/tb0226.png,512,512,OK
TBX11K,tb1138.png,data/raw/TBX11K/imgs/tb/tb1138.png,512,512,OK
TBX11K,tb0583.png,data/raw/TBX11K/imgs/tb/tb0583.png,512,512,OK
TBX11K,tb0582.png,data/raw/TBX11K/imgs/tb/tb0582.png,512,512,OK
TBX11K,tb0596.png,data/raw/TBX11K/imgs/tb/tb0596.png,512,512,OK
TBX11K,tb0541.png,data/raw/TBX11K/imgs/tb/tb0541.png,512,512,OK
TBX11K,tb1139.png,data/raw/TBX11K/imgs/tb/tb1139.png,512,512,OK
TBX11K,tb0227.png,data/raw/TBX11K/imgs/tb/tb0227.png,512,512,OK
TBX11K,tb0555.png,data/raw/TBX11K/imgs/tb/tb0555.png,512,512,OK
TBX11K,tb1105.png,data/raw/TBX11K/imgs/tb/tb1105.png,512,512,OK
TBX11K,tb0569.png,data/raw/TBX11K/imgs/tb/tb0569.png,512,512,OK
TBX11K,tb0794.png,data/raw/TBX11K/imgs/tb/tb0794.png,512,512,OK
TBX11K,tb0964.png,data/raw/TBX11K/imgs/tb/tb0964.png,512,512,OK
TBX11K,tb0970.png,data/raw/TBX11K/imgs/tb/tb0970.png,512,512,OK
TBX11K,tb0743.png,data/raw/TBX11K/imgs/tb/tb0743.png,512,512,OK
TBX11K,tb0031.png,data/raw/TBX11K/imgs/tb/tb0031.png,512,512,OK
TBX11K,tb0019.png,data/raw/TBX11K/imgs/tb/tb0019.png,512,512,OK
TBX11K,tb0192.png,data/raw/TBX11K/imgs/tb/tb0192.png,512,512,OK
TBX11K,tb0838.png,data/raw/TBX11K/imgs/tb/tb0838.png,512,512,OK
TBX11K,tb0186.png,data/raw/TBX11K/imgs/tb/tb0186.png,512,512,OK
TBX11K,tb0804.png,data/raw/TBX11K/imgs/tb/tb0804.png,512,512,OK
TBX11K,tb0151.png,data/raw/TBX11K/imgs/tb/tb0151.png,512,512,OK
TBX11K,tb0637.png,data/raw/TBX11K/imgs/tb/tb0637.png,512,512,OK
TBX11K,tb0623.png,data/raw/TBX11K/imgs/tb/tb0623.png,512,512,OK
TBX11K,tb0145.png,data/raw/TBX11K/imgs/tb/tb0145.png,512,512,OK
TBX11K,tb0179.png,data/raw/TBX11K/imgs/tb/tb0179.png,512,512,OK
TBX11K,tb0390.png,data/raw/TBX11K/imgs/tb/tb0390.png,512,512,OK
TBX11K,tb0435.png,data/raw/TBX11K/imgs/tb/tb0435.png,512,512,OK
TBX11K,tb0353.png,data/raw/TBX11K/imgs/tb/tb0353.png,512,512,OK
TBX11K,tb0347.png,data/raw/TBX11K/imgs/tb/tb0347.png,512,512,OK
TBX11K,tb1059.png,data/raw/TBX11K/imgs/tb/tb1059.png,512,512,OK
TBX11K,tb0409.png,data/raw/TBX11K/imgs/tb/tb0409.png,512,512,OK
TBX11K,tb1071.png,data/raw/TBX11K/imgs/tb/tb1071.png,512,512,OK
TBX11K,tb1065.png,data/raw/TBX11K/imgs/tb/tb1065.png,512,512,OK
TBX11K,tb1073.png,data/raw/TBX11K/imgs/tb/tb1073.png,512,512,OK
TBX11K,tb1067.png,data/raw/TBX11K/imgs/tb/tb1067.png,512,512,OK
TBX11K,tb0345.png,data/raw/TBX11K/imgs/tb/tb0345.png,512,512,OK
TBX11K,tb0392.png,data/raw/TBX11K/imgs/tb/tb0392.png,512,512,OK
TBX11K,tb0386.png,data/raw/TBX11K/imgs/tb/tb0386.png,512,512,OK
TBX11K,tb1098.png,data/raw/TBX11K/imgs/tb/tb1098.png,512,512,OK
TBX11K,tb0609.png,data/raw/TBX11K/imgs/tb/tb0609.png,512,512,OK
TBX11K,tb0635.png,data/raw/TBX11K/imgs/tb/tb0635.png,512,512,OK
TBX11K,tb0153.png,data/raw/TBX11K/imgs/tb/tb0153.png,512,512,OK
TBX11K,tb0147.png,data/raw/TBX11K/imgs/tb/tb0147.png,512,512,OK
TBX11K,tb0621.png,data/raw/TBX11K/imgs/tb/tb0621.png,512,512,OK
TBX11K,tb0812.png,data/raw/TBX11K/imgs/tb/tb0812.png,512,512,OK
TBX11K,tb0806.png,data/raw/TBX11K/imgs/tb/tb0806.png,512,512,OK
TBX11K,tb0190.png,data/raw/TBX11K/imgs/tb/tb0190.png,512,512,OK
TBX11K,tb0184.png,data/raw/TBX11K/imgs/tb/tb0184.png,512,512,OK
TBX11K,tb0999.png,data/raw/TBX11K/imgs/tb/tb0999.png,512,512,OK
TBX11K,tb0027.png,data/raw/TBX11K/imgs/tb/tb0027.png,512,512,OK
TBX11K,tb0033.png,data/raw/TBX11K/imgs/tb/tb0033.png,512,512,OK
TBX11K,tb0755.png,data/raw/TBX11K/imgs/tb/tb0755.png,512,512,OK
TBX11K,tb0966.png,data/raw/TBX11K/imgs/tb/tb0966.png,512,512,OK
TBX11K,tb0796.png,data/raw/TBX11K/imgs/tb/tb0796.png,512,512,OK
TBX11K,tb0219.png,data/raw/TBX11K/imgs/tb/tb0219.png,512,512,OK
TBX11K,tb1107.png,data/raw/TBX11K/imgs/tb/tb1107.png,512,512,OK
TBX11K,tb1113.png,data/raw/TBX11K/imgs/tb/tb1113.png,512,512,OK
TBX11K,tb0543.png,data/raw/TBX11K/imgs/tb/tb0543.png,512,512,OK
TBX11K,tb0231.png,data/raw/TBX11K/imgs/tb/tb0231.png,512,512,OK
TBX11K,tb0594.png,data/raw/TBX11K/imgs/tb/tb0594.png,512,512,OK
TBX11K,tb0595.png,data/raw/TBX11K/imgs/tb/tb0595.png,512,512,OK
TBX11K,tb0581.png,data/raw/TBX11K/imgs/tb/tb0581.png,512,512,OK
TBX11K,tb0556.png,data/raw/TBX11K/imgs/tb/tb0556.png,512,512,OK
TBX11K,tb0542.png,data/raw/TBX11K/imgs/tb/tb0542.png,512,512,OK
TBX11K,tb1112.png,data/raw/TBX11K/imgs/tb/tb1112.png,512,512,OK
TBX11K,tb1106.png,data/raw/TBX11K/imgs/tb/tb1106.png,512,512,OK
TBX11K,tb0797.png,data/raw/TBX11K/imgs/tb/tb0797.png,512,512,OK
TBX11K,tb0783.png,data/raw/TBX11K/imgs/tb/tb0783.png,512,512,OK
TBX11K,tb0032.png,data/raw/TBX11K/imgs/tb/tb0032.png,512,512,OK
TBX11K,tb0754.png,data/raw/TBX11K/imgs/tb/tb0754.png,512,512,OK
TBX11K,tb0998.png,data/raw/TBX11K/imgs/tb/tb0998.png,512,512,OK
TBX11K,tb0026.png,data/raw/TBX11K/imgs/tb/tb0026.png,512,512,OK
TBX11K,tb0191.png,data/raw/TBX11K/imgs/tb/tb0191.png,512,512,OK
TBX11K,tb0807.png,data/raw/TBX11K/imgs/tb/tb0807.png,512,512,OK
TBX11K,tb0813.png,data/raw/TBX11K/imgs/tb/tb0813.png,512,512,OK
TBX11K,tb0146.png,data/raw/TBX11K/imgs/tb/tb0146.png,512,512,OK
TBX11K,tb0620.png,data/raw/TBX11K/imgs/tb/tb0620.png,512,512,OK
TBX11K,tb0634.png,data/raw/TBX11K/imgs/tb/tb0634.png,512,512,OK
TBX11K,tb0608.png,data/raw/TBX11K/imgs/tb/tb0608.png,512,512,OK
TBX11K,tb1099.png,data/raw/TBX11K/imgs/tb/tb1099.png,512,512,OK
TBX11K,tb0393.png,data/raw/TBX11K/imgs/tb/tb0393.png,512,512,OK
TBX11K,tb0350.png,data/raw/TBX11K/imgs/tb/tb0350.png,512,512,OK
TBX11K,tb0378.png,data/raw/TBX11K/imgs/tb/tb0378.png,512,512,OK
TBX11K,tb1066.png,data/raw/TBX11K/imgs/tb/tb1066.png,512,512,OK
TBX11K,tb1072.png,data/raw/TBX11K/imgs/tb/tb1072.png,512,512,OK
TBX11K,tb0354.png,data/raw/TBX11K/imgs/tb/tb0354.png,512,512,OK
TBX11K,tb0397.png,data/raw/TBX11K/imgs/tb/tb0397.png,512,512,OK
TBX11K,tb0383.png,data/raw/TBX11K/imgs/tb/tb0383.png,512,512,OK
TBX11K,tb0156.png,data/raw/TBX11K/imgs/tb/tb0156.png,512,512,OK
TBX11K,tb0624.png,data/raw/TBX11K/imgs/tb/tb0624.png,512,512,OK
TBX11K,tb0142.png,data/raw/TBX11K/imgs/tb/tb0142.png,512,512,OK
TBX11K,tb0618.png,data/raw/TBX11K/imgs/tb/tb0618.png,512,512,OK
TBX11K,tb0817.png,data/raw/TBX11K/imgs/tb/tb0817.png,512,512,OK
TBX11K,tb0750.png,data/raw/TBX11K/imgs/tb/tb0750.png,512,512,OK
TBX11K,tb0036.png,data/raw/TBX11K/imgs/tb/tb0036.png,512,512,OK
TBX11K,tb0787.png,data/raw/TBX11K/imgs/tb/tb0787.png,512,512,OK
TBX11K,tb0963.png,data/raw/TBX11K/imgs/tb/tb0963.png,512,512,OK
TBX11K,tb0234.png,data/raw/TBX11K/imgs/tb/tb0234.png,512,512,OK
TBX11K,tb0552.png,data/raw/TBX11K/imgs/tb/tb0552.png,512,512,OK
TBX11K,tb1102.png,data/raw/TBX11K/imgs/tb/tb1102.png,512,512,OK
TBX11K,tb0208.png,data/raw/TBX11K/imgs/tb/tb0208.png,512,512,OK
TBX11K,tb1116.png,data/raw/TBX11K/imgs/tb/tb1116.png,512,512,OK
TBX11K,tb0585.png,data/raw/TBX11K/imgs/tb/tb0585.png,512,512,OK
TBX11K,tb0591.png,data/raw/TBX11K/imgs/tb/tb0591.png,512,512,OK
TBX11K,tb0584.png,data/raw/TBX11K/imgs/tb/tb0584.png,512,512,OK
TBX11K,tb1117.png,data/raw/TBX11K/imgs/tb/tb1117.png,512,512,OK
TBX11K,tb0209.png,data/raw/TBX11K/imgs/tb/tb0209.png,512,512,OK
TBX11K,tb0235.png,data/raw/TBX11K/imgs/tb/tb0235.png,512,512,OK
TBX11K,tb0553.png,data/raw/TBX11K/imgs/tb/tb0553.png,512,512,OK
TBX11K,tb0221.png,data/raw/TBX11K/imgs/tb/tb0221.png,512,512,OK
TBX11K,tb0962.png,data/raw/TBX11K/imgs/tb/tb0962.png,512,512,OK
TBX11K,tb0792.png,data/raw/TBX11K/imgs/tb/tb0792.png,512,512,OK
TBX11K,tb0786.png,data/raw/TBX11K/imgs/tb/tb0786.png,512,512,OK
TBX11K,tb0989.png,data/raw/TBX11K/imgs/tb/tb0989.png,512,512,OK
TBX11K,tb0751.png,data/raw/TBX11K/imgs/tb/tb0751.png,512,512,OK
TBX11K,tb0037.png,data/raw/TBX11K/imgs/tb/tb0037.png,512,512,OK
TBX11K,tb0802.png,data/raw/TBX11K/imgs/tb/tb0802.png,512,512,OK
TBX11K,tb0816.png,data/raw/TBX11K/imgs/tb/tb0816.png,512,512,OK
TBX11K,tb0194.png,data/raw/TBX11K/imgs/tb/tb0194.png,512,512,OK
TBX11K,tb0619.png,data/raw/TBX11K/imgs/tb/tb0619.png,512,512,OK
TBX11K,tb0625.png,data/raw/TBX11K/imgs/tb/tb0625.png,512,512,OK
TBX11K,tb0631.png,data/raw/TBX11K/imgs/tb/tb0631.png,512,512,OK
TBX11K,tb0382.png,data/raw/TBX11K/imgs/tb/tb0382.png,512,512,OK
TBX11K,tb0369.png,data/raw/TBX11K/imgs/tb/tb0369.png,512,512,OK
TBX11K,tb1077.png,data/raw/TBX11K/imgs/tb/tb1077.png,512,512,OK
TBX11K,tb0427.png,data/raw/TBX11K/imgs/tb/tb0427.png,512,512,OK
TBX11K,tb0433.png,data/raw/TBX11K/imgs/tb/tb0433.png,512,512,OK
TBX11K,tb0355.png,data/raw/TBX11K/imgs/tb/tb0355.png,512,512,OK
TBX11K,tb0425.png,data/raw/TBX11K/imgs/tb/tb0425.png,512,512,OK
TBX11K,tb0343.png,data/raw/TBX11K/imgs/tb/tb0343.png,512,512,OK
TBX11K,tb1049.png,data/raw/TBX11K/imgs/tb/tb1049.png,512,512,OK
TBX11K,tb0357.png,data/raw/TBX11K/imgs/tb/tb0357.png,512,512,OK
TBX11K,tb0431.png,data/raw/TBX11K/imgs/tb/tb0431.png,512,512,OK
TBX11K,tb0419.png,data/raw/TBX11K/imgs/tb/tb0419.png,512,512,OK
TBX11K,tb1075.png,data/raw/TBX11K/imgs/tb/tb1075.png,512,512,OK
TBX11K,tb0380.png,data/raw/TBX11K/imgs/tb/tb0380.png,512,512,OK
TBX11K,tb0141.png,data/raw/TBX11K/imgs/tb/tb0141.png,512,512,OK
TBX11K,tb0627.png,data/raw/TBX11K/imgs/tb/tb0627.png,512,512,OK
TBX11K,tb0633.png,data/raw/TBX11K/imgs/tb/tb0633.png,512,512,OK
TBX11K,tb0155.png,data/raw/TBX11K/imgs/tb/tb0155.png,512,512,OK
TBX11K,tb0196.png,data/raw/TBX11K/imgs/tb/tb0196.png,512,512,OK
TBX11K,tb0814.png,data/raw/TBX11K/imgs/tb/tb0814.png,512,512,OK
TBX11K,tb0021.png,data/raw/TBX11K/imgs/tb/tb0021.png,512,512,OK
TBX11K,tb0009.png,data/raw/TBX11K/imgs/tb/tb0009.png,512,512,OK
TBX11K,tb0790.png,data/raw/TBX11K/imgs/tb/tb0790.png,512,512,OK
TBX11K,tb0784.png,data/raw/TBX11K/imgs/tb/tb0784.png,512,512,OK
TBX11K,tb0974.png,data/raw/TBX11K/imgs/tb/tb0974.png,512,512,OK
TBX11K,tb0960.png,data/raw/TBX11K/imgs/tb/tb0960.png,512,512,OK
TBX11K,tb0237.png,data/raw/TBX11K/imgs/tb/tb0237.png,512,512,OK
TBX11K,tb1129.png,data/raw/TBX11K/imgs/tb/tb1129.png,512,512,OK
TBX11K,tb0223.png,data/raw/TBX11K/imgs/tb/tb0223.png,512,512,OK
TBX11K,tb0545.png,data/raw/TBX11K/imgs/tb/tb0545.png,512,512,OK
TBX11K,tb1115.png,data/raw/TBX11K/imgs/tb/tb1115.png,512,512,OK
TBX11K,tb0579.png,data/raw/TBX11K/imgs/tb/tb0579.png,512,512,OK
TBX11K,tb0592.png,data/raw/TBX11K/imgs/tb/tb0592.png,512,512,OK
TBX11K,tb0586.png,data/raw/TBX11K/imgs/tb/tb0586.png,512,512,OK
TBX11K,tb0587.png,data/raw/TBX11K/imgs/tb/tb0587.png,512,512,OK
TBX11K,tb0593.png,data/raw/TBX11K/imgs/tb/tb0593.png,512,512,OK
TBX11K,tb1100.png,data/raw/TBX11K/imgs/tb/tb1100.png,512,512,OK
TBX11K,tb1114.png,data/raw/TBX11K/imgs/tb/tb1114.png,512,512,OK
TBX11K,tb0544.png,data/raw/TBX11K/imgs/tb/tb0544.png,512,512,OK
TBX11K,tb0550.png,data/raw/TBX11K/imgs/tb/tb0550.png,512,512,OK
TBX11K,tb0236.png,data/raw/TBX11K/imgs/tb/tb0236.png,512,512,OK
TBX11K,tb0961.png,data/raw/TBX11K/imgs/tb/tb0961.png,512,512,OK
TBX11K,tb0949.png,data/raw/TBX11K/imgs/tb/tb0949.png,512,512,OK
TBX11K,tb0746.png,data/raw/TBX11K/imgs/tb/tb0746.png,512,512,OK
TBX11K,tb0020.png,data/raw/TBX11K/imgs/tb/tb0020.png,512,512,OK
TBX11K,tb0034.png,data/raw/TBX11K/imgs/tb/tb0034.png,512,512,OK
TBX11K,tb0752.png,data/raw/TBX11K/imgs/tb/tb0752.png,512,512,OK
TBX11K,tb0801.png,data/raw/TBX11K/imgs/tb/tb0801.png,512,512,OK
TBX11K,tb0829.png,data/raw/TBX11K/imgs/tb/tb0829.png,512,512,OK
TBX11K,tb0197.png,data/raw/TBX11K/imgs/tb/tb0197.png,512,512,OK
TBX11K,tb0183.png,data/raw/TBX11K/imgs/tb/tb0183.png,512,512,OK
TBX11K,tb0168.png,data/raw/TBX11K/imgs/tb/tb0168.png,512,512,OK
TBX11K,tb0154.png,data/raw/TBX11K/imgs/tb/tb0154.png,512,512,OK
TBX11K,tb0140.png,data/raw/TBX11K/imgs/tb/tb0140.png,512,512,OK
TBX11K,tb0626.png,data/raw/TBX11K/imgs/tb/tb0626.png,512,512,OK
TBX11K,tb0395.png,data/raw/TBX11K/imgs/tb/tb0395.png,512,512,OK
TBX11K,tb1074.png,data/raw/TBX11K/imgs/tb/tb1074.png,512,512,OK
TBX11K,tb0418.png,data/raw/TBX11K/imgs/tb/tb0418.png,512,512,OK
TBX11K,tb1060.png,data/raw/TBX11K/imgs/tb/tb1060.png,512,512,OK
TBX11K,tb0356.png,data/raw/TBX11K/imgs/tb/tb0356.png,512,512,OK
TBX11K,tb0424.png,data/raw/TBX11K/imgs/tb/tb0424.png,512,512,OK
TBX11K,tb0342.png,data/raw/TBX11K/imgs/tb/tb0342.png,512,512,OK
TBX11K,tb0319.png,data/raw/TBX11K/imgs/tb/tb0319.png,512,512,OK
TBX11K,tb1013.png,data/raw/TBX11K/imgs/tb/tb1013.png,512,512,OK
TBX11K,tb0443.png,data/raw/TBX11K/imgs/tb/tb0443.png,512,512,OK
TBX11K,tb0325.png,data/raw/TBX11K/imgs/tb/tb0325.png,512,512,OK
TBX11K,tb0480.png,data/raw/TBX11K/imgs/tb/tb0480.png,512,512,OK
TBX11K,tb0494.png,data/raw/TBX11K/imgs/tb/tb0494.png,512,512,OK
TBX11K,tb0669.png,data/raw/TBX11K/imgs/tb/tb0669.png,512,512,OK
TBX11K,tb0899.png,data/raw/TBX11K/imgs/tb/tb0899.png,512,512,OK
TBX11K,tb0133.png,data/raw/TBX11K/imgs/tb/tb0133.png,512,512,OK
TBX11K,tb0053.png,data/raw/TBX11K/imgs/tb/tb0053.png,512,512,OK
TBX11K,tb0735.png,data/raw/TBX11K/imgs/tb/tb0735.png,512,512,OK
TBX11K,tb0721.png,data/raw/TBX11K/imgs/tb/tb0721.png,512,512,OK
TBX11K,tb0047.png,data/raw/TBX11K/imgs/tb/tb0047.png,512,512,OK
TBX11K,tb0912.png,data/raw/TBX11K/imgs/tb/tb0912.png,512,512,OK
TBX11K,tb0090.png,data/raw/TBX11K/imgs/tb/tb0090.png,512,512,OK
TBX11K,tb0084.png,data/raw/TBX11K/imgs/tb/tb0084.png,512,512,OK
TBX11K,tb1173.png,data/raw/TBX11K/imgs/tb/tb1173.png,512,512,OK
TBX11K,tb0279.png,data/raw/TBX11K/imgs/tb/tb0279.png,512,512,OK
TBX11K,tb1167.png,data/raw/TBX11K/imgs/tb/tb1167.png,512,512,OK
TBX11K,tb0537.png,data/raw/TBX11K/imgs/tb/tb0537.png,512,512,OK
TBX11K,tb0251.png,data/raw/TBX11K/imgs/tb/tb0251.png,512,512,OK
TBX11K,tb0523.png,data/raw/TBX11K/imgs/tb/tb0523.png,512,512,OK
TBX11K,tb0292.png,data/raw/TBX11K/imgs/tb/tb0292.png,512,512,OK
TBX11K,tb0286.png,data/raw/TBX11K/imgs/tb/tb0286.png,512,512,OK
TBX11K,tb0287.png,data/raw/TBX11K/imgs/tb/tb0287.png,512,512,OK
TBX11K,tb1199.png,data/raw/TBX11K/imgs/tb/tb1199.png,512,512,OK
TBX11K,tb0293.png,data/raw/TBX11K/imgs/tb/tb0293.png,512,512,OK
TBX11K,tb0244.png,data/raw/TBX11K/imgs/tb/tb0244.png,512,512,OK
TBX11K,tb0536.png,data/raw/TBX11K/imgs/tb/tb0536.png,512,512,OK
TBX11K,tb0250.png,data/raw/TBX11K/imgs/tb/tb0250.png,512,512,OK
TBX11K,tb1166.png,data/raw/TBX11K/imgs/tb/tb1166.png,512,512,OK
TBX11K,tb0085.png,data/raw/TBX11K/imgs/tb/tb0085.png,512,512,OK
TBX11K,tb0091.png,data/raw/TBX11K/imgs/tb/tb0091.png,512,512,OK
TBX11K,tb0907.png,data/raw/TBX11K/imgs/tb/tb0907.png,512,512,OK
TBX11K,tb0720.png,data/raw/TBX11K/imgs/tb/tb0720.png,512,512,OK
TBX11K,tb0052.png,data/raw/TBX11K/imgs/tb/tb0052.png,512,512,OK
TBX11K,tb0734.png,data/raw/TBX11K/imgs/tb/tb0734.png,512,512,OK
TBX11K,tb0708.png,data/raw/TBX11K/imgs/tb/tb0708.png,512,512,OK
TBX11K,tb0867.png,data/raw/TBX11K/imgs/tb/tb0867.png,512,512,OK
TBX11K,tb0654.png,data/raw/TBX11K/imgs/tb/tb0654.png,512,512,OK
TBX11K,tb0132.png,data/raw/TBX11K/imgs/tb/tb0132.png,512,512,OK
TBX11K,tb0126.png,data/raw/TBX11K/imgs/tb/tb0126.png,512,512,OK
TBX11K,tb0640.png,data/raw/TBX11K/imgs/tb/tb0640.png,512,512,OK
TBX11K,tb0898.png,data/raw/TBX11K/imgs/tb/tb0898.png,512,512,OK
TBX11K,tb0668.png,data/raw/TBX11K/imgs/tb/tb0668.png,512,512,OK
TBX11K,tb0495.png,data/raw/TBX11K/imgs/tb/tb0495.png,512,512,OK
TBX11K,tb0330.png,data/raw/TBX11K/imgs/tb/tb0330.png,512,512,OK
TBX11K,tb0456.png,data/raw/TBX11K/imgs/tb/tb0456.png,512,512,OK
TBX11K,tb0442.png,data/raw/TBX11K/imgs/tb/tb0442.png,512,512,OK
TBX11K,tb0324.png,data/raw/TBX11K/imgs/tb/tb0324.png,512,512,OK
TBX11K,tb1012.png,data/raw/TBX11K/imgs/tb/tb1012.png,512,512,OK
TBX11K,tb0318.png,data/raw/TBX11K/imgs/tb/tb0318.png,512,512,OK
TBX11K,tb1006.png,data/raw/TBX11K/imgs/tb/tb1006.png,512,512,OK
TBX11K,tb1010.png,data/raw/TBX11K/imgs/tb/tb1010.png,512,512,OK
TBX11K,tb1004.png,data/raw/TBX11K/imgs/tb/tb1004.png,512,512,OK
TBX11K,tb0332.png,data/raw/TBX11K/imgs/tb/tb0332.png,512,512,OK
TBX11K,tb0326.png,data/raw/TBX11K/imgs/tb/tb0326.png,512,512,OK
TBX11K,tb0497.png,data/raw/TBX11K/imgs/tb/tb0497.png,512,512,OK
TBX11K,tb0118.png,data/raw/TBX11K/imgs/tb/tb0118.png,512,512,OK
TBX11K,tb0642.png,data/raw/TBX11K/imgs/tb/tb0642.png,512,512,OK
TBX11K,tb0124.png,data/raw/TBX11K/imgs/tb/tb0124.png,512,512,OK
TBX11K,tb0871.png,data/raw/TBX11K/imgs/tb/tb0871.png,512,512,OK
TBX11K,tb0865.png,data/raw/TBX11K/imgs/tb/tb0865.png,512,512,OK
TBX11K,tb0695.png,data/raw/TBX11K/imgs/tb/tb0695.png,512,512,OK
TBX11K,tb0681.png,data/raw/TBX11K/imgs/tb/tb0681.png,512,512,OK
TBX11K,tb0859.png,data/raw/TBX11K/imgs/tb/tb0859.png,512,512,OK
TBX11K,tb0050.png,data/raw/TBX11K/imgs/tb/tb0050.png,512,512,OK
TBX11K,tb0905.png,data/raw/TBX11K/imgs/tb/tb0905.png,512,512,OK
TBX11K,tb0087.png,data/raw/TBX11K/imgs/tb/tb0087.png,512,512,OK
TBX11K,tb1170.png,data/raw/TBX11K/imgs/tb/tb1170.png,512,512,OK
TBX11K,tb0508.png,data/raw/TBX11K/imgs/tb/tb0508.png,512,512,OK
TBX11K,tb0520.png,data/raw/TBX11K/imgs/tb/tb0520.png,512,512,OK
TBX11K,tb0246.png,data/raw/TBX11K/imgs/tb/tb0246.png,512,512,OK
TBX11K,tb1158.png,data/raw/TBX11K/imgs/tb/tb1158.png,512,512,OK
TBX11K,tb0252.png,data/raw/TBX11K/imgs/tb/tb0252.png,512,512,OK
TBX11K,tb0285.png,data/raw/TBX11K/imgs/tb/tb0285.png,512,512,OK
TBX11K,tb0291.png,data/raw/TBX11K/imgs/tb/tb0291.png,512,512,OK
TBX11K,tb0290.png,data/raw/TBX11K/imgs/tb/tb0290.png,512,512,OK
TBX11K,tb0284.png,data/raw/TBX11K/imgs/tb/tb0284.png,512,512,OK
TBX11K,tb0253.png,data/raw/TBX11K/imgs/tb/tb0253.png,512,512,OK
TBX11K,tb0535.png,data/raw/TBX11K/imgs/tb/tb0535.png,512,512,OK
TBX11K,tb0521.png,data/raw/TBX11K/imgs/tb/tb0521.png,512,512,OK
TBX11K,tb0509.png,data/raw/TBX11K/imgs/tb/tb0509.png,512,512,OK
TBX11K,tb1165.png,data/raw/TBX11K/imgs/tb/tb1165.png,512,512,OK
TBX11K,tb0092.png,data/raw/TBX11K/imgs/tb/tb0092.png,512,512,OK
TBX11K,tb0086.png,data/raw/TBX11K/imgs/tb/tb0086.png,512,512,OK
TBX11K,tb0938.png,data/raw/TBX11K/imgs/tb/tb0938.png,512,512,OK
TBX11K,tb0051.png,data/raw/TBX11K/imgs/tb/tb0051.png,512,512,OK
TBX11K,tb0045.png,data/raw/TBX11K/imgs/tb/tb0045.png,512,512,OK
TBX11K,tb0079.png,data/raw/TBX11K/imgs/tb/tb0079.png,512,512,OK
TBX11K,tb0858.png,data/raw/TBX11K/imgs/tb/tb0858.png,512,512,OK
TBX11K,tb0680.png,data/raw/TBX11K/imgs/tb/tb0680.png,512,512,OK
TBX11K,tb0864.png,data/raw/TBX11K/imgs/tb/tb0864.png,512,512,OK
TBX11K,tb0870.png,data/raw/TBX11K/imgs/tb/tb0870.png,512,512,OK
TBX11K,tb0643.png,data/raw/TBX11K/imgs/tb/tb0643.png,512,512,OK
TBX11K,tb0125.png,data/raw/TBX11K/imgs/tb/tb0125.png,512,512,OK
TBX11K,tb0657.png,data/raw/TBX11K/imgs/tb/tb0657.png,512,512,OK
TBX11K,tb0496.png,data/raw/TBX11K/imgs/tb/tb0496.png,512,512,OK
TBX11K,tb0327.png,data/raw/TBX11K/imgs/tb/tb0327.png,512,512,OK
TBX11K,tb0441.png,data/raw/TBX11K/imgs/tb/tb0441.png,512,512,OK
TBX11K,tb0455.png,data/raw/TBX11K/imgs/tb/tb0455.png,512,512,OK
TBX11K,tb0333.png,data/raw/TBX11K/imgs/tb/tb0333.png,512,512,OK
TBX11K,tb1005.png,data/raw/TBX11K/imgs/tb/tb1005.png,512,512,OK
TBX11K,tb0469.png,data/raw/TBX11K/imgs/tb/tb0469.png,512,512,OK
TBX11K,tb1011.png,data/raw/TBX11K/imgs/tb/tb1011.png,512,512,OK
TBX11K,tb1029.png,data/raw/TBX11K/imgs/tb/tb1029.png,512,512,OK
TBX11K,tb0337.png,data/raw/TBX11K/imgs/tb/tb0337.png,512,512,OK
TBX11K,tb0451.png,data/raw/TBX11K/imgs/tb/tb0451.png,512,512,OK
TBX11K,tb0445.png,data/raw/TBX11K/imgs/tb/tb0445.png,512,512,OK
TBX11K,tb0323.png,data/raw/TBX11K/imgs/tb/tb0323.png,512,512,OK
TBX11K,tb1015.png,data/raw/TBX11K/imgs/tb/tb1015.png,512,512,OK
TBX11K,tb0479.png,data/raw/TBX11K/imgs/tb/tb0479.png,512,512,OK
TBX11K,tb0492.png,data/raw/TBX11K/imgs/tb/tb0492.png,512,512,OK
TBX11K,tb0653.png,data/raw/TBX11K/imgs/tb/tb0653.png,512,512,OK
TBX11K,tb0135.png,data/raw/TBX11K/imgs/tb/tb0135.png,512,512,OK
TBX11K,tb0647.png,data/raw/TBX11K/imgs/tb/tb0647.png,512,512,OK
TBX11K,tb0690.png,data/raw/TBX11K/imgs/tb/tb0690.png,512,512,OK
TBX11K,tb0848.png,data/raw/TBX11K/imgs/tb/tb0848.png,512,512,OK
TBX11K,tb0684.png,data/raw/TBX11K/imgs/tb/tb0684.png,512,512,OK
TBX11K,tb0874.png,data/raw/TBX11K/imgs/tb/tb0874.png,512,512,OK
TBX11K,tb0860.png,data/raw/TBX11K/imgs/tb/tb0860.png,512,512,OK
TBX11K,tb0733.png,data/raw/TBX11K/imgs/tb/tb0733.png,512,512,OK
TBX11K,tb0069.png,data/raw/TBX11K/imgs/tb/tb0069.png,512,512,OK
TBX11K,tb0082.png,data/raw/TBX11K/imgs/tb/tb0082.png,512,512,OK
TBX11K,tb0096.png,data/raw/TBX11K/imgs/tb/tb0096.png,512,512,OK
TBX11K,tb0928.png,data/raw/TBX11K/imgs/tb/tb0928.png,512,512,OK
TBX11K,tb0900.png,data/raw/TBX11K/imgs/tb/tb0900.png,512,512,OK
TBX11K,tb0914.png,data/raw/TBX11K/imgs/tb/tb0914.png,512,512,OK
TBX11K,tb1161.png,data/raw/TBX11K/imgs/tb/tb1161.png,512,512,OK
TBX11K,tb1175.png,data/raw/TBX11K/imgs/tb/tb1175.png,512,512,OK
TBX11K,tb0280.png,data/raw/TBX11K/imgs/tb/tb0280.png,512,512,OK
TBX11K,tb0294.png,data/raw/TBX11K/imgs/tb/tb0294.png,512,512,OK
TBX11K,tb1174.png,data/raw/TBX11K/imgs/tb/tb1174.png,512,512,OK
TBX11K,tb1160.png,data/raw/TBX11K/imgs/tb/tb1160.png,512,512,OK
TBX11K,tb0518.png,data/raw/TBX11K/imgs/tb/tb0518.png,512,512,OK
TBX11K,tb0530.png,data/raw/TBX11K/imgs/tb/tb0530.png,512,512,OK
TBX11K,tb1148.png,data/raw/TBX11K/imgs/tb/tb1148.png,512,512,OK
TBX11K,tb0256.png,data/raw/TBX11K/imgs/tb/tb0256.png,512,512,OK
TBX11K,tb0242.png,data/raw/TBX11K/imgs/tb/tb0242.png,512,512,OK
TBX11K,tb0524.png,data/raw/TBX11K/imgs/tb/tb0524.png,512,512,OK
TBX11K,tb0915.png,data/raw/TBX11K/imgs/tb/tb0915.png,512,512,OK
TBX11K,tb0929.png,data/raw/TBX11K/imgs/tb/tb0929.png,512,512,OK
TBX11K,tb0083.png,data/raw/TBX11K/imgs/tb/tb0083.png,512,512,OK
TBX11K,tb0068.png,data/raw/TBX11K/imgs/tb/tb0068.png,512,512,OK
TBX11K,tb0054.png,data/raw/TBX11K/imgs/tb/tb0054.png,512,512,OK
TBX11K,tb0732.png,data/raw/TBX11K/imgs/tb/tb0732.png,512,512,OK
TBX11K,tb0726.png,data/raw/TBX11K/imgs/tb/tb0726.png,512,512,OK
TBX11K,tb0040.png,data/raw/TBX11K/imgs/tb/tb0040.png,512,512,OK
TBX11K,tb0875.png,data/raw/TBX11K/imgs/tb/tb0875.png,512,512,OK
TBX11K,tb0849.png,data/raw/TBX11K/imgs/tb/tb0849.png,512,512,OK
TBX11K,tb0691.png,data/raw/TBX11K/imgs/tb/tb0691.png,512,512,OK
TBX11K,tb0108.png,data/raw/TBX11K/imgs/tb/tb0108.png,512,512,OK
TBX11K,tb0120.png,data/raw/TBX11K/imgs/tb/tb0120.png,512,512,OK
TBX11K,tb0646.png,data/raw/TBX11K/imgs/tb/tb0646.png,512,512,OK
TBX11K,tb0134.png,data/raw/TBX11K/imgs/tb/tb0134.png,512,512,OK
TBX11K,tb0487.png,data/raw/TBX11K/imgs/tb/tb0487.png,512,512,OK
TBX11K,tb0493.png,data/raw/TBX11K/imgs/tb/tb0493.png,512,512,OK
TBX11K,tb0478.png,data/raw/TBX11K/imgs/tb/tb0478.png,512,512,OK
TBX11K,tb1000.png,data/raw/TBX11K/imgs/tb/tb1000.png,512,512,OK
TBX11K,tb1014.png,data/raw/TBX11K/imgs/tb/tb1014.png,512,512,OK
TBX11K,tb0322.png,data/raw/TBX11K/imgs/tb/tb0322.png,512,512,OK
TBX11K,tb0336.png,data/raw/TBX11K/imgs/tb/tb0336.png,512,512,OK
TBX11K,tb1028.png,data/raw/TBX11K/imgs/tb/tb1028.png,512,512,OK
TBX11K,tb0450.png,data/raw/TBX11K/imgs/tb/tb0450.png,512,512,OK
TBX11K,tb0446.png,data/raw/TBX11K/imgs/tb/tb0446.png,512,512,OK
TBX11K,tb0452.png,data/raw/TBX11K/imgs/tb/tb0452.png,512,512,OK
TBX11K,tb1002.png,data/raw/TBX11K/imgs/tb/tb1002.png,512,512,OK
TBX11K,tb0485.png,data/raw/TBX11K/imgs/tb/tb0485.png,512,512,OK
TBX11K,tb0644.png,data/raw/TBX11K/imgs/tb/tb0644.png,512,512,OK
TBX11K,tb0136.png,data/raw/TBX11K/imgs/tb/tb0136.png,512,512,OK
TBX11K,tb0888.png,data/raw/TBX11K/imgs/tb/tb0888.png,512,512,OK
TBX11K,tb0678.png,data/raw/TBX11K/imgs/tb/tb0678.png,512,512,OK
TBX11K,tb0693.png,data/raw/TBX11K/imgs/tb/tb0693.png,512,512,OK
TBX11K,tb0863.png,data/raw/TBX11K/imgs/tb/tb0863.png,512,512,OK
TBX11K,tb0730.png,data/raw/TBX11K/imgs/tb/tb0730.png,512,512,OK
TBX11K,tb0056.png,data/raw/TBX11K/imgs/tb/tb0056.png,512,512,OK
TBX11K,tb0042.png,data/raw/TBX11K/imgs/tb/tb0042.png,512,512,OK
TBX11K,tb0724.png,data/raw/TBX11K/imgs/tb/tb0724.png,512,512,OK
TBX11K,tb0095.png,data/raw/TBX11K/imgs/tb/tb0095.png,512,512,OK
TBX11K,tb0081.png,data/raw/TBX11K/imgs/tb/tb0081.png,512,512,OK
TBX11K,tb0917.png,data/raw/TBX11K/imgs/tb/tb0917.png,512,512,OK
TBX11K,tb0903.png,data/raw/TBX11K/imgs/tb/tb0903.png,512,512,OK
TBX11K,tb0532.png,data/raw/TBX11K/imgs/tb/tb0532.png,512,512,OK
TBX11K,tb0526.png,data/raw/TBX11K/imgs/tb/tb0526.png,512,512,OK
TBX11K,tb0240.png,data/raw/TBX11K/imgs/tb/tb0240.png,512,512,OK
TBX11K,tb1162.png,data/raw/TBX11K/imgs/tb/tb1162.png,512,512,OK
TBX11K,tb0297.png,data/raw/TBX11K/imgs/tb/tb0297.png,512,512,OK
TBX11K,tb0283.png,data/raw/TBX11K/imgs/tb/tb0283.png,512,512,OK
TBX11K,tb0282.png,data/raw/TBX11K/imgs/tb/tb0282.png,512,512,OK
TBX11K,tb1188.png,data/raw/TBX11K/imgs/tb/tb1188.png,512,512,OK
TBX11K,tb1163.png,data/raw/TBX11K/imgs/tb/tb1163.png,512,512,OK
TBX11K,tb1177.png,data/raw/TBX11K/imgs/tb/tb1177.png,512,512,OK
TBX11K,tb0269.png,data/raw/TBX11K/imgs/tb/tb0269.png,512,512,OK
TBX11K,tb0527.png,data/raw/TBX11K/imgs/tb/tb0527.png,512,512,OK
TBX11K,tb0241.png,data/raw/TBX11K/imgs/tb/tb0241.png,512,512,OK
TBX11K,tb0255.png,data/raw/TBX11K/imgs/tb/tb0255.png,512,512,OK
TBX11K,tb0533.png,data/raw/TBX11K/imgs/tb/tb0533.png,512,512,OK
TBX11K,tb0902.png,data/raw/TBX11K/imgs/tb/tb0902.png,512,512,OK
TBX11K,tb0916.png,data/raw/TBX11K/imgs/tb/tb0916.png,512,512,OK
TBX11K,tb0080.png,data/raw/TBX11K/imgs/tb/tb0080.png,512,512,OK
TBX11K,tb0094.png,data/raw/TBX11K/imgs/tb/tb0094.png,512,512,OK
TBX11K,tb0719.png,data/raw/TBX11K/imgs/tb/tb0719.png,512,512,OK
TBX11K,tb0043.png,data/raw/TBX11K/imgs/tb/tb0043.png,512,512,OK
TBX11K,tb0725.png,data/raw/TBX11K/imgs/tb/tb0725.png,512,512,OK
TBX11K,tb0057.png,data/raw/TBX11K/imgs/tb/tb0057.png,512,512,OK
TBX11K,tb0876.png,data/raw/TBX11K/imgs/tb/tb0876.png,512,512,OK
TBX11K,tb0862.png,data/raw/TBX11K/imgs/tb/tb0862.png,512,512,OK
TBX11K,tb0692.png,data/raw/TBX11K/imgs/tb/tb0692.png,512,512,OK
TBX11K,tb0686.png,data/raw/TBX11K/imgs/tb/tb0686.png,512,512,OK
TBX11K,tb0679.png,data/raw/TBX11K/imgs/tb/tb0679.png,512,512,OK
TBX11K,tb0137.png,data/raw/TBX11K/imgs/tb/tb0137.png,512,512,OK
TBX11K,tb0889.png,data/raw/TBX11K/imgs/tb/tb0889.png,512,512,OK
TBX11K,tb0645.png,data/raw/TBX11K/imgs/tb/tb0645.png,512,512,OK
TBX11K,tb0484.png,data/raw/TBX11K/imgs/tb/tb0484.png,512,512,OK
TBX11K,tb0309.png,data/raw/TBX11K/imgs/tb/tb0309.png,512,512,OK
TBX11K,tb1017.png,data/raw/TBX11K/imgs/tb/tb1017.png,512,512,OK
TBX11K,tb1003.png,data/raw/TBX11K/imgs/tb/tb1003.png,512,512,OK
TBX11K,tb0453.png,data/raw/TBX11K/imgs/tb/tb0453.png,512,512,OK
TBX11K,tb0335.png,data/raw/TBX11K/imgs/tb/tb0335.png,512,512,OK
TBX11K,tb0321.png,data/raw/TBX11K/imgs/tb/tb0321.png,512,512,OK
TBX11K,tb0447.png,data/raw/TBX11K/imgs/tb/tb0447.png,512,512,OK
TBX11K,MCUCXR_0023_0.png,data/raw/TBX11K/imgs/extra/mc+shenzhen/train/MCUCXR_0023_0.png,512,512,OK
TBX11K,CHNCXR_0323_0.png,data/raw/TBX11K/imgs/extra/mc+shenzhen/train/CHNCXR_0323_0.png,512,512,OK
TBX11K,CHNCXR_0636_1.png,data/raw/TBX11K/imgs/extra/mc+shenzhen/train/CHNCXR_0636_1.png,512,512,OK
TBX11K,CHNCXR_0246_0.png,data/raw/TBX11K/imgs/extra/mc+shenzhen/train/CHNCXR_0246_0.png,512,512,OK
TBX11K,MCUCXR_0162_1.png,data/raw/TBX11K/imgs/extra/mc+shenzhen/train/MCUCXR_0162_1.png,512,512,OK
TBX11K,MCUCXR_0042_0.png,data/raw/TBX11K/imgs/extra/mc+shenzhen/train/MCUCXR_0042_0.png,512,512,OK
TBX11K,CHNCXR_0043_0.png,data/raw/TBX11K/imgs/extra/mc+shenzhen/train/CHNCXR_0043_0.png,512,512,OK
TBX11K,CHNCXR_0399_1.png,data/raw/TBX11K/imgs/extra/mc+shenzhen/train/CHNCXR_0399_1.png,512,512,OK
TBX11K,CHNCXR_0004_0.png,data/raw/TBX11K/imgs/extra/mc+shenzhen/train/CHNCXR_0004_0.png,512,512,OK
TBX11K,CHNCXR_0041_0.png,data/raw/TBX11K/imgs/extra/mc+shenzhen/train/CHNCXR_0041_0.png,512,512,OK
TBX11K,CHNCXR_0359_1.png,data/raw/TBX11K/imgs/extra/mc+shenzhen/train/CHNCXR_0359_1.png,512,512,OK
TBX11K,MCUCXR_0038_0.png,data/raw/TBX11K/imgs/extra/mc+shenzhen/train/MCUCXR_0038_0.png,512,512,OK
TBX11K,CHNCXR_0431_1.png,data/raw/TBX11K/imgs/extra/mc+shenzhen/train/CHNCXR_0431_1.png,512,512,OK
TBX11K,CHNCXR_0474_1.png,data/raw/TBX11K/imgs/extra/mc+shenzhen/train/CHNCXR_0474_1.png,512,512,OK
TBX11K,CHNCXR_0225_0.png,data/raw/TBX11K/imgs/extra/mc+shenzhen/train/CHNCXR_0225_0.png,512,512,OK
TBX11K,CHNCXR_0450_1.png,data/raw/TBX11K/imgs/extra/mc+shenzhen/train/CHNCXR_0450_1.png,512,512,OK
TBX11K,CHNCXR_0428_1.png,data/raw/TBX11K/imgs/extra/mc+shenzhen/train/CHNCXR_0428_1.png,512,512,OK
TBX11K,MCUCXR_0099_0.png,data/raw/TBX11K/imgs/extra/mc+shenzhen/train/MCUCXR_0099_0.png,512,512,OK
TBX11K,CHNCXR_0321_0.png,data/raw/TBX11K/imgs/extra/mc+shenzhen/train/CHNCXR_0321_0.png,512,512,OK
TBX11K,CHNCXR_0020_0.png,data/raw/TBX11K/imgs/extra/mc+shenzhen/train/CHNCXR_0020_0.png,512,512,OK
TBX11K,CHNCXR_0454_1.png,data/raw/TBX11K/imgs/extra/mc+shenzhen/train/CHNCXR_0454_1.png,512,512,OK
TBX11K,CHNCXR_0019_0.png,data/raw/TBX11K/imgs/extra/mc+shenzhen/train/CHNCXR_0019_0.png,512,512,OK
TBX11K,CHNCXR_0589_1.png,data/raw/TBX11K/imgs/extra/mc+shenzhen/train/CHNCXR_0589_1.png,512,512,OK
TBX11K,CHNCXR_0238_0.png,data/raw/TBX11K/imgs/extra/mc+shenzhen/train/CHNCXR_0238_0.png,512,512,OK
TBX11K,CHNCXR_0469_1.png,data/raw/TBX11K/imgs/extra/mc+shenzhen/train/CHNCXR_0469_1.png,512,512,OK
TBX11K,CHNCXR_0614_1.png,data/raw/TBX11K/imgs/extra/mc+shenzhen/train/CHNCXR_0614_1.png,512,512,OK
TBX11K,CHNCXR_0515_1.png,data/raw/TBX11K/imgs/extra/mc+shenzhen/train/CHNCXR_0515_1.png,512,512,OK
TBX11K,CHNCXR_0158_0.png,data/raw/TBX11K/imgs/extra/mc+shenzhen/train/CHNCXR_0158_0.png,512,512,OK
TBX11K,MCUCXR_0044_0.png,data/raw/TBX11K/imgs/extra/mc+shenzhen/train/MCUCXR_0044_0.png,512,512,OK
TBX11K,CHNCXR_0221_0.png,data/raw/TBX11K/imgs/extra/mc+shenzhen/train/CHNCXR_0221_0.png,512,512,OK
TBX11K,CHNCXR_0085_0.png,data/raw/TBX11K/imgs/extra/mc+shenzhen/train/CHNCXR_0085_0.png,512,512,OK
TBX11K,MCUCXR_0243_1.png,data/raw/TBX11K/imgs/extra/mc+shenzhen/train/MCUCXR_0243_1.png,512,512,OK
TBX11K,CHNCXR_0437_1.png,data/raw/TBX11K/imgs/extra/mc+shenzhen/train/CHNCXR_0437_1.png,512,512,OK
TBX11K,CHNCXR_0552_1.png,data/raw/TBX11K/imgs/extra/mc+shenzhen/train/CHNCXR_0552_1.png,512,512,OK
TBX11K,CHNCXR_0632_1.png,data/raw/TBX11K/imgs/extra/mc+shenzhen/train/CHNCXR_0632_1.png,512,512,OK
TBX11K,CHNCXR_0026_0.png,data/raw/TBX11K/imgs/extra/mc+shenzhen/train/CHNCXR_0026_0.png,512,512,OK
TBX11K,CHNCXR_0346_1.png,data/raw/TBX11K/imgs/extra/mc+shenzhen/train/CHNCXR_0346_1.png,512,512,OK
TBX11K,MCUCXR_0027_0.png,data/raw/TBX11K/imgs/extra/mc+shenzhen/train/MCUCXR_0027_0.png,512,512,OK
TBX11K,CHNCXR_0183_0.png,data/raw/TBX11K/imgs/extra/mc+shenzhen/train/CHNCXR_0183_0.png,512,512,OK
TBX11K,CHNCXR_0207_0.png,data/raw/TBX11K/imgs/extra/mc+shenzhen/train/CHNCXR_0207_0.png,512,512,OK
TBX11K,CHNCXR_0456_1.png,data/raw/TBX11K/imgs/extra/mc+shenzhen/train/CHNCXR_0456_1.png,512,512,OK
TBX11K,CHNCXR_0358_1.png,data/raw/TBX11K/imgs/extra/mc+shenzhen/train/CHNCXR_0358_1.png,512,512,OK
TBX11K,CHNCXR_0475_1.png,data/raw/TBX11K/imgs/extra/mc+shenzhen/train/CHNCXR_0475_1.png,512,512,OK
TBX11K,CHNCXR_0430_1.png,data/raw/TBX11K/imgs/extra/mc+shenzhen/train/CHNCXR_0430_1.png,512,512,OK
TBX11K,CHNCXR_0224_0.png,data/raw/TBX11K/imgs/extra/mc+shenzhen/train/CHNCXR_0224_0.png,512,512,OK
TBX11K,CHNCXR_0488_1.png,data/raw/TBX11K/imgs/extra/mc+shenzhen/train/CHNCXR_0488_1.png,512,512,OK
TBX11K,MCUCXR_0081_0.png,data/raw/TBX11K/imgs/extra/mc+shenzhen/train/MCUCXR_0081_0.png,512,512,OK
TBX11K,CHNCXR_0038_0.png,data/raw/TBX11K/imgs/extra/mc+shenzhen/train/CHNCXR_0038_0.png,512,512,OK
TBX11K,CHNCXR_0510_1.png,data/raw/TBX11K/imgs/extra/mc+shenzhen/train/CHNCXR_0510_1.png,512,512,OK
TBX11K,CHNCXR_0555_1.png,data/raw/TBX11K/imgs/extra/mc+shenzhen/train/CHNCXR_0555_1.png,512,512,OK
TBX11K,MCUCXR_0399_1.png,data/raw/TBX11K/imgs/extra/mc+shenzhen/train/MCUCXR_0399_1.png,512,512,OK
TBX11K,CHNCXR_0654_1.png,data/raw/TBX11K/imgs/extra/mc+shenzhen/train/CHNCXR_0654_1.png,512,512,OK
TBX11K,MCUCXR_0041_0.png,data/raw/TBX11K/imgs/extra/mc+shenzhen/train/MCUCXR_0041_0.png,512,512,OK
TBX11K,MCUCXR_0004_0.png,data/raw/TBX11K/imgs/extra/mc+shenzhen/train/MCUCXR_0004_0.png,512,512,OK
TBX11K,CHNCXR_0635_1.png,data/raw/TBX11K/imgs/extra/mc+shenzhen/train/CHNCXR_0635_1.png,512,512,OK
TBX11K,CHNCXR_0099_0.png,data/raw/TBX11K/imgs/extra/mc+shenzhen/train/CHNCXR_0099_0.png,512,512,OK
TBX11K,CHNCXR_0064_0.png,data/raw/TBX11K/imgs/extra/mc+shenzhen/train/CHNCXR_0064_0.png,512,512,OK
TBX11K,CHNCXR_0184_0.png,data/raw/TBX11K/imgs/extra/mc+shenzhen/train/CHNCXR_0184_0.png,512,512,OK
TBX11K,CHNCXR_0339_1.png,data/raw/TBX11K/imgs/extra/mc+shenzhen/train/CHNCXR_0339_1.png,512,512,OK
TBX11K,CHNCXR_0144_0.png,data/raw/TBX11K/imgs/extra/mc+shenzhen/train/CHNCXR_0144_0.png,512,512,OK
TBX11K,MCUCXR_0338_1.png,data/raw/TBX11K/imgs/extra/mc+shenzhen/train/MCUCXR_0338_1.png,512,512,OK
TBX11K,CHNCXR_0059_0.png,data/raw/TBX11K/imgs/extra/mc+shenzhen/train/CHNCXR_0059_0.png,512,512,OK
TBX11K,CHNCXR_0536_1.png,data/raw/TBX11K/imgs/extra/mc+shenzhen/train/CHNCXR_0536_1.png,512,512,OK
TBX11K,CHNCXR_0637_1.png,data/raw/TBX11K/imgs/extra/mc+shenzhen/train/CHNCXR_0637_1.png,512,512,OK
TBX11K,CHNCXR_0343_1.png,data/raw/TBX11K/imgs/extra/mc+shenzhen/train/CHNCXR_0343_1.png,512,512,OK
TBX11K,MCUCXR_0043_0.png,data/raw/TBX11K/imgs/extra/mc+shenzhen/train/MCUCXR_0043_0.png,512,512,OK
TBX11K,CHNCXR_0226_0.png,data/raw/TBX11K/imgs/extra/mc+shenzhen/train/CHNCXR_0226_0.png,512,512,OK
TBX11K,CHNCXR_0432_1.png,data/raw/TBX11K/imgs/extra/mc+shenzhen/train/CHNCXR_0432_1.png,512,512,OK
TBX11K,CHNCXR_0127_0.png,data/raw/TBX11K/imgs/extra/mc+shenzhen/train/CHNCXR_0127_0.png,512,512,OK
TBX11K,CHNCXR_0597_1.png,data/raw/TBX11K/imgs/extra/mc+shenzhen/train/CHNCXR_0597_1.png,512,512,OK
TBX11K,CHNCXR_0516_1.png,data/raw/TBX11K/imgs/extra/mc+shenzhen/train/CHNCXR_0516_1.png,512,512,OK
TBX11K,CHNCXR_0593_1.png,data/raw/TBX11K/imgs/extra/mc+shenzhen/train/CHNCXR_0593_1.png,512,512,OK
TBX11K,CHNCXR_0473_1.png,data/raw/TBX11K/imgs/extra/mc+shenzhen/train/CHNCXR_0473_1.png,512,512,OK
TBX11K,CHNCXR_0166_0.png,data/raw/TBX11K/imgs/extra/mc+shenzhen/train/CHNCXR_0166_0.png,512,512,OK
TBX11K,CHNCXR_0267_0.png,data/raw/TBX11K/imgs/extra/mc+shenzhen/train/CHNCXR_0267_0.png,512,512,OK
TBX11K,CHNCXR_0206_0.png,data/raw/TBX11K/imgs/extra/mc+shenzhen/train/CHNCXR_0206_0.png,512,512,OK
TBX11K,MCUCXR_0063_0.png,data/raw/TBX11K/imgs/extra/mc+shenzhen/train/MCUCXR_0063_0.png,512,512,OK
TBX11K,CHNCXR_0182_0.png,data/raw/TBX11K/imgs/extra/mc+shenzhen/train/CHNCXR_0182_0.png,512,512,OK
TBX11K,CHNCXR_0326_0.png,data/raw/TBX11K/imgs/extra/mc+shenzhen/train/CHNCXR_0326_0.png,512,512,OK
TBX11K,CHNCXR_0062_0.png,data/raw/TBX11K/imgs/extra/mc+shenzhen/train/CHNCXR_0062_0.png,512,512,OK
TBX11K,CHNCXR_0532_1.png,data/raw/TBX11K/imgs/extra/mc+shenzhen/train/CHNCXR_0532_1.png,512,512,OK
TBX11K,MCUCXR_0061_0.png,data/raw/TBX11K/imgs/extra/mc+shenzhen/train/MCUCXR_0061_0.png,512,512,OK
TBX11K,CHNCXR_0138_0.png,data/raw/TBX11K/imgs/extra/mc+shenzhen/train/CHNCXR_0138_0.png,512,512,OK
TBX11K,CHNCXR_0575_1.png,data/raw/TBX11K/imgs/extra/mc+shenzhen/train/CHNCXR_0575_1.png,512,512,OK
TBX11K,CHNCXR_0060_0.png,data/raw/TBX11K/imgs/extra/mc+shenzhen/train/CHNCXR_0060_0.png,512,512,OK
TBX11K,CHNCXR_0025_0.png,data/raw/TBX11K/imgs/extra/mc+shenzhen/train/CHNCXR_0025_0.png,512,512,OK
TBX11K,CHNCXR_0324_0.png,data/raw/TBX11K/imgs/extra/mc+shenzhen/train/CHNCXR_0324_0.png,512,512,OK
TBX11K,CHNCXR_0378_1.png,data/raw/TBX11K/imgs/extra/mc+shenzhen/train/CHNCXR_0378_1.png,512,512,OK
TBX11K,MCUCXR_0104_1.png,data/raw/TBX11K/imgs/extra/mc+shenzhen/train/MCUCXR_0104_1.png,512,512,OK
TBX11K,CHNCXR_0471_1.png,data/raw/TBX11K/imgs/extra/mc+shenzhen/train/CHNCXR_0471_1.png,512,512,OK
TBX11K,CHNCXR_0159_0.png,data/raw/TBX11K/imgs/extra/mc+shenzhen/train/CHNCXR_0159_0.png,512,512,OK
TBX11K,CHNCXR_0361_1.png,data/raw/TBX11K/imgs/extra/mc+shenzhen/train/CHNCXR_0361_1.png,512,512,OK
TBX11K,CHNCXR_0409_1.png,data/raw/TBX11K/imgs/extra/mc+shenzhen/train/CHNCXR_0409_1.png,512,512,OK
TBX11K,CHNCXR_0258_0.png,data/raw/TBX11K/imgs/extra/mc+shenzhen/train/CHNCXR_0258_0.png,512,512,OK
TBX11K,CHNCXR_0615_1.png,data/raw/TBX11K/imgs/extra/mc+shenzhen/train/CHNCXR_0615_1.png,512,512,OK
TBX11K,CHNCXR_0110_0.png,data/raw/TBX11K/imgs/extra/mc+shenzhen/train/CHNCXR_0110_0.png,512,512,OK
TBX11K,CHNCXR_0254_0.png,data/raw/TBX11K/imgs/extra/mc+shenzhen/train/CHNCXR_0254_0.png,512,512,OK
TBX11K,CHNCXR_0619_1.png,data/raw/TBX11K/imgs/extra/mc+shenzhen/train/CHNCXR_0619_1.png,512,512,OK
TBX11K,CHNCXR_0518_1.png,data/raw/TBX11K/imgs/extra/mc+shenzhen/train/CHNCXR_0518_1.png,512,512,OK
TBX11K,CHNCXR_0075_0.png,data/raw/TBX11K/imgs/extra/mc+shenzhen/train/CHNCXR_0075_0.png,512,512,OK
TBX11K,CHNCXR_0438_1.png,data/raw/TBX11K/imgs/extra/mc+shenzhen/train/CHNCXR_0438_1.png,512,512,OK
TBX11K,MCUCXR_0074_0.png,data/raw/TBX11K/imgs/extra/mc+shenzhen/train/MCUCXR_0074_0.png,512,512,OK
TBX11K,CHNCXR_0315_0.png,data/raw/TBX11K/imgs/extra/mc+shenzhen/train/CHNCXR_0315_0.png,512,512,OK
TBX11K,CHNCXR_0645_1.png,data/raw/TBX11K/imgs/extra/mc+shenzhen/train/CHNCXR_0645_1.png,512,512,OK
TBX11K,MCUCXR_0375_1.png,data/raw/TBX11K/imgs/extra/mc+shenzhen/train/MCUCXR_0375_1.png,512,512,OK
TBX11K,CHNCXR_0331_1.png,data/raw/TBX11K/imgs/extra/mc+shenzhen/train/CHNCXR_0331_1.png,512,512,OK
TBX11K,CHNCXR_0374_1.png,data/raw/TBX11K/imgs/extra/mc+shenzhen/train/CHNCXR_0374_1.png,512,512,OK
TBX11K,CHNCXR_0349_1.png,data/raw/TBX11K/imgs/extra/mc+shenzhen/train/CHNCXR_0349_1.png,512,512,OK
TBX11K,CHNCXR_0464_1.png,data/raw/TBX11K/imgs/extra/mc+shenzhen/train/CHNCXR_0464_1.png,512,512,OK
TBX11K,MCUCXR_0028_0.png,data/raw/TBX11K/imgs/extra/mc+shenzhen/train/MCUCXR_0028_0.png,512,512,OK
TBX11K,CHNCXR_0579_1.png,data/raw/TBX11K/imgs/extra/mc+shenzhen/train/CHNCXR_0579_1.png,512,512,OK
TBX11K,CHNCXR_0423_1.png,data/raw/TBX11K/imgs/extra/mc+shenzhen/train/CHNCXR_0423_1.png,512,512,OK
TBX11K,CHNCXR_0173_0.png,data/raw/TBX11K/imgs/extra/mc+shenzhen/train/CHNCXR_0173_0.png,512,512,OK
TBX11K,CHNCXR_0546_1.png,data/raw/TBX11K/imgs/extra/mc+shenzhen/train/CHNCXR_0546_1.png,512,512,OK
TBX11K,CHNCXR_0053_0.png,data/raw/TBX11K/imgs/extra/mc+shenzhen/train/CHNCXR_0053_0.png,512,512,OK
TBX11K,MCUCXR_0196_1.png,data/raw/TBX11K/imgs/extra/mc+shenzhen/train/MCUCXR_0196_1.png,512,512,OK
TBX11K,CHNCXR_0333_1.png,data/raw/TBX11K/imgs/extra/mc+shenzhen/train/CHNCXR_0333_1.png,512,512,OK
TBX11K,CHNCXR_0626_1.png,data/raw/TBX11K/imgs/extra/mc+shenzhen/train/CHNCXR_0626_1.png,512,512,OK
TBX11K,CHNCXR_0562_1.png,data/raw/TBX11K/imgs/extra/mc+shenzhen/train/CHNCXR_0562_1.png,512,512,OK
TBX11K,CHNCXR_0197_0.png,data/raw/TBX11K/imgs/extra/mc+shenzhen/train/CHNCXR_0197_0.png,512,512,OK
TBX11K,CHNCXR_0256_0.png,data/raw/TBX11K/imgs/extra/mc+shenzhen/train/CHNCXR_0256_0.png,512,512,OK
TBX11K,CHNCXR_0442_1.png,data/raw/TBX11K/imgs/extra/mc+shenzhen/train/CHNCXR_0442_1.png,512,512,OK
TBX11K,CHNCXR_0523_1.png,data/raw/TBX11K/imgs/extra/mc+shenzhen/train/CHNCXR_0523_1.png,512,512,OK
TBX11K,CHNCXR_0403_1.png,data/raw/TBX11K/imgs/extra/mc+shenzhen/train/CHNCXR_0403_1.png,512,512,OK
TBX11K,CHNCXR_0252_0.png,data/raw/TBX11K/imgs/extra/mc+shenzhen/train/CHNCXR_0252_0.png,512,512,OK
TBX11K,CHNCXR_0217_0.png,data/raw/TBX11K/imgs/extra/mc+shenzhen/train/CHNCXR_0217_0.png,512,512,OK
TBX11K,CHNCXR_0233_0.png,data/raw/TBX11K/imgs/extra/mc+shenzhen/train/CHNCXR_0233_0.png,512,512,OK
TBX11K,CHNCXR_0132_0.png,data/raw/TBX11K/imgs/extra/mc+shenzhen/train/CHNCXR_0132_0.png,512,512,OK
TBX11K,MCUCXR_0056_0.png,data/raw/TBX11K/imgs/extra/mc+shenzhen/train/MCUCXR_0056_0.png,512,512,OK
TBX11K,CHNCXR_0372_1.png,data/raw/TBX11K/imgs/extra/mc+shenzhen/train/CHNCXR_0372_1.png,512,512,OK
TBX11K,CHNCXR_0606_1.png,data/raw/TBX11K/imgs/extra/mc+shenzhen/train/CHNCXR_0606_1.png,512,512,OK
TBX11K,CHNCXR_0313_0.png,data/raw/TBX11K/imgs/extra/mc+shenzhen/train/CHNCXR_0313_0.png,512,512,OK
TBX11K,CHNCXR_0057_0.png,data/raw/TBX11K/imgs/extra/mc+shenzhen/train/CHNCXR_0057_0.png,512,512,OK
TBX11K,CHNCXR_0010_0.png,data/raw/TBX11K/imgs/extra/mc+shenzhen/train/CHNCXR_0010_0.png,512,512,OK
TBX11K,CHNCXR_0055_0.png,data/raw/TBX11K/imgs/extra/mc+shenzhen/train/CHNCXR_0055_0.png,512,512,OK
TBX11K,CHNCXR_0604_1.png,data/raw/TBX11K/imgs/extra/mc+shenzhen/train/CHNCXR_0604_1.png,512,512,OK
TBX11K,CHNCXR_0580_1.png,data/raw/TBX11K/imgs/extra/mc+shenzhen/train/CHNCXR_0580_1.png,512,512,OK
TBX11K,CHNCXR_0095_0.png,data/raw/TBX11K/imgs/extra/mc+shenzhen/train/CHNCXR_0095_0.png,512,512,OK
TBX11K,CHNCXR_0068_0.png,data/raw/TBX11K/imgs/extra/mc+shenzhen/train/CHNCXR_0068_0.png,512,512,OK
TBX11K,MCUCXR_0069_0.png,data/raw/TBX11K/imgs/extra/mc+shenzhen/train/MCUCXR_0069_0.png,512,512,OK
TBX11K,CHNCXR_0274_0.png,data/raw/TBX11K/imgs/extra/mc+shenzhen/train/CHNCXR_0274_0.png,512,512,OK
TBX11K,CHNCXR_0308_0.png,data/raw/TBX11K/imgs/extra/mc+shenzhen/train/CHNCXR_0308_0.png,512,512,OK
TBX11K,CHNCXR_0444_1.png,data/raw/TBX11K/imgs/extra/mc+shenzhen/train/CHNCXR_0444_1.png,512,512,OK
TBX11K,MCUCXR_0275_1.png,data/raw/TBX11K/imgs/extra/mc+shenzhen/train/MCUCXR_0275_1.png,512,512,OK
TBX11K,CHNCXR_0479_1.png,data/raw/TBX11K/imgs/extra/mc+shenzhen/train/CHNCXR_0479_1.png,512,512,OK
TBX11K,CHNCXR_0191_0.png,data/raw/TBX11K/imgs/extra/mc+shenzhen/train/CHNCXR_0191_0.png,512,512,OK
TBX11K,CHNCXR_0564_1.png,data/raw/TBX11K/imgs/extra/mc+shenzhen/train/CHNCXR_0564_1.png,512,512,OK
TBX11K,CHNCXR_0034_0.png,data/raw/TBX11K/imgs/extra/mc+shenzhen/train/CHNCXR_0034_0.png,512,512,OK
TBX11K,CHNCXR_0332_1.png,data/raw/TBX11K/imgs/extra/mc+shenzhen/train/CHNCXR_0332_1.png,512,512,OK
TBX11K,CHNCXR_0547_1.png,data/raw/TBX11K/imgs/extra/mc+shenzhen/train/CHNCXR_0547_1.png,512,512,OK
TBX11K,CHNCXR_0052_0.png,data/raw/TBX11K/imgs/extra/mc+shenzhen/train/CHNCXR_0052_0.png,512,512,OK
TBX11K,CHNCXR_0646_1.png,data/raw/TBX11K/imgs/extra/mc+shenzhen/train/CHNCXR_0646_1.png,512,512,OK
TBX11K,CHNCXR_0137_0.png,data/raw/TBX11K/imgs/extra/mc+shenzhen/train/CHNCXR_0137_0.png,512,512,OK
TBX11K,CHNCXR_0257_0.png,data/raw/TBX11K/imgs/extra/mc+shenzhen/train/CHNCXR_0257_0.png,512,512,OK
TBX11K,MCUCXR_0173_1.png,data/raw/TBX11K/imgs/extra/mc+shenzhen/train/MCUCXR_0173_1.png,512,512,OK
TBX11K,CHNCXR_0113_0.png,data/raw/TBX11K/imgs/extra/mc+shenzhen/train/CHNCXR_0113_0.png,512,512,OK
TBX11K,CHNCXR_0443_1.png,data/raw/TBX11K/imgs/extra/mc+shenzhen/train/CHNCXR_0443_1.png,512,512,OK
TBX11K,CHNCXR_0033_0.png,data/raw/TBX11K/imgs/extra/mc+shenzhen/train/CHNCXR_0033_0.png,512,512,OK
TBX11K,MCUCXR_0352_1.png,data/raw/TBX11K/imgs/extra/mc+shenzhen/train/MCUCXR_0352_1.png,512,512,OK
TBX11K,CHNCXR_0481_1.png,data/raw/TBX11K/imgs/extra/mc+shenzhen/train/CHNCXR_0481_1.png,512,512,OK
TBX11K,CHNCXR_0268_0.png,data/raw/TBX11K/imgs/extra/mc+shenzhen/train/CHNCXR_0268_0.png,512,512,OK
TBX11K,MCUCXR_0350_1.png,data/raw/TBX11K/imgs/extra/mc+shenzhen/train/MCUCXR_0350_1.png,512,512,OK
TBX11K,CHNCXR_0089_0.png,data/raw/TBX11K/imgs/extra/mc+shenzhen/train/CHNCXR_0089_0.png,512,512,OK
TBX11K,CHNCXR_0618_1.png,data/raw/TBX11K/imgs/extra/mc+shenzhen/train/CHNCXR_0618_1.png,512,512,OK
TBX11K,MCUCXR_0048_0.png,data/raw/TBX11K/imgs/extra/mc+shenzhen/train/MCUCXR_0048_0.png,512,512,OK
TBX11K,CHNCXR_0135_0.png,data/raw/TBX11K/imgs/extra/mc+shenzhen/train/CHNCXR_0135_0.png,512,512,OK
TBX11K,MCUCXR_0029_0.png,data/raw/TBX11K/imgs/extra/mc+shenzhen/train/MCUCXR_0029_0.png,512,512,OK
TBX11K,CHNCXR_0375_1.png,data/raw/TBX11K/imgs/extra/mc+shenzhen/train/CHNCXR_0375_1.png,512,512,OK
TBX11K,MCUCXR_0051_0.png,data/raw/TBX11K/imgs/extra/mc+shenzhen/train/MCUCXR_0051_0.png,512,512,OK
TBX11K,MCUCXR_0294_1.png,data/raw/TBX11K/imgs/extra/mc+shenzhen/train/MCUCXR_0294_1.png,512,512,OK
TBX11K,CHNCXR_0209_0.png,data/raw/TBX11K/imgs/extra/mc+shenzhen/train/CHNCXR_0209_0.png,512,512,OK
TBX11K,CHNCXR_0388_1.png,data/raw/TBX11K/imgs/extra/mc+shenzhen/train/CHNCXR_0388_1.png,512,512,OK
TBX11K,CHNCXR_0500_1.png,data/raw/TBX11K/imgs/extra/mc+shenzhen/train/CHNCXR_0500_1.png,512,512,OK
TBX11K,CHNCXR_0545_1.png,data/raw/TBX11K/imgs/extra/mc+shenzhen/train/CHNCXR_0545_1.png,512,512,OK
TBX11K,CHNCXR_0230_0.png,data/raw/TBX11K/imgs/extra/mc+shenzhen/train/CHNCXR_0230_0.png,512,512,OK
TBX11K,CHNCXR_0275_0.png,data/raw/TBX11K/imgs/extra/mc+shenzhen/train/CHNCXR_0275_0.png,512,512,OK
TBX11K,CHNCXR_0638_1.png,data/raw/TBX11K/imgs/extra/mc+shenzhen/train/CHNCXR_0638_1.png,512,512,OK
TBX11K,CHNCXR_0011_0.png,data/raw/TBX11K/imgs/extra/mc+shenzhen/train/CHNCXR_0011_0.png,512,512,OK
TBX11K,CHNCXR_0605_1.png,data/raw/TBX11K/imgs/extra/mc+shenzhen/train/CHNCXR_0605_1.png,512,512,OK
TBX11K,CHNCXR_0371_1.png,data/raw/TBX11K/imgs/extra/mc+shenzhen/train/CHNCXR_0371_1.png,512,512,OK
TBX11K,CHNCXR_0419_1.png,data/raw/TBX11K/imgs/extra/mc+shenzhen/train/CHNCXR_0419_1.png,512,512,OK
TBX11K,MCUCXR_0055_0.png,data/raw/TBX11K/imgs/extra/mc+shenzhen/train/MCUCXR_0055_0.png,512,512,OK
TBX11K,CHNCXR_0598_1.png,data/raw/TBX11K/imgs/extra/mc+shenzhen/train/CHNCXR_0598_1.png,512,512,OK
TBX11K,MCUCXR_0311_1.png,data/raw/TBX11K/imgs/extra/mc+shenzhen/train/MCUCXR_0311_1.png,512,512,OK
TBX11K,CHNCXR_0291_0.png,data/raw/TBX11K/imgs/extra/mc+shenzhen/train/CHNCXR_0291_0.png,512,512,OK
TBX11K,MCUCXR_0071_0.png,data/raw/TBX11K/imgs/extra/mc+shenzhen/train/MCUCXR_0071_0.png,512,512,OK
TBX11K,CHNCXR_0128_0.png,data/raw/TBX11K/imgs/extra/mc+shenzhen/train/CHNCXR_0128_0.png,512,512,OK
TBX11K,CHNCXR_0485_1.png,data/raw/TBX11K/imgs/extra/mc+shenzhen/train/CHNCXR_0485_1.png,512,512,OK
TBX11K,CHNCXR_0229_0.png,data/raw/TBX11K/imgs/extra/mc+shenzhen/train/CHNCXR_0229_0.png,512,512,OK
TBX11K,CHNCXR_0445_1.png,data/raw/TBX11K/imgs/extra/mc+shenzhen/train/CHNCXR_0445_1.png,512,512,OK
TBX11K,CHNCXR_0150_0.png,data/raw/TBX11K/imgs/extra/mc+shenzhen/train/CHNCXR_0150_0.png,512,512,OK
TBX11K,MCUCXR_0369_1.png,data/raw/TBX11K/imgs/extra/mc+shenzhen/train/MCUCXR_0369_1.png,512,512,OK
TBX11K,CHNCXR_0397_1.png,data/raw/TBX11K/imgs/extra/mc+shenzhen/train/CHNCXR_0397_1.png,512,512,OK
TBX11K,CHNCXR_0357_1.png,data/raw/TBX11K/imgs/extra/mc+shenzhen/train/CHNCXR_0357_1.png,512,512,OK
TBX11K,CHNCXR_0607_1.png,data/raw/TBX11K/imgs/extra/mc+shenzhen/train/CHNCXR_0607_1.png,512,512,OK
TBX11K,CHNCXR_0642_1.png,data/raw/TBX11K/imgs/extra/mc+shenzhen/train/CHNCXR_0642_1.png,512,512,OK
TBX11K,CHNCXR_0336_1.png,data/raw/TBX11K/imgs/extra/mc+shenzhen/train/CHNCXR_0336_1.png,512,512,OK
TBX11K,MCUCXR_0097_0.png,data/raw/TBX11K/imgs/extra/mc+shenzhen/train/MCUCXR_0097_0.png,512,512,OK
TBX11K,CHNCXR_0463_1.png,data/raw/TBX11K/imgs/extra/mc+shenzhen/train/CHNCXR_0463_1.png,512,512,OK
TBX11K,CHNCXR_0426_1.png,data/raw/TBX11K/imgs/extra/mc+shenzhen/train/CHNCXR_0426_1.png,512,512,OK
TBX11K,CHNCXR_0492_1.png,data/raw/TBX11K/imgs/extra/mc+shenzhen/val/CHNCXR_0492_1.png,512,512,OK
TBX11K,CHNCXR_0342_1.png,data/raw/TBX11K/imgs/extra/mc+shenzhen/val/CHNCXR_0342_1.png,512,512,OK
TBX11K,CHNCXR_0083_0.png,data/raw/TBX11K/imgs/extra/mc+shenzhen/val/CHNCXR_0083_0.png,512,512,OK
TBX11K,CHNCXR_0262_0.png,data/raw/TBX11K/imgs/extra/mc+shenzhen/val/CHNCXR_0262_0.png,512,512,OK
TBX11K,CHNCXR_0433_1.png,data/raw/TBX11K/imgs/extra/mc+shenzhen/val/CHNCXR_0433_1.png,512,512,OK
TBX11K,CHNCXR_0476_1.png,data/raw/TBX11K/imgs/extra/mc+shenzhen/val/CHNCXR_0476_1.png,512,512,OK
TBX11K,CHNCXR_0126_0.png,data/raw/TBX11K/imgs/extra/mc+shenzhen/val/CHNCXR_0126_0.png,512,512,OK
TBX11K,CHNCXR_0513_1.png,data/raw/TBX11K/imgs/extra/mc+shenzhen/val/CHNCXR_0513_1.png,512,512,OK
TBX11K,MCUCXR_0367_1.png,data/raw/TBX11K/imgs/extra/mc+shenzhen/val/MCUCXR_0367_1.png,512,512,OK
TBX11K,CHNCXR_0119_0.png,data/raw/TBX11K/imgs/extra/mc+shenzhen/val/CHNCXR_0119_0.png,512,512,OK
TBX11K,MCUCXR_0040_0.png,data/raw/TBX11K/imgs/extra/mc+shenzhen/val/MCUCXR_0040_0.png,512,512,OK
TBX11K,CHNCXR_0449_1.png,data/raw/TBX11K/imgs/extra/mc+shenzhen/val/CHNCXR_0449_1.png,512,512,OK
TBX11K,CHNCXR_0305_0.png,data/raw/TBX11K/imgs/extra/mc+shenzhen/val/CHNCXR_0305_0.png,512,512,OK
TBX11K,CHNCXR_0655_1.png,data/raw/TBX11K/imgs/extra/mc+shenzhen/val/CHNCXR_0655_1.png,512,512,OK
TBX11K,CHNCXR_0081_0.png,data/raw/TBX11K/imgs/extra/mc+shenzhen/val/CHNCXR_0081_0.png,512,512,OK
TBX11K,MCUCXR_0080_0.png,data/raw/TBX11K/imgs/extra/mc+shenzhen/val/MCUCXR_0080_0.png,512,512,OK
TBX11K,CHNCXR_0508_1.png,data/raw/TBX11K/imgs/extra/mc+shenzhen/val/CHNCXR_0508_1.png,512,512,OK
TBX11K,MCUCXR_0101_0.png,data/raw/TBX11K/imgs/extra/mc+shenzhen/val/MCUCXR_0101_0.png,512,512,OK
TBX11K,CHNCXR_0380_1.png,data/raw/TBX11K/imgs/extra/mc+shenzhen/val/CHNCXR_0380_1.png,512,512,OK
TBX11K,CHNCXR_0244_0.png,data/raw/TBX11K/imgs/extra/mc+shenzhen/val/CHNCXR_0244_0.png,512,512,OK
TBX11K,MCUCXR_0059_0.png,data/raw/TBX11K/imgs/extra/mc+shenzhen/val/MCUCXR_0059_0.png,512,512,OK
TBX11K,MCUCXR_0021_0.png,data/raw/TBX11K/imgs/extra/mc+shenzhen/val/MCUCXR_0021_0.png,512,512,OK
TBX11K,CHNCXR_0535_1.png,data/raw/TBX11K/imgs/extra/mc+shenzhen/val/CHNCXR_0535_1.png,512,512,OK
TBX11K,CHNCXR_0065_0.png,data/raw/TBX11K/imgs/extra/mc+shenzhen/val/CHNCXR_0065_0.png,512,512,OK
TBX11K,CHNCXR_0411_1.png,data/raw/TBX11K/imgs/extra/mc+shenzhen/val/CHNCXR_0411_1.png,512,512,OK
TBX11K,CHNCXR_0205_0.png,data/raw/TBX11K/imgs/extra/mc+shenzhen/val/CHNCXR_0205_0.png,512,512,OK
TBX11K,CHNCXR_0024_0.png,data/raw/TBX11K/imgs/extra/mc+shenzhen/val/CHNCXR_0024_0.png,512,512,OK
TBX11K,CHNCXR_0061_0.png,data/raw/TBX11K/imgs/extra/mc+shenzhen/val/CHNCXR_0061_0.png,512,512,OK
TBX11K,CHNCXR_0181_0.png,data/raw/TBX11K/imgs/extra/mc+shenzhen/val/CHNCXR_0181_0.png,512,512,OK
TBX11K,MCUCXR_0258_1.png,data/raw/TBX11K/imgs/extra/mc+shenzhen/val/MCUCXR_0258_1.png,512,512,OK
TBX11K,CHNCXR_0280_0.png,data/raw/TBX11K/imgs/extra/mc+shenzhen/val/CHNCXR_0280_0.png,512,512,OK
TBX11K,CHNCXR_0139_0.png,data/raw/TBX11K/imgs/extra/mc+shenzhen/val/CHNCXR_0139_0.png,512,512,OK
TBX11K,CHNCXR_0301_0.png,data/raw/TBX11K/imgs/extra/mc+shenzhen/val/CHNCXR_0301_0.png,512,512,OK
TBX11K,CHNCXR_0045_0.png,data/raw/TBX11K/imgs/extra/mc+shenzhen/val/CHNCXR_0045_0.png,512,512,OK
TBX11K,MCUCXR_0084_0.png,data/raw/TBX11K/imgs/extra/mc+shenzhen/val/MCUCXR_0084_0.png,512,512,OK
TBX11K,CHNCXR_0470_1.png,data/raw/TBX11K/imgs/extra/mc+shenzhen/val/CHNCXR_0470_1.png,512,512,OK
TBX11K,CHNCXR_0078_0.png,data/raw/TBX11K/imgs/extra/mc+shenzhen/val/CHNCXR_0078_0.png,512,512,OK
TBX11K,CHNCXR_0590_1.png,data/raw/TBX11K/imgs/extra/mc+shenzhen/val/CHNCXR_0590_1.png,512,512,OK
TBX11K,MCUCXR_0086_0.png,data/raw/TBX11K/imgs/extra/mc+shenzhen/val/MCUCXR_0086_0.png,512,512,OK
TBX11K,CHNCXR_0087_0.png,data/raw/TBX11K/imgs/extra/mc+shenzhen/val/CHNCXR_0087_0.png,512,512,OK
TBX11K,CHNCXR_0592_1.png,data/raw/TBX11K/imgs/extra/mc+shenzhen/val/CHNCXR_0592_1.png,512,512,OK
TBX11K,CHNCXR_0517_1.png,data/raw/TBX11K/imgs/extra/mc+shenzhen/val/CHNCXR_0517_1.png,512,512,OK
TBX11K,CHNCXR_0002_0.png,data/raw/TBX11K/imgs/extra/mc+shenzhen/val/CHNCXR_0002_0.png,512,512,OK
TBX11K,CHNCXR_0616_1.png,data/raw/TBX11K/imgs/extra/mc+shenzhen/val/CHNCXR_0616_1.png,512,512,OK
TBX11K,CHNCXR_0303_0.png,data/raw/TBX11K/imgs/extra/mc+shenzhen/val/CHNCXR_0303_0.png,512,512,OK
TBX11K,CHNCXR_0327_1.png,data/raw/TBX11K/imgs/extra/mc+shenzhen/val/CHNCXR_0327_1.png,512,512,OK
TBX11K,MCUCXR_0166_1.png,data/raw/TBX11K/imgs/extra/mc+shenzhen/val/MCUCXR_0166_1.png,512,512,OK
TBX11K,CHNCXR_0143_0.png,data/raw/TBX11K/imgs/extra/mc+shenzhen/val/CHNCXR_0143_0.png,512,512,OK
TBX11K,CHNCXR_0106_0.png,data/raw/TBX11K/imgs/extra/mc+shenzhen/val/CHNCXR_0106_0.png,512,512,OK
TBX11K,CHNCXR_0125_0.png,data/raw/TBX11K/imgs/extra/mc+shenzhen/val/CHNCXR_0125_0.png,512,512,OK
TBX11K,CHNCXR_0261_0.png,data/raw/TBX11K/imgs/extra/mc+shenzhen/val/CHNCXR_0261_0.png,512,512,OK
TBX11K,CHNCXR_0080_0.png,data/raw/TBX11K/imgs/extra/mc+shenzhen/val/CHNCXR_0080_0.png,512,512,OK
TBX11K,CHNCXR_0040_0.png,data/raw/TBX11K/imgs/extra/mc+shenzhen/val/CHNCXR_0040_0.png,512,512,OK
TBX11K,CHNCXR_0219_0.png,data/raw/TBX11K/imgs/extra/mc+shenzhen/val/CHNCXR_0219_0.png,512,512,OK
TBX11K,CHNCXR_0118_0.png,data/raw/TBX11K/imgs/extra/mc+shenzhen/val/CHNCXR_0118_0.png,512,512,OK
TBX11K,CHNCXR_0571_1.png,data/raw/TBX11K/imgs/extra/mc+shenzhen/val/CHNCXR_0571_1.png,512,512,OK
TBX11K,MCUCXR_0020_0.png,data/raw/TBX11K/imgs/extra/mc+shenzhen/val/MCUCXR_0020_0.png,512,512,OK
TBX11K,CHNCXR_0179_0.png,data/raw/TBX11K/imgs/extra/mc+shenzhen/val/CHNCXR_0179_0.png,512,512,OK
TBX11K,CHNCXR_0341_1.png,data/raw/TBX11K/imgs/extra/mc+shenzhen/val/CHNCXR_0341_1.png,512,512,OK
TBX11K,CHNCXR_0381_1.png,data/raw/TBX11K/imgs/extra/mc+shenzhen/val/CHNCXR_0381_1.png,512,512,OK
TBX11K,CHNCXR_0200_0.png,data/raw/TBX11K/imgs/extra/mc+shenzhen/val/CHNCXR_0200_0.png,512,512,OK
TBX11K,CHNCXR_0414_1.png,data/raw/TBX11K/imgs/extra/mc+shenzhen/val/CHNCXR_0414_1.png,512,512,OK
TBX11K,CHNCXR_0101_0.png,data/raw/TBX11K/imgs/extra/mc+shenzhen/val/CHNCXR_0101_0.png,512,512,OK
TBX11K,CHNCXR_0383_1.png,data/raw/TBX11K/imgs/extra/mc+shenzhen/val/CHNCXR_0383_1.png,512,512,OK
TBX11K,MCUCXR_0102_0.png,data/raw/TBX11K/imgs/extra/mc+shenzhen/val/MCUCXR_0102_0.png,512,512,OK
TBX11K,CHNCXR_0023_0.png,data/raw/TBX11K/imgs/extra/mc+shenzhen/val/CHNCXR_0023_0.png,512,512,OK
TBX11K,MCUCXR_0022_0.png,data/raw/TBX11K/imgs/extra/mc+shenzhen/val/MCUCXR_0022_0.png,512,512,OK
TBX11K,CHNCXR_0613_1.png,data/raw/TBX11K/imgs/extra/mc+shenzhen/val/CHNCXR_0613_1.png,512,512,OK
TBX11K,CHNCXR_0007_0.png,data/raw/TBX11K/imgs/extra/mc+shenzhen/val/CHNCXR_0007_0.png,512,512,OK
TBX11K,MCUCXR_0006_0.png,data/raw/TBX11K/imgs/extra/mc+shenzhen/val/MCUCXR_0006_0.png,512,512,OK
TBX11K,CHNCXR_0367_1.png,data/raw/TBX11K/imgs/extra/mc+shenzhen/val/CHNCXR_0367_1.png,512,512,OK
TBX11K,CHNCXR_0263_0.png,data/raw/TBX11K/imgs/extra/mc+shenzhen/val/CHNCXR_0263_0.png,512,512,OK
TBX11K,MCUCXR_0083_0.png,data/raw/TBX11K/imgs/extra/mc+shenzhen/val/MCUCXR_0083_0.png,512,512,OK
TBX11K,CHNCXR_0162_0.png,data/raw/TBX11K/imgs/extra/mc+shenzhen/val/CHNCXR_0162_0.png,512,512,OK
TBX11K,MCUCXR_0282_1.png,data/raw/TBX11K/imgs/extra/mc+shenzhen/val/MCUCXR_0282_1.png,512,512,OK
TBX11K,MCUCXR_0047_0.png,data/raw/TBX11K/imgs/extra/mc+shenzhen/val/MCUCXR_0047_0.png,512,512,OK
TBX11K,CHNCXR_0363_1.png,data/raw/TBX11K/imgs/extra/mc+shenzhen/val/CHNCXR_0363_1.png,512,512,OK
TBX11K,MCUCXR_0362_1.png,data/raw/TBX11K/imgs/extra/mc+shenzhen/val/MCUCXR_0362_1.png,512,512,OK
TBX11K,CHNCXR_0046_0.png,data/raw/TBX11K/imgs/extra/mc+shenzhen/val/CHNCXR_0046_0.png,512,512,OK
TBX11K,CHNCXR_0617_1.png,data/raw/TBX11K/imgs/extra/mc+shenzhen/val/CHNCXR_0617_1.png,512,512,OK
TBX11K,CHNCXR_0243_0.png,data/raw/TBX11K/imgs/extra/mc+shenzhen/val/CHNCXR_0243_0.png,512,512,OK
TBX11K,CHNCXR_0107_0.png,data/raw/TBX11K/imgs/extra/mc+shenzhen/val/CHNCXR_0107_0.png,512,512,OK
TBX11K,CHNCXR_0142_0.png,data/raw/TBX11K/imgs/extra/mc+shenzhen/val/CHNCXR_0142_0.png,512,512,OK
TBX11K,CHNCXR_0412_1.png,data/raw/TBX11K/imgs/extra/mc+shenzhen/val/CHNCXR_0412_1.png,512,512,OK
TBX11K,CHNCXR_0347_1.png,data/raw/TBX11K/imgs/extra/mc+shenzhen/val/CHNCXR_0347_1.png,512,512,OK
TBX11K,MCUCXR_0026_0.png,data/raw/TBX11K/imgs/extra/mc+shenzhen/val/MCUCXR_0026_0.png,512,512,OK
TBX11K,CHNCXR_0027_0.png,data/raw/TBX11K/imgs/extra/mc+shenzhen/val/CHNCXR_0027_0.png,512,512,OK
TBX11K,CHNCXR_0495_1.png,data/raw/TBX11K/imgs/extra/mc+shenzhen/val/CHNCXR_0495_1.png,512,512,OK
TBX11K,CHNCXR_0281_0.png,data/raw/TBX11K/imgs/extra/mc+shenzhen/val/CHNCXR_0281_0.png,512,512,OK
TBX11K,CHNCXR_0319_0.png,data/raw/TBX11K/imgs/extra/mc+shenzhen/val/CHNCXR_0319_0.png,512,512,OK
TBX11K,CHNCXR_0018_0.png,data/raw/TBX11K/imgs/extra/mc+shenzhen/val/CHNCXR_0018_0.png,512,512,OK
TBX11K,MCUCXR_0019_0.png,data/raw/TBX11K/imgs/extra/mc+shenzhen/val/MCUCXR_0019_0.png,512,512,OK
TBX11K,CHNCXR_0385_1.png,data/raw/TBX11K/imgs/extra/mc+shenzhen/val/CHNCXR_0385_1.png,512,512,OK
TBX11K,CHNCXR_0529_1.png,data/raw/TBX11K/imgs/extra/mc+shenzhen/val/CHNCXR_0529_1.png,512,512,OK
TBX11K,CHNCXR_0591_1.png,data/raw/TBX11K/imgs/extra/mc+shenzhen/val/CHNCXR_0591_1.png,512,512,OK
TBX11K,CHNCXR_0084_0.png,data/raw/TBX11K/imgs/extra/mc+shenzhen/val/CHNCXR_0084_0.png,512,512,OK
TBX11K,CHNCXR_0628_1.png,data/raw/TBX11K/imgs/extra/mc+shenzhen/val/CHNCXR_0628_1.png,512,512,OK
TBX11K,CHNCXR_0265_0.png,data/raw/TBX11K/imgs/extra/mc+shenzhen/val/CHNCXR_0265_0.png,512,512,OK
TBX11K,MCUCXR_0141_1.png,data/raw/TBX11K/imgs/extra/mc+shenzhen/val/MCUCXR_0141_1.png,512,512,OK
TBX11K,CHNCXR_0199_0.png,data/raw/TBX11K/imgs/extra/mc+shenzhen/val/CHNCXR_0199_0.png,512,512,OK
TBX11K,CHNCXR_0121_0.png,data/raw/TBX11K/imgs/extra/mc+shenzhen/val/CHNCXR_0121_0.png,512,512,OK
TBX11K,CHNCXR_0164_0.png,data/raw/TBX11K/imgs/extra/mc+shenzhen/val/CHNCXR_0164_0.png,512,512,OK
TBX11K,CHNCXR_0514_1.png,data/raw/TBX11K/imgs/extra/mc+shenzhen/val/CHNCXR_0514_1.png,512,512,OK
TBX11K,CHNCXR_0551_1.png,data/raw/TBX11K/imgs/extra/mc+shenzhen/val/CHNCXR_0551_1.png,512,512,OK
TBX11K,CHNCXR_0390_1.png,data/raw/TBX11K/imgs/extra/mc+shenzhen/val/CHNCXR_0390_1.png,512,512,OK
TBX11K,CHNCXR_0211_0.png,data/raw/TBX11K/imgs/extra/mc+shenzhen/val/CHNCXR_0211_0.png,512,512,OK
TBX11K,CHNCXR_0560_1.png,data/raw/TBX11K/imgs/extra/mc+shenzhen/val/CHNCXR_0560_1.png,512,512,OK
TBX11K,CHNCXR_0269_0.png,data/raw/TBX11K/imgs/extra/mc+shenzhen/val/CHNCXR_0269_0.png,512,512,OK
TBX11K,CHNCXR_0294_0.png,data/raw/TBX11K/imgs/extra/mc+shenzhen/val/CHNCXR_0294_0.png,512,512,OK
TBX11K,CHNCXR_0051_0.png,data/raw/TBX11K/imgs/extra/mc+shenzhen/val/CHNCXR_0051_0.png,512,512,OK
TBX11K,MCUCXR_0194_1.png,data/raw/TBX11K/imgs/extra/mc+shenzhen/val/MCUCXR_0194_1.png,512,512,OK
TBX11K,CHNCXR_0109_0.png,data/raw/TBX11K/imgs/extra/mc+shenzhen/val/CHNCXR_0109_0.png,512,512,OK
TBX11K,CHNCXR_0270_0.png,data/raw/TBX11K/imgs/extra/mc+shenzhen/val/CHNCXR_0270_0.png,512,512,OK
TBX11K,CHNCXR_0421_1.png,data/raw/TBX11K/imgs/extra/mc+shenzhen/val/CHNCXR_0421_1.png,512,512,OK
TBX11K,MCUCXR_0255_1.png,data/raw/TBX11K/imgs/extra/mc+shenzhen/val/MCUCXR_0255_1.png,512,512,OK
TBX11K,CHNCXR_0466_1.png,data/raw/TBX11K/imgs/extra/mc+shenzhen/val/CHNCXR_0466_1.png,512,512,OK
TBX11K,CHNCXR_0272_0.png,data/raw/TBX11K/imgs/extra/mc+shenzhen/val/CHNCXR_0272_0.png,512,512,OK
TBX11K,CHNCXR_0237_0.png,data/raw/TBX11K/imgs/extra/mc+shenzhen/val/CHNCXR_0237_0.png,512,512,OK
TBX11K,CHNCXR_0093_0.png,data/raw/TBX11K/imgs/extra/mc+shenzhen/val/CHNCXR_0093_0.png,512,512,OK
TBX11K,CHNCXR_0016_0.png,data/raw/TBX11K/imgs/extra/mc+shenzhen/val/CHNCXR_0016_0.png,512,512,OK
TBX11K,CHNCXR_0647_1.png,data/raw/TBX11K/imgs/extra/mc+shenzhen/val/CHNCXR_0647_1.png,512,512,OK
TBX11K,CHNCXR_0376_1.png,data/raw/TBX11K/imgs/extra/mc+shenzhen/val/CHNCXR_0376_1.png,512,512,OK
TBX11K,CHNCXR_0032_0.png,data/raw/TBX11K/imgs/extra/mc+shenzhen/val/CHNCXR_0032_0.png,512,512,OK
TBX11K,MCUCXR_0316_1.png,data/raw/TBX11K/imgs/extra/mc+shenzhen/val/MCUCXR_0316_1.png,512,512,OK
TBX11K,CHNCXR_0527_1.png,data/raw/TBX11K/imgs/extra/mc+shenzhen/val/CHNCXR_0527_1.png,512,512,OK
TBX11K,CHNCXR_0352_1.png,data/raw/TBX11K/imgs/extra/mc+shenzhen/val/CHNCXR_0352_1.png,512,512,OK
TBX11K,CHNCXR_0482_1.png,data/raw/TBX11K/imgs/extra/mc+shenzhen/val/CHNCXR_0482_1.png,512,512,OK
TBX11K,CHNCXR_0213_0.png,data/raw/TBX11K/imgs/extra/mc+shenzhen/val/CHNCXR_0213_0.png,512,512,OK
TBX11K,CHNCXR_0392_1.png,data/raw/TBX11K/imgs/extra/mc+shenzhen/val/CHNCXR_0392_1.png,512,512,OK
TBX11K,CHNCXR_0407_1.png,data/raw/TBX11K/imgs/extra/mc+shenzhen/val/CHNCXR_0407_1.png,512,512,OK
TBX11K,CHNCXR_0193_0.png,data/raw/TBX11K/imgs/extra/mc+shenzhen/val/CHNCXR_0193_0.png,512,512,OK
TBX11K,CHNCXR_0356_1.png,data/raw/TBX11K/imgs/extra/mc+shenzhen/val/CHNCXR_0356_1.png,512,512,OK
TBX11K,CHNCXR_0036_0.png,data/raw/TBX11K/imgs/extra/mc+shenzhen/val/CHNCXR_0036_0.png,512,512,OK
TBX11K,CHNCXR_0073_0.png,data/raw/TBX11K/imgs/extra/mc+shenzhen/val/CHNCXR_0073_0.png,512,512,OK
TBX11K,CHNCXR_0566_1.png,data/raw/TBX11K/imgs/extra/mc+shenzhen/val/CHNCXR_0566_1.png,512,512,OK
TBX11K,CHNCXR_0396_1.png,data/raw/TBX11K/imgs/extra/mc+shenzhen/val/CHNCXR_0396_1.png,512,512,OK
TBX11K,CHNCXR_0097_0.png,data/raw/TBX11K/imgs/extra/mc+shenzhen/val/CHNCXR_0097_0.png,512,512,OK
TBX11K,MCUCXR_0117_1.png,data/raw/TBX11K/imgs/extra/mc+shenzhen/val/MCUCXR_0117_1.png,512,512,OK
TBX11K,CHNCXR_0276_0.png,data/raw/TBX11K/imgs/extra/mc+shenzhen/val/CHNCXR_0276_0.png,512,512,OK
TBX11K,MCUCXR_0253_1.png,data/raw/TBX11K/imgs/extra/mc+shenzhen/val/MCUCXR_0253_1.png,512,512,OK
TBX11K,CHNCXR_0177_0.png,data/raw/TBX11K/imgs/extra/mc+shenzhen/val/CHNCXR_0177_0.png,512,512,OK
TBX11K,CHNCXR_0643_1.png,data/raw/TBX11K/imgs/extra/mc+shenzhen/val/CHNCXR_0643_1.png,512,512,OK
TBX11K,CHNCXR_0249_0.png,data/raw/TBX11K/imgs/extra/mc+shenzhen/val/CHNCXR_0249_0.png,512,512,OK
TBX11K,CHNCXR_0370_1.png,data/raw/TBX11K/imgs/extra/mc+shenzhen/val/CHNCXR_0370_1.png,512,512,OK
TBX11K,MCUCXR_0011_0.png,data/raw/TBX11K/imgs/extra/mc+shenzhen/val/MCUCXR_0011_0.png,512,512,OK
TBX11K,CHNCXR_0641_1.png,data/raw/TBX11K/imgs/extra/mc+shenzhen/val/CHNCXR_0641_1.png,512,512,OK
TBX11K,CHNCXR_0538_1.png,data/raw/TBX11K/imgs/extra/mc+shenzhen/val/CHNCXR_0538_1.png,512,512,OK
TBX11K,CHNCXR_0175_0.png,data/raw/TBX11K/imgs/extra/mc+shenzhen/val/CHNCXR_0175_0.png,512,512,OK
TBX11K,CHNCXR_0425_1.png,data/raw/TBX11K/imgs/extra/mc+shenzhen/val/CHNCXR_0425_1.png,512,512,OK
TBX11K,CHNCXR_0289_0.png,data/raw/TBX11K/imgs/extra/mc+shenzhen/val/CHNCXR_0289_0.png,512,512,OK
TBX11K,CHNCXR_0188_0.png,data/raw/TBX11K/imgs/extra/mc+shenzhen/val/CHNCXR_0188_0.png,512,512,OK
TBX11K,CHNCXR_0009_0.png,data/raw/TBX11K/imgs/extra/mc+shenzhen/val/CHNCXR_0009_0.png,512,512,OK
TBX11K,CHNCXR_0658_1.png,data/raw/TBX11K/imgs/extra/mc+shenzhen/val/CHNCXR_0658_1.png,512,512,OK
TBX11K,CHNCXR_0250_0.png,data/raw/TBX11K/imgs/extra/mc+shenzhen/val/CHNCXR_0250_0.png,512,512,OK
TBX11K,MCUCXR_0035_0.png,data/raw/TBX11K/imgs/extra/mc+shenzhen/val/MCUCXR_0035_0.png,512,512,OK
TBX11K,CHNCXR_0620_1.png,data/raw/TBX11K/imgs/extra/mc+shenzhen/val/CHNCXR_0620_1.png,512,512,OK
TBX11K,CHNCXR_0071_0.png,data/raw/TBX11K/imgs/extra/mc+shenzhen/val/CHNCXR_0071_0.png,512,512,OK
TBX11K,MCUCXR_0053_0.png,data/raw/TBX11K/imgs/extra/mc+shenzhen/val/MCUCXR_0053_0.png,512,512,OK
TBX11K,MCUCXR_0016_0.png,data/raw/TBX11K/imgs/extra/mc+shenzhen/val/MCUCXR_0016_0.png,512,512,OK
TBX11K,CHNCXR_0316_0.png,data/raw/TBX11K/imgs/extra/mc+shenzhen/val/CHNCXR_0316_0.png,512,512,OK
TBX11K,CHNCXR_0467_1.png,data/raw/TBX11K/imgs/extra/mc+shenzhen/val/CHNCXR_0467_1.png,512,512,OK
TBX11K,CHNCXR_0422_1.png,data/raw/TBX11K/imgs/extra/mc+shenzhen/val/CHNCXR_0422_1.png,512,512,OK
TBX11K,MCUCXR_0213_1.png,data/raw/TBX11K/imgs/extra/mc+shenzhen/val/MCUCXR_0213_1.png,512,512,OK
TBX11K,CHNCXR_0406_1.png,data/raw/TBX11K/imgs/extra/mc+shenzhen/val/CHNCXR_0406_1.png,512,512,OK
TBX11K,MCUCXR_0030_0.png,data/raw/TBX11K/imgs/extra/mc+shenzhen/val/MCUCXR_0030_0.png,512,512,OK
TBX11K,CHNCXR_0351_1.png,data/raw/TBX11K/imgs/extra/mc+shenzhen/val/CHNCXR_0351_1.png,512,512,OK
TBX11K,CHNCXR_0074_0.png,data/raw/TBX11K/imgs/extra/mc+shenzhen/val/CHNCXR_0074_0.png,512,512,OK
TBX11K,CHNCXR_0031_0.png,data/raw/TBX11K/imgs/extra/mc+shenzhen/val/CHNCXR_0031_0.png,512,512,OK
TBX11K,MCUCXR_0390_1.png,data/raw/TBX11K/imgs/extra/mc+shenzhen/val/MCUCXR_0390_1.png,512,512,OK
TBX11K,CHNCXR_0519_1.png,data/raw/TBX11K/imgs/extra/mc+shenzhen/val/CHNCXR_0519_1.png,512,512,OK
TBX11K,CHNCXR_0441_1.png,data/raw/TBX11K/imgs/extra/mc+shenzhen/val/CHNCXR_0441_1.png,512,512,OK
TBX11K,CHNCXR_0404_1.png,data/raw/TBX11K/imgs/extra/mc+shenzhen/val/CHNCXR_0404_1.png,512,512,OK
TBX11K,CHNCXR_0329_1.png,data/raw/TBX11K/imgs/extra/mc+shenzhen/val/CHNCXR_0329_1.png,512,512,OK
TBX11K,CHNCXR_0391_1.png,data/raw/TBX11K/imgs/extra/mc+shenzhen/val/CHNCXR_0391_1.png,512,512,OK
TBX11K,CHNCXR_0271_0.png,data/raw/TBX11K/imgs/extra/mc+shenzhen/val/CHNCXR_0271_0.png,512,512,OK
TBX11K,MCUCXR_0254_1.png,data/raw/TBX11K/imgs/extra/mc+shenzhen/val/MCUCXR_0254_1.png,512,512,OK
TBX11K,CHNCXR_0108_0.png,data/raw/TBX11K/imgs/extra/mc+shenzhen/val/CHNCXR_0108_0.png,512,512,OK
TBX11K,CHNCXR_0314_0.png,data/raw/TBX11K/imgs/extra/mc+shenzhen/val/CHNCXR_0314_0.png,512,512,OK
TBX11K,CHNCXR_0644_1.png,data/raw/TBX11K/imgs/extra/mc+shenzhen/val/CHNCXR_0644_1.png,512,512,OK
TBX11K,MCUCXR_0331_1.png,data/raw/TBX11K/imgs/extra/mc+shenzhen/val/MCUCXR_0331_1.png,512,512,OK
TBX11K,CHNCXR_0288_0.png,data/raw/TBX11K/imgs/extra/mc+shenzhen/val/CHNCXR_0288_0.png,512,512,OK
TBX11K,CHNCXR_0461_1.png,data/raw/TBX11K/imgs/extra/mc+shenzhen/val/CHNCXR_0461_1.png,512,512,OK
TBX11K,CHNCXR_0504_1.png,data/raw/TBX11K/imgs/extra/mc+shenzhen/val/CHNCXR_0504_1.png,512,512,OK
TBX11K,CHNCXR_0541_1.png,data/raw/TBX11K/imgs/extra/mc+shenzhen/val/CHNCXR_0541_1.png,512,512,OK
TBX11K,CHNCXR_0621_1.png,data/raw/TBX11K/imgs/extra/mc+shenzhen/val/CHNCXR_0621_1.png,512,512,OK
TBX11K,MCUCXR_0354_1.png,data/raw/TBX11K/imgs/extra/mc+shenzhen/val/MCUCXR_0354_1.png,512,512,OK
TBX11K,CHNCXR_0520_1.png,data/raw/TBX11K/imgs/extra/mc+shenzhen/val/CHNCXR_0520_1.png,512,512,OK
TBX11K,CHNCXR_0035_0.png,data/raw/TBX11K/imgs/extra/mc+shenzhen/val/CHNCXR_0035_0.png,512,512,OK
TBX11K,CHNCXR_0355_1.png,data/raw/TBX11K/imgs/extra/mc+shenzhen/val/CHNCXR_0355_1.png,512,512,OK
TBX11K,MCUCXR_0188_1.png,data/raw/TBX11K/imgs/extra/mc+shenzhen/val/MCUCXR_0188_1.png,512,512,OK
TBX11K,CHNCXR_0558_1.png,data/raw/TBX11K/imgs/extra/mc+shenzhen/val/CHNCXR_0558_1.png,512,512,OK
TBX11K,CHNCXR_0659_1.png,data/raw/TBX11K/imgs/extra/mc+shenzhen/val/CHNCXR_0659_1.png,512,512,OK
TBX11K,CHNCXR_0117_0.png,data/raw/TBX11K/imgs/extra/mc+shenzhen/val/CHNCXR_0117_0.png,512,512,OK
TBX11K,CHNCXR_0567_1.png,data/raw/TBX11K/imgs/extra/mc+shenzhen/val/CHNCXR_0567_1.png,512,512,OK
TBX11K,CHNCXR_0293_0.png,data/raw/TBX11K/imgs/extra/mc+shenzhen/val/CHNCXR_0293_0.png,512,512,OK
TBX11K,CHNCXR_0506_1.png,data/raw/TBX11K/imgs/extra/mc+shenzhen/val/CHNCXR_0506_1.png,512,512,OK
TBX11K,CHNCXR_0543_1.png,data/raw/TBX11K/imgs/extra/mc+shenzhen/val/CHNCXR_0543_1.png,512,512,OK
TBX11K,CHNCXR_0013_0.png,data/raw/TBX11K/imgs/extra/mc+shenzhen/val/CHNCXR_0013_0.png,512,512,OK
TBX11K,CHNCXR_0096_0.png,data/raw/TBX11K/imgs/extra/mc+shenzhen/val/CHNCXR_0096_0.png,512,512,OK
TBX11K,CHNCXR_0583_1.png,data/raw/TBX11K/imgs/extra/mc+shenzhen/val/CHNCXR_0583_1.png,512,512,OK
TBX11K,p12.png,data/raw/TBX11K/imgs/extra/da+db/train/p12.png,512,512,OK
TBX11K,px37.jpg,data/raw/TBX11K/imgs/extra/da+db/train/px37.jpg,512,512,OK
TBX11K,px23.jpg,data/raw/TBX11K/imgs/extra/da+db/train/px23.jpg,512,512,OK
TBX11K,p11.png,data/raw/TBX11K/imgs/extra/da+db/train/p11.png,512,512,OK
TBX11K,nx1.jpg,data/raw/TBX11K/imgs/extra/da+db/train/nx1.jpg,512,512,OK
TBX11K,nx40.jpg,data/raw/TBX11K/imgs/extra/da+db/train/nx40.jpg,512,512,OK
TBX11K,n48.png,data/raw/TBX11K/imgs/extra/da+db/train/n48.png,512,512,OK
TBX11K,n9.png,data/raw/TBX11K/imgs/extra/da+db/train/n9.png,512,512,OK
TBX11K,px18.jpg,data/raw/TBX11K/imgs/extra/da+db/train/px18.jpg,512,512,OK
TBX11K,nx50.jpg,data/raw/TBX11K/imgs/extra/da+db/train/nx50.jpg,512,512,OK
TBX11K,p14.png,data/raw/TBX11K/imgs/extra/da+db/train/p14.png,512,512,OK
TBX11K,nx45.jpg,data/raw/TBX11K/imgs/extra/da+db/train/nx45.jpg,512,512,OK
TBX11K,px19.jpg,data/raw/TBX11K/imgs/extra/da+db/train/px19.jpg,512,512,OK
TBX11K,px25.jpg,data/raw/TBX11K/imgs/extra/da+db/train/px25.jpg,512,512,OK
TBX11K,px31.jpg,data/raw/TBX11K/imgs/extra/da+db/train/px31.jpg,512,512,OK
TBX11K,px27.jpg,data/raw/TBX11K/imgs/extra/da+db/train/px27.jpg,512,512,OK
TBX11K,nx47.jpg,data/raw/TBX11K/imgs/extra/da+db/train/nx47.jpg,512,512,OK
TBX11K,p17.png,data/raw/TBX11K/imgs/extra/da+db/train/p17.png,512,512,OK
TBX11K,nx6.jpg,data/raw/TBX11K/imgs/extra/da+db/train/nx6.jpg,512,512,OK
TBX11K,nx7.jpg,data/raw/TBX11K/imgs/extra/da+db/train/nx7.jpg,512,512,OK
TBX11K,p16.png,data/raw/TBX11K/imgs/extra/da+db/train/p16.png,512,512,OK
TBX11K,nx46.jpg,data/raw/TBX11K/imgs/extra/da+db/train/nx46.jpg,512,512,OK
TBX11K,nx52.jpg,data/raw/TBX11K/imgs/extra/da+db/train/nx52.jpg,512,512,OK
TBX11K,px32.jpg,data/raw/TBX11K/imgs/extra/da+db/train/px32.jpg,512,512,OK
TBX11K,px41.jpg,data/raw/TBX11K/imgs/extra/da+db/train/px41.jpg,512,512,OK
TBX11K,n29.png,data/raw/TBX11K/imgs/extra/da+db/train/n29.png,512,512,OK
TBX11K,px4.jpg,data/raw/TBX11K/imgs/extra/da+db/train/px4.jpg,512,512,OK
TBX11K,nx35.jpg,data/raw/TBX11K/imgs/extra/da+db/train/nx35.jpg,512,512,OK
TBX11K,nx21.jpg,data/raw/TBX11K/imgs/extra/da+db/train/nx21.jpg,512,512,OK
TBX11K,nx20.jpg,data/raw/TBX11K/imgs/extra/da+db/train/nx20.jpg,512,512,OK
TBX11K,n14.png,data/raw/TBX11K/imgs/extra/da+db/train/n14.png,512,512,OK
TBX11K,px5.jpg,data/raw/TBX11K/imgs/extra/da+db/train/px5.jpg,512,512,OK
TBX11K,nx34.jpg,data/raw/TBX11K/imgs/extra/da+db/train/nx34.jpg,512,512,OK
TBX11K,n28.png,data/raw/TBX11K/imgs/extra/da+db/train/n28.png,512,512,OK
TBX11K,px40.jpg,data/raw/TBX11K/imgs/extra/da+db/train/px40.jpg,512,512,OK
TBX11K,px42.jpg,data/raw/TBX11K/imgs/extra/da+db/train/px42.jpg,512,512,OK
TBX11K,nx22.jpg,data/raw/TBX11K/imgs/extra/da+db/train/nx22.jpg,512,512,OK
TBX11K,nx36.jpg,data/raw/TBX11K/imgs/extra/da+db/train/nx36.jpg,512,512,OK
TBX11K,px7.jpg,data/raw/TBX11K/imgs/extra/da+db/train/px7.jpg,512,512,OK
TBX11K,n17.png,data/raw/TBX11K/imgs/extra/da+db/train/n17.png,512,512,OK
TBX11K,px43.jpg,data/raw/TBX11K/imgs/extra/da+db/train/px43.jpg,512,512,OK
TBX11K,n13.png,data/raw/TBX11K/imgs/extra/da+db/train/n13.png,512,512,OK
TBX11K,nx33.jpg,data/raw/TBX11K/imgs/extra/da+db/train/nx33.jpg,512,512,OK
TBX11K,nx32.jpg,data/raw/TBX11K/imgs/extra/da+db/train/nx32.jpg,512,512,OK
TBX11K,n12.png,data/raw/TBX11K/imgs/extra/da+db/train/n12.png,512,512,OK
TBX11K,px52.jpg,data/raw/TBX11K/imgs/extra/da+db/train/px52.jpg,512,512,OK
TBX11K,nx24.jpg,data/raw/TBX11K/imgs/extra/da+db/train/nx24.jpg,512,512,OK
TBX11K,n38.png,data/raw/TBX11K/imgs/extra/da+db/train/n38.png,512,512,OK
TBX11K,nx18.jpg,data/raw/TBX11K/imgs/extra/da+db/train/nx18.jpg,512,512,OK
TBX11K,n11.png,data/raw/TBX11K/imgs/extra/da+db/train/n11.png,512,512,OK
TBX11K,px51.jpg,data/raw/TBX11K/imgs/extra/da+db/train/px51.jpg,512,512,OK
TBX11K,px45.jpg,data/raw/TBX11K/imgs/extra/da+db/train/px45.jpg,512,512,OK
TBX11K,p3.png,data/raw/TBX11K/imgs/extra/da+db/train/p3.png,512,512,OK
TBX11K,n20.png,data/raw/TBX11K/imgs/extra/da+db/train/n20.png,512,512,OK
TBX11K,n34.png,data/raw/TBX11K/imgs/extra/da+db/train/n34.png,512,512,OK
TBX11K,n35.png,data/raw/TBX11K/imgs/extra/da+db/train/n35.png,512,512,OK
TBX11K,n21.png,data/raw/TBX11K/imgs/extra/da+db/train/n21.png,512,512,OK
TBX11K,nx15.jpg,data/raw/TBX11K/imgs/extra/da+db/train/nx15.jpg,512,512,OK
TBX11K,p2.png,data/raw/TBX11K/imgs/extra/da+db/train/p2.png,512,512,OK
TBX11K,n37.png,data/raw/TBX11K/imgs/extra/da+db/train/n37.png,512,512,OK
TBX11K,n22.png,data/raw/TBX11K/imgs/extra/da+db/train/n22.png,512,512,OK
TBX11K,n36.png,data/raw/TBX11K/imgs/extra/da+db/train/n36.png,512,512,OK
TBX11K,p1.png,data/raw/TBX11K/imgs/extra/da+db/train/p1.png,512,512,OK
TBX11K,nx12.jpg,data/raw/TBX11K/imgs/extra/da+db/train/nx12.jpg,512,512,OK
TBX11K,n27.png,data/raw/TBX11K/imgs/extra/da+db/train/n27.png,512,512,OK
TBX11K,p6.png,data/raw/TBX11K/imgs/extra/da+db/train/p6.png,512,512,OK
TBX11K,n31.png,data/raw/TBX11K/imgs/extra/da+db/train/n31.png,512,512,OK
TBX11K,nx39.jpg,data/raw/TBX11K/imgs/extra/da+db/train/nx39.jpg,512,512,OK
TBX11K,n6.png,data/raw/TBX11K/imgs/extra/da+db/train/n6.png,512,512,OK
TBX11K,n43.png,data/raw/TBX11K/imgs/extra/da+db/train/n43.png,512,512,OK
TBX11K,px16.jpg,data/raw/TBX11K/imgs/extra/da+db/train/px16.jpg,512,512,OK
TBX11K,n7.png,data/raw/TBX11K/imgs/extra/da+db/train/n7.png,512,512,OK
TBX11K,px28.jpg,data/raw/TBX11K/imgs/extra/da+db/train/px28.jpg,512,512,OK
TBX11K,n5.png,data/raw/TBX11K/imgs/extra/da+db/train/n5.png,512,512,OK
TBX11K,nx48.jpg,data/raw/TBX11K/imgs/extra/da+db/train/nx48.jpg,512,512,OK
TBX11K,n40.png,data/raw/TBX11K/imgs/extra/da+db/train/n40.png,512,512,OK
TBX11K,p18.png,data/raw/TBX11K/imgs/extra/da+db/train/p18.png,512,512,OK
TBX11K,nx8.jpg,data/raw/TBX11K/imgs/extra/da+db/train/nx8.jpg,512,512,OK
TBX11K,p19.png,data/raw/TBX11K/imgs/extra/da+db/train/p19.png,512,512,OK
TBX11K,n41.png,data/raw/TBX11K/imgs/extra/da+db/train/n41.png,512,512,OK
TBX11K,nx49.jpg,data/raw/TBX11K/imgs/extra/da+db/train/nx49.jpg,512,512,OK
TBX11K,n4.png,data/raw/TBX11K/imgs/extra/da+db/train/n4.png,512,512,OK
TBX11K,n44.png,data/raw/TBX11K/imgs/extra/da+db/train/n44.png,512,512,OK
TBX11K,px38.jpg,data/raw/TBX11K/imgs/extra/da+db/train/px38.jpg,512,512,OK
TBX11K,n3.png,data/raw/TBX11K/imgs/extra/da+db/train/n3.png,512,512,OK
TBX11K,px12.jpg,data/raw/TBX11K/imgs/extra/da+db/train/px12.jpg,512,512,OK
TBX11K,p22.png,data/raw/TBX11K/imgs/extra/da+db/train/p22.png,512,512,OK
TBX11K,n47.png,data/raw/TBX11K/imgs/extra/da+db/train/n47.png,512,512,OK
TBX11K,px22.jpg,data/raw/TBX11K/imgs/extra/da+db/val/px22.jpg,512,512,OK
TBX11K,px36.jpg,data/raw/TBX11K/imgs/extra/da+db/val/px36.jpg,512,512,OK
TBX11K,nx42.jpg,data/raw/TBX11K/imgs/extra/da+db/val/nx42.jpg,512,512,OK
TBX11K,nx3.jpg,data/raw/TBX11K/imgs/extra/da+db/val/nx3.jpg,512,512,OK
TBX11K,nx2.jpg,data/raw/TBX11K/imgs/extra/da+db/val/nx2.jpg,512,512,OK
TBX11K,p13.png,data/raw/TBX11K/imgs/extra/da+db/val/p13.png,512,512,OK
TBX11K,nx43.jpg,data/raw/TBX11K/imgs/extra/da+db/val/nx43.jpg,512,512,OK
TBX11K,px35.jpg,data/raw/TBX11K/imgs/extra/da+db/val/px35.jpg,512,512,OK
TBX11K,px21.jpg,data/raw/TBX11K/imgs/extra/da+db/val/px21.jpg,512,512,OK
TBX11K,n49.png,data/raw/TBX11K/imgs/extra/da+db/val/n49.png,512,512,OK
TBX11K,nx41.jpg,data/raw/TBX11K/imgs/extra/da+db/val/nx41.jpg,512,512,OK
TBX11K,p10.png,data/raw/TBX11K/imgs/extra/da+db/val/p10.png,512,512,OK
TBX11K,px20.jpg,data/raw/TBX11K/imgs/extra/da+db/val/px20.jpg,512,512,OK
TBX11K,px34.jpg,data/raw/TBX11K/imgs/extra/da+db/val/px34.jpg,512,512,OK
TBX11K,px30.jpg,data/raw/TBX11K/imgs/extra/da+db/val/px30.jpg,512,512,OK
TBX11K,px24.jpg,data/raw/TBX11K/imgs/extra/da+db/val/px24.jpg,512,512,OK
TBX11K,nx44.jpg,data/raw/TBX11K/imgs/extra/da+db/val/nx44.jpg,512,512,OK
TBX11K,nx5.jpg,data/raw/TBX11K/imgs/extra/da+db/val/nx5.jpg,512,512,OK
TBX11K,p15.png,data/raw/TBX11K/imgs/extra/da+db/val/p15.png,512,512,OK
TBX11K,nx4.jpg,data/raw/TBX11K/imgs/extra/da+db/val/nx4.jpg,512,512,OK
TBX11K,nx51.jpg,data/raw/TBX11K/imgs/extra/da+db/val/nx51.jpg,512,512,OK
TBX11K,n8.png,data/raw/TBX11K/imgs/extra/da+db/val/n8.png,512,512,OK
TBX11K,px33.jpg,data/raw/TBX11K/imgs/extra/da+db/val/px33.jpg,512,512,OK
TBX11K,px26.jpg,data/raw/TBX11K/imgs/extra/da+db/val/px26.jpg,512,512,OK
TBX11K,n15.png,data/raw/TBX11K/imgs/extra/da+db/val/n15.png,512,512,OK
TBX11K,p9.png,data/raw/TBX11K/imgs/extra/da+db/val/p9.png,512,512,OK
TBX11K,n16.png,data/raw/TBX11K/imgs/extra/da+db/val/n16.png,512,512,OK
TBX11K,nx37.jpg,data/raw/TBX11K/imgs/extra/da+db/val/nx37.jpg,512,512,OK
TBX11K,px6.jpg,data/raw/TBX11K/imgs/extra/da+db/val/px6.jpg,512,512,OK
TBX11K,nx23.jpg,data/raw/TBX11K/imgs/extra/da+db/val/nx23.jpg,512,512,OK
TBX11K,p8.png,data/raw/TBX11K/imgs/extra/da+db/val/p8.png,512,512,OK
TBX11K,px47.jpg,data/raw/TBX11K/imgs/extra/da+db/val/px47.jpg,512,512,OK
TBX11K,nx27.jpg,data/raw/TBX11K/imgs/extra/da+db/val/nx27.jpg,512,512,OK
TBX11K,px2.jpg,data/raw/TBX11K/imgs/extra/da+db/val/px2.jpg,512,512,OK
TBX11K,px3.jpg,data/raw/TBX11K/imgs/extra/da+db/val/px3.jpg,512,512,OK
TBX11K,nx26.jpg,data/raw/TBX11K/imgs/extra/da+db/val/nx26.jpg,512,512,OK
TBX11K,px46.jpg,data/raw/TBX11K/imgs/extra/da+db/val/px46.jpg,512,512,OK
TBX11K,px44.jpg,data/raw/TBX11K/imgs/extra/da+db/val/px44.jpg,512,512,OK
TBX11K,px50.jpg,data/raw/TBX11K/imgs/extra/da+db/val/px50.jpg,512,512,OK
TBX11K,nx30.jpg,data/raw/TBX11K/imgs/extra/da+db/val/nx30.jpg,512,512,OK
TBX11K,px1.jpg,data/raw/TBX11K/imgs/extra/da+db/val/px1.jpg,512,512,OK
TBX11K,n10.png,data/raw/TBX11K/imgs/extra/da+db/val/n10.png,512,512,OK
TBX11K,nx19.jpg,data/raw/TBX11K/imgs/extra/da+db/val/nx19.jpg,512,512,OK
TBX11K,n39.png,data/raw/TBX11K/imgs/extra/da+db/val/n39.png,512,512,OK
TBX11K,nx25.jpg,data/raw/TBX11K/imgs/extra/da+db/val/nx25.jpg,512,512,OK
TBX11K,nx31.jpg,data/raw/TBX11K/imgs/extra/da+db/val/nx31.jpg,512,512,OK
TBX11K,px48.jpg,data/raw/TBX11K/imgs/extra/da+db/val/px48.jpg,512,512,OK
TBX11K,nx28.jpg,data/raw/TBX11K/imgs/extra/da+db/val/nx28.jpg,512,512,OK
TBX11K,nx14.jpg,data/raw/TBX11K/imgs/extra/da+db/val/nx14.jpg,512,512,OK
TBX11K,nx29.jpg,data/raw/TBX11K/imgs/extra/da+db/val/nx29.jpg,512,512,OK
TBX11K,px49.jpg,data/raw/TBX11K/imgs/extra/da+db/val/px49.jpg,512,512,OK
TBX11K,nx17.jpg,data/raw/TBX11K/imgs/extra/da+db/val/nx17.jpg,512,512,OK
TBX11K,n23.png,data/raw/TBX11K/imgs/extra/da+db/val/n23.png,512,512,OK
TBX11K,nx16.jpg,data/raw/TBX11K/imgs/extra/da+db/val/nx16.jpg,512,512,OK
TBX11K,p5.png,data/raw/TBX11K/imgs/extra/da+db/val/p5.png,512,512,OK
TBX11K,n32.png,data/raw/TBX11K/imgs/extra/da+db/val/n32.png,512,512,OK
TBX11K,n26.png,data/raw/TBX11K/imgs/extra/da+db/val/n26.png,512,512,OK
TBX11K,nx13.jpg,data/raw/TBX11K/imgs/extra/da+db/val/nx13.jpg,512,512,OK
TBX11K,n33.png,data/raw/TBX11K/imgs/extra/da+db/val/n33.png,512,512,OK
TBX11K,p4.png,data/raw/TBX11K/imgs/extra/da+db/val/p4.png,512,512,OK
TBX11K,nx11.jpg,data/raw/TBX11K/imgs/extra/da+db/val/nx11.jpg,512,512,OK
TBX11K,n25.png,data/raw/TBX11K/imgs/extra/da+db/val/n25.png,512,512,OK
TBX11K,n19.png,data/raw/TBX11K/imgs/extra/da+db/val/n19.png,512,512,OK
TBX11K,px8.jpg,data/raw/TBX11K/imgs/extra/da+db/val/px8.jpg,512,512,OK
TBX11K,px9.jpg,data/raw/TBX11K/imgs/extra/da+db/val/px9.jpg,512,512,OK
TBX11K,nx38.jpg,data/raw/TBX11K/imgs/extra/da+db/val/nx38.jpg,512,512,OK
TBX11K,n18.png,data/raw/TBX11K/imgs/extra/da+db/val/n18.png,512,512,OK
TBX11K,n30.png,data/raw/TBX11K/imgs/extra/da+db/val/n30.png,512,512,OK
TBX11K,nx10.jpg,data/raw/TBX11K/imgs/extra/da+db/val/nx10.jpg,512,512,OK
TBX11K,n24.png,data/raw/TBX11K/imgs/extra/da+db/val/n24.png,512,512,OK
TBX11K,p7.png,data/raw/TBX11K/imgs/extra/da+db/val/p7.png,512,512,OK
TBX11K,px17.jpg,data/raw/TBX11K/imgs/extra/da+db/val/px17.jpg,512,512,OK
TBX11K,n42.png,data/raw/TBX11K/imgs/extra/da+db/val/n42.png,512,512,OK
TBX11K,px14.jpg,data/raw/TBX11K/imgs/extra/da+db/val/px14.jpg,512,512,OK
TBX11K,nx9.jpg,data/raw/TBX11K/imgs/extra/da+db/val/nx9.jpg,512,512,OK
TBX11K,px15.jpg,data/raw/TBX11K/imgs/extra/da+db/val/px15.jpg,512,512,OK
TBX11K,px29.jpg,data/raw/TBX11K/imgs/extra/da+db/val/px29.jpg,512,512,OK
TBX11K,px11.jpg,data/raw/TBX11K/imgs/extra/da+db/val/px11.jpg,512,512,OK
TBX11K,px39.jpg,data/raw/TBX11K/imgs/extra/da+db/val/px39.jpg,512,512,OK
TBX11K,n45.png,data/raw/TBX11K/imgs/extra/da+db/val/n45.png,512,512,OK
TBX11K,p21.png,data/raw/TBX11K/imgs/extra/da+db/val/p21.png,512,512,OK
TBX11K,p20.png,data/raw/TBX11K/imgs/extra/da+db/val/p20.png,512,512,OK
TBX11K,n50.png,data/raw/TBX11K/imgs/extra/da+db/val/n50.png,512,512,OK
TBX11K,px10.jpg,data/raw/TBX11K/imgs/extra/da+db/val/px10.jpg,512,512,OK
TBX11K,n1.png,data/raw/TBX11K/imgs/extra/da+db/val/n1.png,512,512,OK
TBX11K,n46.png,data/raw/TBX11K/imgs/extra/da+db/val/n46.png,512,512,OK
TBX11K,n2.png,data/raw/TBX11K/imgs/extra/da+db/val/n2.png,512,512,OK
TBX11K,px13.jpg,data/raw/TBX11K/imgs/extra/da+db/val/px13.jpg,512,512,OK
Shenzhen,CHNCXR_0492_1.png,data/raw/Shenzhen/images/images/CHNCXR_0492_1.png,2430,2651,OK
Shenzhen,CHNCXR_0187_0.png,data/raw/Shenzhen/images/images/CHNCXR_0187_0.png,2339,2940,OK
Shenzhen,CHNCXR_0342_1.png,data/raw/Shenzhen/images/images/CHNCXR_0342_1.png,2746,2916,OK
Shenzhen,CHNCXR_0286_0.png,data/raw/Shenzhen/images/images/CHNCXR_0286_0.png,2989,2943,OK
Shenzhen,CHNCXR_0022_0.png,data/raw/Shenzhen/images/images/CHNCXR_0022_0.png,3000,2951,OK
Shenzhen,CHNCXR_0067_0.png,data/raw/Shenzhen/images/images/CHNCXR_0067_0.png,2996,2941,OK
Shenzhen,CHNCXR_0572_1.png,data/raw/Shenzhen/images/images/CHNCXR_0572_1.png,2400,2289,OK
Shenzhen,CHNCXR_0537_1.png,data/raw/Shenzhen/images/images/CHNCXR_0537_1.png,2632,2868,OK
Shenzhen,CHNCXR_0323_0.png,data/raw/Shenzhen/images/images/CHNCXR_0323_0.png,3000,2951,OK
Shenzhen,CHNCXR_0636_1.png,data/raw/Shenzhen/images/images/CHNCXR_0636_1.png,2896,2929,OK
Shenzhen,CHNCXR_0147_0.png,data/raw/Shenzhen/images/images/CHNCXR_0147_0.png,3000,2951,OK
Shenzhen,CHNCXR_0102_0.png,data/raw/Shenzhen/images/images/CHNCXR_0102_0.png,2128,2405,OK
Shenzhen,CHNCXR_0417_1.png,data/raw/Shenzhen/images/images/CHNCXR_0417_1.png,2747,2957,OK
Shenzhen,CHNCXR_0452_1.png,data/raw/Shenzhen/images/images/CHNCXR_0452_1.png,2423,2804,OK
Shenzhen,CHNCXR_0246_0.png,data/raw/Shenzhen/images/images/CHNCXR_0246_0.png,3000,2945,OK
Shenzhen,CHNCXR_0203_0.png,data/raw/Shenzhen/images/images/CHNCXR_0203_0.png,2990,2993,OK
Shenzhen,CHNCXR_0382_1.png,data/raw/Shenzhen/images/images/CHNCXR_0382_1.png,2499,2897,OK
Shenzhen,CHNCXR_0083_0.png,data/raw/Shenzhen/images/images/CHNCXR_0083_0.png,3000,2947,OK
Shenzhen,CHNCXR_0596_1.png,data/raw/Shenzhen/images/images/CHNCXR_0596_1.png,2406,2970,OK
Shenzhen,CHNCXR_0262_0.png,data/raw/Shenzhen/images/images/CHNCXR_0262_0.png,3000,2937,OK
Shenzhen,CHNCXR_0227_0.png,data/raw/Shenzhen/images/images/CHNCXR_0227_0.png,2991,2993,OK
Shenzhen,CHNCXR_0433_1.png,data/raw/Shenzhen/images/images/CHNCXR_0433_1.png,3001,2942,OK
Shenzhen,CHNCXR_0476_1.png,data/raw/Shenzhen/images/images/CHNCXR_0476_1.png,2331,2581,OK
Shenzhen,CHNCXR_0163_0.png,data/raw/Shenzhen/images/images/CHNCXR_0163_0.png,2989,2951,OK
Shenzhen,CHNCXR_0126_0.png,data/raw/Shenzhen/images/images/CHNCXR_0126_0.png,2997,2933,OK
Shenzhen,CHNCXR_0366_1.png,data/raw/Shenzhen/images/images/CHNCXR_0366_1.png,2804,2960,OK
Shenzhen,CHNCXR_0657_1.png,data/raw/Shenzhen/images/images/CHNCXR_0657_1.png,2738,2977,OK
Shenzhen,CHNCXR_0612_1.png,data/raw/Shenzhen/images/images/CHNCXR_0612_1.png,2735,2929,OK
Shenzhen,CHNCXR_0307_0.png,data/raw/Shenzhen/images/images/CHNCXR_0307_0.png,3000,2947,OK
Shenzhen,CHNCXR_0556_1.png,data/raw/Shenzhen/images/images/CHNCXR_0556_1.png,2599,2567,OK
Shenzhen,CHNCXR_0513_1.png,data/raw/Shenzhen/images/images/CHNCXR_0513_1.png,2387,2793,OK
Shenzhen,CHNCXR_0006_0.png,data/raw/Shenzhen/images/images/CHNCXR_0006_0.png,2775,2948,OK
Shenzhen,CHNCXR_0043_0.png,data/raw/Shenzhen/images/images/CHNCXR_0043_0.png,3000,2939,OK
Shenzhen,CHNCXR_0218_0.png,data/raw/Shenzhen/images/images/CHNCXR_0218_0.png,2989,2978,OK
Shenzhen,CHNCXR_0399_1.png,data/raw/Shenzhen/images/images/CHNCXR_0399_1.png,2704,2948,OK
Shenzhen,CHNCXR_0119_0.png,data/raw/Shenzhen/images/images/CHNCXR_0119_0.png,2682,2869,OK
Shenzhen,CHNCXR_0364_1.png,data/raw/Shenzhen/images/images/CHNCXR_0364_1.png,3000,2971,OK
Shenzhen,CHNCXR_0449_1.png,data/raw/Shenzhen/images/images/CHNCXR_0449_1.png,2996,2999,OK
Shenzhen,CHNCXR_0004_0.png,data/raw/Shenzhen/images/images/CHNCXR_0004_0.png,3000,2933,OK
Shenzhen,CHNCXR_0041_0.png,data/raw/Shenzhen/images/images/CHNCXR_0041_0.png,2498,2481,OK
Shenzhen,CHNCXR_0554_1.png,data/raw/Shenzhen/images/images/CHNCXR_0554_1.png,2612,2771,OK
Shenzhen,CHNCXR_0511_1.png,data/raw/Shenzhen/images/images/CHNCXR_0511_1.png,2987,2963,OK
Shenzhen,CHNCXR_0305_0.png,data/raw/Shenzhen/images/images/CHNCXR_0305_0.png,2689,3001,OK
Shenzhen,CHNCXR_0655_1.png,data/raw/Shenzhen/images/images/CHNCXR_0655_1.png,2734,2933,OK
Shenzhen,CHNCXR_0610_1.png,data/raw/Shenzhen/images/images/CHNCXR_0610_1.png,2525,2493,OK
Shenzhen,CHNCXR_0594_1.png,data/raw/Shenzhen/images/images/CHNCXR_0594_1.png,2356,2506,OK
Shenzhen,CHNCXR_0081_0.png,data/raw/Shenzhen/images/images/CHNCXR_0081_0.png,3000,2947,OK
Shenzhen,CHNCXR_0039_0.png,data/raw/Shenzhen/images/images/CHNCXR_0039_0.png,2844,3001,OK
Shenzhen,CHNCXR_0569_1.png,data/raw/Shenzhen/images/images/CHNCXR_0569_1.png,2503,2988,OK
Shenzhen,CHNCXR_0359_1.png,data/raw/Shenzhen/images/images/CHNCXR_0359_1.png,2552,2892,OK
Shenzhen,CHNCXR_0161_0.png,data/raw/Shenzhen/images/images/CHNCXR_0161_0.png,2697,2880,OK
Shenzhen,CHNCXR_0124_0.png,data/raw/Shenzhen/images/images/CHNCXR_0124_0.png,2365,2889,OK
Shenzhen,CHNCXR_0431_1.png,data/raw/Shenzhen/images/images/CHNCXR_0431_1.png,2993,2952,OK
Shenzhen,CHNCXR_0474_1.png,data/raw/Shenzhen/images/images/CHNCXR_0474_1.png,2599,2559,OK
Shenzhen,CHNCXR_0489_1.png,data/raw/Shenzhen/images/images/CHNCXR_0489_1.png,2401,2608,OK
Shenzhen,CHNCXR_0260_0.png,data/raw/Shenzhen/images/images/CHNCXR_0260_0.png,3000,2935,OK
Shenzhen,CHNCXR_0225_0.png,data/raw/Shenzhen/images/images/CHNCXR_0225_0.png,3000,2999,OK
Shenzhen,CHNCXR_0508_1.png,data/raw/Shenzhen/images/images/CHNCXR_0508_1.png,2985,2959,OK
Shenzhen,CHNCXR_0058_0.png,data/raw/Shenzhen/images/images/CHNCXR_0058_0.png,3000,2937,OK
Shenzhen,CHNCXR_0609_1.png,data/raw/Shenzhen/images/images/CHNCXR_0609_1.png,2725,2776,OK
Shenzhen,CHNCXR_0380_1.png,data/raw/Shenzhen/images/images/CHNCXR_0380_1.png,2978,2977,OK
Shenzhen,CHNCXR_0244_0.png,data/raw/Shenzhen/images/images/CHNCXR_0244_0.png,2282,2386,OK
Shenzhen,CHNCXR_0201_0.png,data/raw/Shenzhen/images/images/CHNCXR_0201_0.png,1571,1583,OK
Shenzhen,CHNCXR_0415_1.png,data/raw/Shenzhen/images/images/CHNCXR_0415_1.png,2517,2988,OK
Shenzhen,CHNCXR_0450_1.png,data/raw/Shenzhen/images/images/CHNCXR_0450_1.png,2992,2945,OK
Shenzhen,CHNCXR_0145_0.png,data/raw/Shenzhen/images/images/CHNCXR_0145_0.png,2990,2990,OK
Shenzhen,CHNCXR_0338_1.png,data/raw/Shenzhen/images/images/CHNCXR_0338_1.png,2397,2924,OK
Shenzhen,CHNCXR_0100_0.png,data/raw/Shenzhen/images/images/CHNCXR_0100_0.png,2419,2562,OK
Shenzhen,CHNCXR_0284_0.png,data/raw/Shenzhen/images/images/CHNCXR_0284_0.png,3000,2959,OK
Shenzhen,CHNCXR_0428_1.png,data/raw/Shenzhen/images/images/CHNCXR_0428_1.png,2962,2948,OK
Shenzhen,CHNCXR_0178_0.png,data/raw/Shenzhen/images/images/CHNCXR_0178_0.png,1521,1341,OK
Shenzhen,CHNCXR_0340_1.png,data/raw/Shenzhen/images/images/CHNCXR_0340_1.png,2808,2810,OK
Shenzhen,CHNCXR_0185_0.png,data/raw/Shenzhen/images/images/CHNCXR_0185_0.png,2793,2929,OK
Shenzhen,CHNCXR_0279_0.png,data/raw/Shenzhen/images/images/CHNCXR_0279_0.png,2549,2710,OK
Shenzhen,CHNCXR_0490_1.png,data/raw/Shenzhen/images/images/CHNCXR_0490_1.png,3001,3001,OK
Shenzhen,CHNCXR_0098_0.png,data/raw/Shenzhen/images/images/CHNCXR_0098_0.png,3000,2951,OK
Shenzhen,CHNCXR_0634_1.png,data/raw/Shenzhen/images/images/CHNCXR_0634_1.png,2573,2917,OK
Shenzhen,CHNCXR_0321_0.png,data/raw/Shenzhen/images/images/CHNCXR_0321_0.png,3000,2953,OK
Shenzhen,CHNCXR_0570_1.png,data/raw/Shenzhen/images/images/CHNCXR_0570_1.png,2524,2959,OK
Shenzhen,CHNCXR_0535_1.png,data/raw/Shenzhen/images/images/CHNCXR_0535_1.png,2671,2897,OK
Shenzhen,CHNCXR_0020_0.png,data/raw/Shenzhen/images/images/CHNCXR_0020_0.png,2760,2555,OK
Shenzhen,CHNCXR_0065_0.png,data/raw/Shenzhen/images/images/CHNCXR_0065_0.png,2996,2945,OK
Shenzhen,CHNCXR_0411_1.png,data/raw/Shenzhen/images/images/CHNCXR_0411_1.png,2994,2944,OK
Shenzhen,CHNCXR_0454_1.png,data/raw/Shenzhen/images/images/CHNCXR_0454_1.png,2599,2896,OK
Shenzhen,CHNCXR_0379_1.png,data/raw/Shenzhen/images/images/CHNCXR_0379_1.png,2377,2240,OK
Shenzhen,CHNCXR_0141_0.png,data/raw/Shenzhen/images/images/CHNCXR_0141_0.png,3000,2927,OK
Shenzhen,CHNCXR_0104_0.png,data/raw/Shenzhen/images/images/CHNCXR_0104_0.png,2990,2989,OK
Shenzhen,CHNCXR_0384_1.png,data/raw/Shenzhen/images/images/CHNCXR_0384_1.png,2991,2935,OK
Shenzhen,CHNCXR_0240_0.png,data/raw/Shenzhen/images/images/CHNCXR_0240_0.png,2988,2995,OK
Shenzhen,CHNCXR_0205_0.png,data/raw/Shenzhen/images/images/CHNCXR_0205_0.png,1836,1811,OK
Shenzhen,CHNCXR_0648_1.png,data/raw/Shenzhen/images/images/CHNCXR_0648_1.png,2580,2917,OK
Shenzhen,CHNCXR_0318_0.png,data/raw/Shenzhen/images/images/CHNCXR_0318_0.png,3000,2935,OK
Shenzhen,CHNCXR_0549_1.png,data/raw/Shenzhen/images/images/CHNCXR_0549_1.png,2371,2448,OK
Shenzhen,CHNCXR_0019_0.png,data/raw/Shenzhen/images/images/CHNCXR_0019_0.png,3000,2941,OK
Shenzhen,CHNCXR_0574_1.png,data/raw/Shenzhen/images/images/CHNCXR_0574_1.png,2609,2991,OK
Shenzhen,CHNCXR_0531_1.png,data/raw/Shenzhen/images/images/CHNCXR_0531_1.png,2515,2528,OK
Shenzhen,CHNCXR_0024_0.png,data/raw/Shenzhen/images/images/CHNCXR_0024_0.png,3000,2951,OK
Shenzhen,CHNCXR_0061_0.png,data/raw/Shenzhen/images/images/CHNCXR_0061_0.png,3000,2955,OK
Shenzhen,CHNCXR_0630_1.png,data/raw/Shenzhen/images/images/CHNCXR_0630_1.png,2997,2985,OK
Shenzhen,CHNCXR_0325_0.png,data/raw/Shenzhen/images/images/CHNCXR_0325_0.png,3000,2943,OK
Shenzhen,CHNCXR_0589_1.png,data/raw/Shenzhen/images/images/CHNCXR_0589_1.png,2421,2645,OK
Shenzhen,CHNCXR_0181_0.png,data/raw/Shenzhen/images/images/CHNCXR_0181_0.png,3000,2937,OK
Shenzhen,CHNCXR_0238_0.png,data/raw/Shenzhen/images/images/CHNCXR_0238_0.png,3000,2951,OK
Shenzhen,CHNCXR_0494_1.png,data/raw/Shenzhen/images/images/CHNCXR_0494_1.png,2252,2626,OK
Shenzhen,CHNCXR_0280_0.png,data/raw/Shenzhen/images/images/CHNCXR_0280_0.png,2793,2945,OK
Shenzhen,CHNCXR_0469_1.png,data/raw/Shenzhen/images/images/CHNCXR_0469_1.png,2163,2629,OK
Shenzhen,CHNCXR_0139_0.png,data/raw/Shenzhen/images/images/CHNCXR_0139_0.png,3000,2931,OK
Shenzhen,CHNCXR_0344_1.png,data/raw/Shenzhen/images/images/CHNCXR_0344_1.png,2499,2485,OK
Shenzhen,CHNCXR_0301_0.png,data/raw/Shenzhen/images/images/CHNCXR_0301_0.png,3000,2949,OK
Shenzhen,CHNCXR_0651_1.png,data/raw/Shenzhen/images/images/CHNCXR_0651_1.png,2459,2635,OK
Shenzhen,CHNCXR_0614_1.png,data/raw/Shenzhen/images/images/CHNCXR_0614_1.png,2401,2334,OK
Shenzhen,CHNCXR_0045_0.png,data/raw/Shenzhen/images/images/CHNCXR_0045_0.png,3000,2941,OK
Shenzhen,CHNCXR_0550_1.png,data/raw/Shenzhen/images/images/CHNCXR_0550_1.png,2521,2751,OK
Shenzhen,CHNCXR_0515_1.png,data/raw/Shenzhen/images/images/CHNCXR_0515_1.png,2450,2945,OK
Shenzhen,CHNCXR_0158_0.png,data/raw/Shenzhen/images/images/CHNCXR_0158_0.png,2655,2904,OK
Shenzhen,CHNCXR_0360_1.png,data/raw/Shenzhen/images/images/CHNCXR_0360_1.png,2562,2783,OK
Shenzhen,CHNCXR_0408_1.png,data/raw/Shenzhen/images/images/CHNCXR_0408_1.png,3001,2970,OK
Shenzhen,CHNCXR_0259_0.png,data/raw/Shenzhen/images/images/CHNCXR_0259_0.png,1964,2202,OK
Shenzhen,CHNCXR_0264_0.png,data/raw/Shenzhen/images/images/CHNCXR_0264_0.png,2992,2994,OK
Shenzhen,CHNCXR_0221_0.png,data/raw/Shenzhen/images/images/CHNCXR_0221_0.png,2464,2928,OK
Shenzhen,CHNCXR_0198_0.png,data/raw/Shenzhen/images/images/CHNCXR_0198_0.png,2990,2978,OK
Shenzhen,CHNCXR_0165_0.png,data/raw/Shenzhen/images/images/CHNCXR_0165_0.png,2967,2993,OK
Shenzhen,CHNCXR_0120_0.png,data/raw/Shenzhen/images/images/CHNCXR_0120_0.png,3000,2945,OK
Shenzhen,CHNCXR_0435_1.png,data/raw/Shenzhen/images/images/CHNCXR_0435_1.png,2533,2416,OK
Shenzhen,CHNCXR_0470_1.png,data/raw/Shenzhen/images/images/CHNCXR_0470_1.png,2096,2549,OK
Shenzhen,CHNCXR_0299_0.png,data/raw/Shenzhen/images/images/CHNCXR_0299_0.png,1767,2143,OK
Shenzhen,CHNCXR_0078_0.png,data/raw/Shenzhen/images/images/CHNCXR_0078_0.png,3000,2967,OK
Shenzhen,CHNCXR_0528_1.png,data/raw/Shenzhen/images/images/CHNCXR_0528_1.png,2266,2324,OK
Shenzhen,CHNCXR_0590_1.png,data/raw/Shenzhen/images/images/CHNCXR_0590_1.png,2427,2698,OK
Shenzhen,CHNCXR_0629_1.png,data/raw/Shenzhen/images/images/CHNCXR_0629_1.png,2457,2501,OK
Shenzhen,CHNCXR_0085_0.png,data/raw/Shenzhen/images/images/CHNCXR_0085_0.png,3000,2949,OK
Shenzhen,CHNCXR_0437_1.png,data/raw/Shenzhen/images/images/CHNCXR_0437_1.png,2184,2308,OK
Shenzhen,CHNCXR_0472_1.png,data/raw/Shenzhen/images/images/CHNCXR_0472_1.png,2488,2818,OK
Shenzhen,CHNCXR_0167_0.png,data/raw/Shenzhen/images/images/CHNCXR_0167_0.png,2761,2961,OK
Shenzhen,CHNCXR_0122_0.png,data/raw/Shenzhen/images/images/CHNCXR_0122_0.png,2536,2843,OK
Shenzhen,CHNCXR_0266_0.png,data/raw/Shenzhen/images/images/CHNCXR_0266_0.png,2991,2995,OK
Shenzhen,CHNCXR_0223_0.png,data/raw/Shenzhen/images/images/CHNCXR_0223_0.png,3000,2939,OK
Shenzhen,CHNCXR_0087_0.png,data/raw/Shenzhen/images/images/CHNCXR_0087_0.png,2679,3001,OK
Shenzhen,CHNCXR_0592_1.png,data/raw/Shenzhen/images/images/CHNCXR_0592_1.png,2629,2701,OK
Shenzhen,CHNCXR_0552_1.png,data/raw/Shenzhen/images/images/CHNCXR_0552_1.png,2996,2988,OK
Shenzhen,CHNCXR_0517_1.png,data/raw/Shenzhen/images/images/CHNCXR_0517_1.png,2452,2694,OK
Shenzhen,CHNCXR_0002_0.png,data/raw/Shenzhen/images/images/CHNCXR_0002_0.png,3000,2951,OK
Shenzhen,CHNCXR_0047_0.png,data/raw/Shenzhen/images/images/CHNCXR_0047_0.png,2699,2927,OK
Shenzhen,CHNCXR_0653_1.png,data/raw/Shenzhen/images/images/CHNCXR_0653_1.png,2336,2550,OK
Shenzhen,CHNCXR_0616_1.png,data/raw/Shenzhen/images/images/CHNCXR_0616_1.png,2235,2465,OK
Shenzhen,CHNCXR_0303_0.png,data/raw/Shenzhen/images/images/CHNCXR_0303_0.png,1872,1887,OK
Shenzhen,CHNCXR_0327_1.png,data/raw/Shenzhen/images/images/CHNCXR_0327_1.png,2566,2566,OK
Shenzhen,CHNCXR_0362_1.png,data/raw/Shenzhen/images/images/CHNCXR_0362_1.png,3001,2963,OK
Shenzhen,CHNCXR_0632_1.png,data/raw/Shenzhen/images/images/CHNCXR_0632_1.png,2497,2588,OK
Shenzhen,CHNCXR_0026_0.png,data/raw/Shenzhen/images/images/CHNCXR_0026_0.png,3000,2933,OK
Shenzhen,CHNCXR_0063_0.png,data/raw/Shenzhen/images/images/CHNCXR_0063_0.png,3000,2939,OK
Shenzhen,CHNCXR_0576_1.png,data/raw/Shenzhen/images/images/CHNCXR_0576_1.png,2437,2806,OK
Shenzhen,CHNCXR_0533_1.png,data/raw/Shenzhen/images/images/CHNCXR_0533_1.png,3001,2320,OK
Shenzhen,CHNCXR_0346_1.png,data/raw/Shenzhen/images/images/CHNCXR_0346_1.png,2128,2334,OK
Shenzhen,CHNCXR_0282_0.png,data/raw/Shenzhen/images/images/CHNCXR_0282_0.png,3000,2967,OK
Shenzhen,CHNCXR_0496_1.png,data/raw/Shenzhen/images/images/CHNCXR_0496_1.png,2422,2782,OK
Shenzhen,CHNCXR_0183_0.png,data/raw/Shenzhen/images/images/CHNCXR_0183_0.png,3000,2945,OK
Shenzhen,CHNCXR_0242_0.png,data/raw/Shenzhen/images/images/CHNCXR_0242_0.png,2461,2366,OK
Shenzhen,CHNCXR_0207_0.png,data/raw/Shenzhen/images/images/CHNCXR_0207_0.png,2990,2991,OK
Shenzhen,CHNCXR_0386_1.png,data/raw/Shenzhen/images/images/CHNCXR_0386_1.png,3000,2947,OK
Shenzhen,CHNCXR_0143_0.png,data/raw/Shenzhen/images/images/CHNCXR_0143_0.png,2791,2854,OK
Shenzhen,CHNCXR_0106_0.png,data/raw/Shenzhen/images/images/CHNCXR_0106_0.png,3000,2943,OK
Shenzhen,CHNCXR_0413_1.png,data/raw/Shenzhen/images/images/CHNCXR_0413_1.png,2493,2990,OK
Shenzhen,CHNCXR_0456_1.png,data/raw/Shenzhen/images/images/CHNCXR_0456_1.png,2400,2599,OK
Shenzhen,CHNCXR_0125_0.png,data/raw/Shenzhen/images/images/CHNCXR_0125_0.png,2991,2993,OK
Shenzhen,CHNCXR_0358_1.png,data/raw/Shenzhen/images/images/CHNCXR_0358_1.png,2542,2939,OK
Shenzhen,CHNCXR_0160_0.png,data/raw/Shenzhen/images/images/CHNCXR_0160_0.png,2529,2786,OK
Shenzhen,CHNCXR_0475_1.png,data/raw/Shenzhen/images/images/CHNCXR_0475_1.png,2576,2947,OK
Shenzhen,CHNCXR_0430_1.png,data/raw/Shenzhen/images/images/CHNCXR_0430_1.png,2995,2944,OK
Shenzhen,CHNCXR_0224_0.png,data/raw/Shenzhen/images/images/CHNCXR_0224_0.png,2988,2978,OK
Shenzhen,CHNCXR_0261_0.png,data/raw/Shenzhen/images/images/CHNCXR_0261_0.png,3001,2956,OK
Shenzhen,CHNCXR_0488_1.png,data/raw/Shenzhen/images/images/CHNCXR_0488_1.png,2416,2660,OK
Shenzhen,CHNCXR_0595_1.png,data/raw/Shenzhen/images/images/CHNCXR_0595_1.png,2234,2525,OK
Shenzhen,CHNCXR_0080_0.png,data/raw/Shenzhen/images/images/CHNCXR_0080_0.png,3000,2955,OK
Shenzhen,CHNCXR_0038_0.png,data/raw/Shenzhen/images/images/CHNCXR_0038_0.png,2744,3000,OK
Shenzhen,CHNCXR_0568_1.png,data/raw/Shenzhen/images/images/CHNCXR_0568_1.png,2646,2992,OK
Shenzhen,CHNCXR_0040_0.png,data/raw/Shenzhen/images/images/CHNCXR_0040_0.png,3000,2941,OK
Shenzhen,CHNCXR_0005_0.png,data/raw/Shenzhen/images/images/CHNCXR_0005_0.png,3000,2933,OK
Shenzhen,CHNCXR_0510_1.png,data/raw/Shenzhen/images/images/CHNCXR_0510_1.png,2389,2677,OK
Shenzhen,CHNCXR_0555_1.png,data/raw/Shenzhen/images/images/CHNCXR_0555_1.png,2497,2606,OK
Shenzhen,CHNCXR_0304_0.png,data/raw/Shenzhen/images/images/CHNCXR_0304_0.png,3000,2945,OK
Shenzhen,CHNCXR_0611_1.png,data/raw/Shenzhen/images/images/CHNCXR_0611_1.png,2479,2680,OK
Shenzhen,CHNCXR_0654_1.png,data/raw/Shenzhen/images/images/CHNCXR_0654_1.png,2057,2283,OK
Shenzhen,CHNCXR_0219_0.png,data/raw/Shenzhen/images/images/CHNCXR_0219_0.png,2992,2985,OK
Shenzhen,CHNCXR_0398_1.png,data/raw/Shenzhen/images/images/CHNCXR_0398_1.png,2344,2854,OK
Shenzhen,CHNCXR_0365_1.png,data/raw/Shenzhen/images/images/CHNCXR_0365_1.png,2458,2808,OK
Shenzhen,CHNCXR_0118_0.png,data/raw/Shenzhen/images/images/CHNCXR_0118_0.png,2990,2996,OK
Shenzhen,CHNCXR_0448_1.png,data/raw/Shenzhen/images/images/CHNCXR_0448_1.png,2107,2521,OK
Shenzhen,CHNCXR_0635_1.png,data/raw/Shenzhen/images/images/CHNCXR_0635_1.png,2399,2952,OK
Shenzhen,CHNCXR_0099_0.png,data/raw/Shenzhen/images/images/CHNCXR_0099_0.png,2415,2804,OK
Shenzhen,CHNCXR_0320_0.png,data/raw/Shenzhen/images/images/CHNCXR_0320_0.png,3000,2937,OK
Shenzhen,CHNCXR_0534_1.png,data/raw/Shenzhen/images/images/CHNCXR_0534_1.png,2772,2937,OK
Shenzhen,CHNCXR_0571_1.png,data/raw/Shenzhen/images/images/CHNCXR_0571_1.png,2725,2987,OK
Shenzhen,CHNCXR_0064_0.png,data/raw/Shenzhen/images/images/CHNCXR_0064_0.png,3000,2943,OK
Shenzhen,CHNCXR_0021_0.png,data/raw/Shenzhen/images/images/CHNCXR_0021_0.png,2868,2953,OK
Shenzhen,CHNCXR_0429_1.png,data/raw/Shenzhen/images/images/CHNCXR_0429_1.png,2990,2947,OK
Shenzhen,CHNCXR_0285_0.png,data/raw/Shenzhen/images/images/CHNCXR_0285_0.png,3001,3001,OK
Shenzhen,CHNCXR_0179_0.png,data/raw/Shenzhen/images/images/CHNCXR_0179_0.png,3000,2941,OK
Shenzhen,CHNCXR_0341_1.png,data/raw/Shenzhen/images/images/CHNCXR_0341_1.png,3000,2945,OK
Shenzhen,CHNCXR_0184_0.png,data/raw/Shenzhen/images/images/CHNCXR_0184_0.png,3000,2947,OK
Shenzhen,CHNCXR_0491_1.png,data/raw/Shenzhen/images/images/CHNCXR_0491_1.png,2729,2989,OK
Shenzhen,CHNCXR_0278_0.png,data/raw/Shenzhen/images/images/CHNCXR_0278_0.png,2316,2582,OK
Shenzhen,CHNCXR_0381_1.png,data/raw/Shenzhen/images/images/CHNCXR_0381_1.png,3001,2958,OK
Shenzhen,CHNCXR_0200_0.png,data/raw/Shenzhen/images/images/CHNCXR_0200_0.png,2989,2985,OK
Shenzhen,CHNCXR_0245_0.png,data/raw/Shenzhen/images/images/CHNCXR_0245_0.png,2991,2993,OK
Shenzhen,CHNCXR_0451_1.png,data/raw/Shenzhen/images/images/CHNCXR_0451_1.png,2831,2951,OK
Shenzhen,CHNCXR_0414_1.png,data/raw/Shenzhen/images/images/CHNCXR_0414_1.png,2544,2693,OK
Shenzhen,CHNCXR_0339_1.png,data/raw/Shenzhen/images/images/CHNCXR_0339_1.png,2573,2493,OK
Shenzhen,CHNCXR_0101_0.png,data/raw/Shenzhen/images/images/CHNCXR_0101_0.png,3000,3001,OK
Shenzhen,CHNCXR_0144_0.png,data/raw/Shenzhen/images/images/CHNCXR_0144_0.png,2271,2768,OK
Shenzhen,CHNCXR_0509_1.png,data/raw/Shenzhen/images/images/CHNCXR_0509_1.png,2536,2854,OK
Shenzhen,CHNCXR_0059_0.png,data/raw/Shenzhen/images/images/CHNCXR_0059_0.png,3000,2947,OK
Shenzhen,CHNCXR_0608_1.png,data/raw/Shenzhen/images/images/CHNCXR_0608_1.png,2995,2986,OK
Shenzhen,CHNCXR_0103_0.png,data/raw/Shenzhen/images/images/CHNCXR_0103_0.png,2238,2946,OK
Shenzhen,CHNCXR_0146_0.png,data/raw/Shenzhen/images/images/CHNCXR_0146_0.png,2985,2975,OK
Shenzhen,CHNCXR_0453_1.png,data/raw/Shenzhen/images/images/CHNCXR_0453_1.png,2992,2958,OK
Shenzhen,CHNCXR_0416_1.png,data/raw/Shenzhen/images/images/CHNCXR_0416_1.png,2523,2875,OK
Shenzhen,CHNCXR_0202_0.png,data/raw/Shenzhen/images/images/CHNCXR_0202_0.png,1130,948,OK
Shenzhen,CHNCXR_0247_0.png,data/raw/Shenzhen/images/images/CHNCXR_0247_0.png,3000,2939,OK
Shenzhen,CHNCXR_0383_1.png,data/raw/Shenzhen/images/images/CHNCXR_0383_1.png,2709,2639,OK
Shenzhen,CHNCXR_0066_0.png,data/raw/Shenzhen/images/images/CHNCXR_0066_0.png,3000,2941,OK
Shenzhen,CHNCXR_0023_0.png,data/raw/Shenzhen/images/images/CHNCXR_0023_0.png,3000,2937,OK
Shenzhen,CHNCXR_0536_1.png,data/raw/Shenzhen/images/images/CHNCXR_0536_1.png,2396,2533,OK
Shenzhen,CHNCXR_0573_1.png,data/raw/Shenzhen/images/images/CHNCXR_0573_1.png,2519,2988,OK
Shenzhen,CHNCXR_0322_0.png,data/raw/Shenzhen/images/images/CHNCXR_0322_0.png,3000,2949,OK
Shenzhen,CHNCXR_0637_1.png,data/raw/Shenzhen/images/images/CHNCXR_0637_1.png,2511,2931,OK
Shenzhen,CHNCXR_0493_1.png,data/raw/Shenzhen/images/images/CHNCXR_0493_1.png,2409,2805,OK
Shenzhen,CHNCXR_0186_0.png,data/raw/Shenzhen/images/images/CHNCXR_0186_0.png,2464,2861,OK
Shenzhen,CHNCXR_0343_1.png,data/raw/Shenzhen/images/images/CHNCXR_0343_1.png,2800,2958,OK
Shenzhen,CHNCXR_0287_0.png,data/raw/Shenzhen/images/images/CHNCXR_0287_0.png,2617,2838,OK
Shenzhen,CHNCXR_0613_1.png,data/raw/Shenzhen/images/images/CHNCXR_0613_1.png,2546,2672,OK
Shenzhen,CHNCXR_0656_1.png,data/raw/Shenzhen/images/images/CHNCXR_0656_1.png,3001,2988,OK
Shenzhen,CHNCXR_0306_0.png,data/raw/Shenzhen/images/images/CHNCXR_0306_0.png,3000,2931,OK
Shenzhen,CHNCXR_0512_1.png,data/raw/Shenzhen/images/images/CHNCXR_0512_1.png,2993,2990,OK
Shenzhen,CHNCXR_0557_1.png,data/raw/Shenzhen/images/images/CHNCXR_0557_1.png,2792,2955,OK
Shenzhen,CHNCXR_0042_0.png,data/raw/Shenzhen/images/images/CHNCXR_0042_0.png,3000,2943,OK
Shenzhen,CHNCXR_0007_0.png,data/raw/Shenzhen/images/images/CHNCXR_0007_0.png,2306,2320,OK
Shenzhen,CHNCXR_0367_1.png,data/raw/Shenzhen/images/images/CHNCXR_0367_1.png,2485,2944,OK
Shenzhen,CHNCXR_0226_0.png,data/raw/Shenzhen/images/images/CHNCXR_0226_0.png,2991,2992,OK
Shenzhen,CHNCXR_0263_0.png,data/raw/Shenzhen/images/images/CHNCXR_0263_0.png,3000,2941,OK
Shenzhen,CHNCXR_0477_1.png,data/raw/Shenzhen/images/images/CHNCXR_0477_1.png,2500,2873,OK
Shenzhen,CHNCXR_0432_1.png,data/raw/Shenzhen/images/images/CHNCXR_0432_1.png,2980,2940,OK
Shenzhen,CHNCXR_0127_0.png,data/raw/Shenzhen/images/images/CHNCXR_0127_0.png,2478,2382,OK
Shenzhen,CHNCXR_0162_0.png,data/raw/Shenzhen/images/images/CHNCXR_0162_0.png,3000,2945,OK
Shenzhen,CHNCXR_0082_0.png,data/raw/Shenzhen/images/images/CHNCXR_0082_0.png,3000,2945,OK
Shenzhen,CHNCXR_0597_1.png,data/raw/Shenzhen/images/images/CHNCXR_0597_1.png,2996,2991,OK
Shenzhen,CHNCXR_0363_1.png,data/raw/Shenzhen/images/images/CHNCXR_0363_1.png,2460,2788,OK
Shenzhen,CHNCXR_0516_1.png,data/raw/Shenzhen/images/images/CHNCXR_0516_1.png,2628,2987,OK
Shenzhen,CHNCXR_0553_1.png,data/raw/Shenzhen/images/images/CHNCXR_0553_1.png,2491,2868,OK
Shenzhen,CHNCXR_0046_0.png,data/raw/Shenzhen/images/images/CHNCXR_0046_0.png,3000,2931,OK
Shenzhen,CHNCXR_0003_0.png,data/raw/Shenzhen/images/images/CHNCXR_0003_0.png,2987,2945,OK
Shenzhen,CHNCXR_0617_1.png,data/raw/Shenzhen/images/images/CHNCXR_0617_1.png,2679,2843,OK
Shenzhen,CHNCXR_0652_1.png,data/raw/Shenzhen/images/images/CHNCXR_0652_1.png,2707,2750,OK
Shenzhen,CHNCXR_0302_0.png,data/raw/Shenzhen/images/images/CHNCXR_0302_0.png,2604,2968,OK
Shenzhen,CHNCXR_0086_0.png,data/raw/Shenzhen/images/images/CHNCXR_0086_0.png,3000,2951,OK
Shenzhen,CHNCXR_0593_1.png,data/raw/Shenzhen/images/images/CHNCXR_0593_1.png,2330,2418,OK
Shenzhen,CHNCXR_0473_1.png,data/raw/Shenzhen/images/images/CHNCXR_0473_1.png,2743,2989,OK
Shenzhen,CHNCXR_0436_1.png,data/raw/Shenzhen/images/images/CHNCXR_0436_1.png,2851,2954,OK
Shenzhen,CHNCXR_0123_0.png,data/raw/Shenzhen/images/images/CHNCXR_0123_0.png,3000,2945,OK
Shenzhen,CHNCXR_0166_0.png,data/raw/Shenzhen/images/images/CHNCXR_0166_0.png,2443,2527,OK
Shenzhen,CHNCXR_0222_0.png,data/raw/Shenzhen/images/images/CHNCXR_0222_0.png,2989,2998,OK
Shenzhen,CHNCXR_0267_0.png,data/raw/Shenzhen/images/images/CHNCXR_0267_0.png,2997,2921,OK
Shenzhen,CHNCXR_0206_0.png,data/raw/Shenzhen/images/images/CHNCXR_0206_0.png,1893,1679,OK
Shenzhen,CHNCXR_0243_0.png,data/raw/Shenzhen/images/images/CHNCXR_0243_0.png,3000,2939,OK
Shenzhen,CHNCXR_0387_1.png,data/raw/Shenzhen/images/images/CHNCXR_0387_1.png,2516,2603,OK
Shenzhen,CHNCXR_0107_0.png,data/raw/Shenzhen/images/images/CHNCXR_0107_0.png,2464,2317,OK
Shenzhen,CHNCXR_0142_0.png,data/raw/Shenzhen/images/images/CHNCXR_0142_0.png,2407,2388,OK
Shenzhen,CHNCXR_0457_1.png,data/raw/Shenzhen/images/images/CHNCXR_0457_1.png,2598,2795,OK
Shenzhen,CHNCXR_0412_1.png,data/raw/Shenzhen/images/images/CHNCXR_0412_1.png,2993,2943,OK
Shenzhen,CHNCXR_0347_1.png,data/raw/Shenzhen/images/images/CHNCXR_0347_1.png,2678,2916,OK
Shenzhen,CHNCXR_0283_0.png,data/raw/Shenzhen/images/images/CHNCXR_0283_0.png,3000,2993,OK
Shenzhen,CHNCXR_0497_1.png,data/raw/Shenzhen/images/images/CHNCXR_0497_1.png,2504,2826,OK
Shenzhen,CHNCXR_0182_0.png,data/raw/Shenzhen/images/images/CHNCXR_0182_0.png,3000,2925,OK
Shenzhen,CHNCXR_0326_0.png,data/raw/Shenzhen/images/images/CHNCXR_0326_0.png,3000,2939,OK
Shenzhen,CHNCXR_0633_1.png,data/raw/Shenzhen/images/images/CHNCXR_0633_1.png,2610,2533,OK
Shenzhen,CHNCXR_0062_0.png,data/raw/Shenzhen/images/images/CHNCXR_0062_0.png,3000,2943,OK
Shenzhen,CHNCXR_0027_0.png,data/raw/Shenzhen/images/images/CHNCXR_0027_0.png,2997,2925,OK
Shenzhen,CHNCXR_0532_1.png,data/raw/Shenzhen/images/images/CHNCXR_0532_1.png,2464,2304,OK
Shenzhen,CHNCXR_0577_1.png,data/raw/Shenzhen/images/images/CHNCXR_0577_1.png,2384,2319,OK
Shenzhen,CHNCXR_0180_0.png,data/raw/Shenzhen/images/images/CHNCXR_0180_0.png,2997,2457,OK
Shenzhen,CHNCXR_0495_1.png,data/raw/Shenzhen/images/images/CHNCXR_0495_1.png,2503,2640,OK
Shenzhen,CHNCXR_0239_0.png,data/raw/Shenzhen/images/images/CHNCXR_0239_0.png,2991,2995,OK
Shenzhen,CHNCXR_0468_1.png,data/raw/Shenzhen/images/images/CHNCXR_0468_1.png,2441,2690,OK
Shenzhen,CHNCXR_0281_0.png,data/raw/Shenzhen/images/images/CHNCXR_0281_0.png,3000,2945,OK
Shenzhen,CHNCXR_0345_1.png,data/raw/Shenzhen/images/images/CHNCXR_0345_1.png,2495,2638,OK
Shenzhen,CHNCXR_0138_0.png,data/raw/Shenzhen/images/images/CHNCXR_0138_0.png,3000,2943,OK
Shenzhen,CHNCXR_0530_1.png,data/raw/Shenzhen/images/images/CHNCXR_0530_1.png,2560,2614,OK
Shenzhen,CHNCXR_0575_1.png,data/raw/Shenzhen/images/images/CHNCXR_0575_1.png,2443,2453,OK
Shenzhen,CHNCXR_0060_0.png,data/raw/Shenzhen/images/images/CHNCXR_0060_0.png,3000,2931,OK
Shenzhen,CHNCXR_0025_0.png,data/raw/Shenzhen/images/images/CHNCXR_0025_0.png,3000,2937,OK
Shenzhen,CHNCXR_0631_1.png,data/raw/Shenzhen/images/images/CHNCXR_0631_1.png,2406,2705,OK
Shenzhen,CHNCXR_0588_1.png,data/raw/Shenzhen/images/images/CHNCXR_0588_1.png,2554,2789,OK
Shenzhen,CHNCXR_0324_0.png,data/raw/Shenzhen/images/images/CHNCXR_0324_0.png,3000,2945,OK
Shenzhen,CHNCXR_0649_1.png,data/raw/Shenzhen/images/images/CHNCXR_0649_1.png,3000,2965,OK
Shenzhen,CHNCXR_0319_0.png,data/raw/Shenzhen/images/images/CHNCXR_0319_0.png,3000,2949,OK
Shenzhen,CHNCXR_0548_1.png,data/raw/Shenzhen/images/images/CHNCXR_0548_1.png,3000,2947,OK
Shenzhen,CHNCXR_0018_0.png,data/raw/Shenzhen/images/images/CHNCXR_0018_0.png,2991,2907,OK
Shenzhen,CHNCXR_0455_1.png,data/raw/Shenzhen/images/images/CHNCXR_0455_1.png,2986,2960,OK
Shenzhen,CHNCXR_0410_1.png,data/raw/Shenzhen/images/images/CHNCXR_0410_1.png,2545,2691,OK
Shenzhen,CHNCXR_0105_0.png,data/raw/Shenzhen/images/images/CHNCXR_0105_0.png,2602,2988,OK
Shenzhen,CHNCXR_0378_1.png,data/raw/Shenzhen/images/images/CHNCXR_0378_1.png,2983,2959,OK
Shenzhen,CHNCXR_0140_0.png,data/raw/Shenzhen/images/images/CHNCXR_0140_0.png,2227,2066,OK
Shenzhen,CHNCXR_0385_1.png,data/raw/Shenzhen/images/images/CHNCXR_0385_1.png,2804,2947,OK
Shenzhen,CHNCXR_0204_0.png,data/raw/Shenzhen/images/images/CHNCXR_0204_0.png,2987,2990,OK
Shenzhen,CHNCXR_0241_0.png,data/raw/Shenzhen/images/images/CHNCXR_0241_0.png,2324,2344,OK
Shenzhen,CHNCXR_0079_0.png,data/raw/Shenzhen/images/images/CHNCXR_0079_0.png,3000,2943,OK
Shenzhen,CHNCXR_0529_1.png,data/raw/Shenzhen/images/images/CHNCXR_0529_1.png,2537,2631,OK
Shenzhen,CHNCXR_0591_1.png,data/raw/Shenzhen/images/images/CHNCXR_0591_1.png,3001,2977,OK
Shenzhen,CHNCXR_0084_0.png,data/raw/Shenzhen/images/images/CHNCXR_0084_0.png,2739,2944,OK
Shenzhen,CHNCXR_0628_1.png,data/raw/Shenzhen/images/images/CHNCXR_0628_1.png,3001,2987,OK
Shenzhen,CHNCXR_0220_0.png,data/raw/Shenzhen/images/images/CHNCXR_0220_0.png,2554,2575,OK
Shenzhen,CHNCXR_0265_0.png,data/raw/Shenzhen/images/images/CHNCXR_0265_0.png,1936,2205,OK
Shenzhen,CHNCXR_0199_0.png,data/raw/Shenzhen/images/images/CHNCXR_0199_0.png,2136,2174,OK
Shenzhen,CHNCXR_0121_0.png,data/raw/Shenzhen/images/images/CHNCXR_0121_0.png,2751,2990,OK
Shenzhen,CHNCXR_0164_0.png,data/raw/Shenzhen/images/images/CHNCXR_0164_0.png,3000,2939,OK
Shenzhen,CHNCXR_0298_0.png,data/raw/Shenzhen/images/images/CHNCXR_0298_0.png,3000,2947,OK
Shenzhen,CHNCXR_0471_1.png,data/raw/Shenzhen/images/images/CHNCXR_0471_1.png,2276,2622,OK
Shenzhen,CHNCXR_0434_1.png,data/raw/Shenzhen/images/images/CHNCXR_0434_1.png,2972,2943,OK
Shenzhen,CHNCXR_0159_0.png,data/raw/Shenzhen/images/images/CHNCXR_0159_0.png,2991,2989,OK
Shenzhen,CHNCXR_0361_1.png,data/raw/Shenzhen/images/images/CHNCXR_0361_1.png,2646,2690,OK
Shenzhen,CHNCXR_0409_1.png,data/raw/Shenzhen/images/images/CHNCXR_0409_1.png,2758,2938,OK
Shenzhen,CHNCXR_0258_0.png,data/raw/Shenzhen/images/images/CHNCXR_0258_0.png,2997,2943,OK
Shenzhen,CHNCXR_0300_0.png,data/raw/Shenzhen/images/images/CHNCXR_0300_0.png,3000,2951,OK
Shenzhen,CHNCXR_0615_1.png,data/raw/Shenzhen/images/images/CHNCXR_0615_1.png,2387,2730,OK
Shenzhen,CHNCXR_0650_1.png,data/raw/Shenzhen/images/images/CHNCXR_0650_1.png,2676,2988,OK
Shenzhen,CHNCXR_0044_0.png,data/raw/Shenzhen/images/images/CHNCXR_0044_0.png,2308,2308,OK
Shenzhen,CHNCXR_0001_0.png,data/raw/Shenzhen/images/images/CHNCXR_0001_0.png,3000,2919,OK
Shenzhen,CHNCXR_0514_1.png,data/raw/Shenzhen/images/images/CHNCXR_0514_1.png,2358,2466,OK
Shenzhen,CHNCXR_0551_1.png,data/raw/Shenzhen/images/images/CHNCXR_0551_1.png,2481,2614,OK
Shenzhen,CHNCXR_0405_1.png,data/raw/Shenzhen/images/images/CHNCXR_0405_1.png,2801,2914,OK
Shenzhen,CHNCXR_0440_1.png,data/raw/Shenzhen/images/images/CHNCXR_0440_1.png,2435,2620,OK
Shenzhen,CHNCXR_0155_0.png,data/raw/Shenzhen/images/images/CHNCXR_0155_0.png,2253,1737,OK
Shenzhen,CHNCXR_0328_1.png,data/raw/Shenzhen/images/images/CHNCXR_0328_1.png,2985,2939,OK
Shenzhen,CHNCXR_0110_0.png,data/raw/Shenzhen/images/images/CHNCXR_0110_0.png,2715,2946,OK
Shenzhen,CHNCXR_0390_1.png,data/raw/Shenzhen/images/images/CHNCXR_0390_1.png,2824,2951,OK
Shenzhen,CHNCXR_0254_0.png,data/raw/Shenzhen/images/images/CHNCXR_0254_0.png,2975,2941,OK
Shenzhen,CHNCXR_0211_0.png,data/raw/Shenzhen/images/images/CHNCXR_0211_0.png,2986,2992,OK
Shenzhen,CHNCXR_0619_1.png,data/raw/Shenzhen/images/images/CHNCXR_0619_1.png,2254,2398,OK
Shenzhen,CHNCXR_0518_1.png,data/raw/Shenzhen/images/images/CHNCXR_0518_1.png,2594,2931,OK
Shenzhen,CHNCXR_0048_0.png,data/raw/Shenzhen/images/images/CHNCXR_0048_0.png,3000,2949,OK
Shenzhen,CHNCXR_0560_1.png,data/raw/Shenzhen/images/images/CHNCXR_0560_1.png,2662,2898,OK
Shenzhen,CHNCXR_0525_1.png,data/raw/Shenzhen/images/images/CHNCXR_0525_1.png,2464,2815,OK
Shenzhen,CHNCXR_0030_0.png,data/raw/Shenzhen/images/images/CHNCXR_0030_0.png,2357,2461,OK
Shenzhen,CHNCXR_0075_0.png,data/raw/Shenzhen/images/images/CHNCXR_0075_0.png,1233,1110,OK
Shenzhen,CHNCXR_0661_1.png,data/raw/Shenzhen/images/images/CHNCXR_0661_1.png,2495,2608,OK
Shenzhen,CHNCXR_0088_0.png,data/raw/Shenzhen/images/images/CHNCXR_0088_0.png,2788,2954,OK
Shenzhen,CHNCXR_0624_1.png,data/raw/Shenzhen/images/images/CHNCXR_0624_1.png,2623,2670,OK
Shenzhen,CHNCXR_0195_0.png,data/raw/Shenzhen/images/images/CHNCXR_0195_0.png,2990,2993,OK
Shenzhen,CHNCXR_0269_0.png,data/raw/Shenzhen/images/images/CHNCXR_0269_0.png,2967,3001,OK
Shenzhen,CHNCXR_0480_1.png,data/raw/Shenzhen/images/images/CHNCXR_0480_1.png,2581,2688,OK
Shenzhen,CHNCXR_0294_0.png,data/raw/Shenzhen/images/images/CHNCXR_0294_0.png,3000,2945,OK
Shenzhen,CHNCXR_0438_1.png,data/raw/Shenzhen/images/images/CHNCXR_0438_1.png,2618,2417,OK
Shenzhen,CHNCXR_0168_0.png,data/raw/Shenzhen/images/images/CHNCXR_0168_0.png,3000,2931,OK
Shenzhen,CHNCXR_0350_1.png,data/raw/Shenzhen/images/images/CHNCXR_0350_1.png,2776,2889,OK
Shenzhen,CHNCXR_0315_0.png,data/raw/Shenzhen/images/images/CHNCXR_0315_0.png,3000,2985,OK
Shenzhen,CHNCXR_0645_1.png,data/raw/Shenzhen/images/images/CHNCXR_0645_1.png,2421,2735,OK
Shenzhen,CHNCXR_0600_1.png,data/raw/Shenzhen/images/images/CHNCXR_0600_1.png,2998,2857,OK
Shenzhen,CHNCXR_0014_0.png,data/raw/Shenzhen/images/images/CHNCXR_0014_0.png,3000,2919,OK
Shenzhen,CHNCXR_0051_0.png,data/raw/Shenzhen/images/images/CHNCXR_0051_0.png,2985,2935,OK
Shenzhen,CHNCXR_0544_1.png,data/raw/Shenzhen/images/images/CHNCXR_0544_1.png,2693,2953,OK
Shenzhen,CHNCXR_0501_1.png,data/raw/Shenzhen/images/images/CHNCXR_0501_1.png,2408,2906,OK
Shenzhen,CHNCXR_0109_0.png,data/raw/Shenzhen/images/images/CHNCXR_0109_0.png,2369,2942,OK
Shenzhen,CHNCXR_0331_1.png,data/raw/Shenzhen/images/images/CHNCXR_0331_1.png,2282,2261,OK
Shenzhen,CHNCXR_0374_1.png,data/raw/Shenzhen/images/images/CHNCXR_0374_1.png,3000,2927,OK
Shenzhen,CHNCXR_0459_1.png,data/raw/Shenzhen/images/images/CHNCXR_0459_1.png,2408,2867,OK
Shenzhen,CHNCXR_0208_0.png,data/raw/Shenzhen/images/images/CHNCXR_0208_0.png,2622,2843,OK
Shenzhen,CHNCXR_0389_1.png,data/raw/Shenzhen/images/images/CHNCXR_0389_1.png,2763,3001,OK
Shenzhen,CHNCXR_0499_1.png,data/raw/Shenzhen/images/images/CHNCXR_0499_1.png,2442,2475,OK
Shenzhen,CHNCXR_0270_0.png,data/raw/Shenzhen/images/images/CHNCXR_0270_0.png,2991,2992,OK
Shenzhen,CHNCXR_0235_0.png,data/raw/Shenzhen/images/images/CHNCXR_0235_0.png,2383,2488,OK
Shenzhen,CHNCXR_0349_1.png,data/raw/Shenzhen/images/images/CHNCXR_0349_1.png,3000,2949,OK
Shenzhen,CHNCXR_0171_0.png,data/raw/Shenzhen/images/images/CHNCXR_0171_0.png,2991,2991,OK
Shenzhen,CHNCXR_0134_0.png,data/raw/Shenzhen/images/images/CHNCXR_0134_0.png,2493,2957,OK
Shenzhen,CHNCXR_0421_1.png,data/raw/Shenzhen/images/images/CHNCXR_0421_1.png,3000,2995,OK
Shenzhen,CHNCXR_0464_1.png,data/raw/Shenzhen/images/images/CHNCXR_0464_1.png,2797,2990,OK
Shenzhen,CHNCXR_0029_0.png,data/raw/Shenzhen/images/images/CHNCXR_0029_0.png,3000,2935,OK
Shenzhen,CHNCXR_0579_1.png,data/raw/Shenzhen/images/images/CHNCXR_0579_1.png,2312,2743,OK
Shenzhen,CHNCXR_0584_1.png,data/raw/Shenzhen/images/images/CHNCXR_0584_1.png,2643,2735,OK
Shenzhen,CHNCXR_0091_0.png,data/raw/Shenzhen/images/images/CHNCXR_0091_0.png,2587,2968,OK
Shenzhen,CHNCXR_0423_1.png,data/raw/Shenzhen/images/images/CHNCXR_0423_1.png,2993,2951,OK
Shenzhen,CHNCXR_0466_1.png,data/raw/Shenzhen/images/images/CHNCXR_0466_1.png,2493,2684,OK
Shenzhen,CHNCXR_0173_0.png,data/raw/Shenzhen/images/images/CHNCXR_0173_0.png,2566,2903,OK
Shenzhen,CHNCXR_0136_0.png,data/raw/Shenzhen/images/images/CHNCXR_0136_0.png,2997,2937,OK
Shenzhen,CHNCXR_0272_0.png,data/raw/Shenzhen/images/images/CHNCXR_0272_0.png,2272,2283,OK
Shenzhen,CHNCXR_0237_0.png,data/raw/Shenzhen/images/images/CHNCXR_0237_0.png,3000,2937,OK
Shenzhen,CHNCXR_0093_0.png,data/raw/Shenzhen/images/images/CHNCXR_0093_0.png,2776,2960,OK
Shenzhen,CHNCXR_0586_1.png,data/raw/Shenzhen/images/images/CHNCXR_0586_1.png,2419,2609,OK
Shenzhen,CHNCXR_0546_1.png,data/raw/Shenzhen/images/images/CHNCXR_0546_1.png,2524,2743,OK
Shenzhen,CHNCXR_0503_1.png,data/raw/Shenzhen/images/images/CHNCXR_0503_1.png,2779,2987,OK
Shenzhen,CHNCXR_0016_0.png,data/raw/Shenzhen/images/images/CHNCXR_0016_0.png,3000,2943,OK
Shenzhen,CHNCXR_0053_0.png,data/raw/Shenzhen/images/images/CHNCXR_0053_0.png,2531,2890,OK
Shenzhen,CHNCXR_0647_1.png,data/raw/Shenzhen/images/images/CHNCXR_0647_1.png,3001,2935,OK
Shenzhen,CHNCXR_0602_1.png,data/raw/Shenzhen/images/images/CHNCXR_0602_1.png,2299,2539,OK
Shenzhen,CHNCXR_0317_0.png,data/raw/Shenzhen/images/images/CHNCXR_0317_0.png,3000,2937,OK
Shenzhen,CHNCXR_0333_1.png,data/raw/Shenzhen/images/images/CHNCXR_0333_1.png,2613,2595,OK
Shenzhen,CHNCXR_0376_1.png,data/raw/Shenzhen/images/images/CHNCXR_0376_1.png,2991,2958,OK
Shenzhen,CHNCXR_0626_1.png,data/raw/Shenzhen/images/images/CHNCXR_0626_1.png,3001,2989,OK
Shenzhen,CHNCXR_0032_0.png,data/raw/Shenzhen/images/images/CHNCXR_0032_0.png,3000,2927,OK
Shenzhen,CHNCXR_0077_0.png,data/raw/Shenzhen/images/images/CHNCXR_0077_0.png,3000,2939,OK
Shenzhen,CHNCXR_0562_1.png,data/raw/Shenzhen/images/images/CHNCXR_0562_1.png,2516,2590,OK
Shenzhen,CHNCXR_0527_1.png,data/raw/Shenzhen/images/images/CHNCXR_0527_1.png,2511,2666,OK
Shenzhen,CHNCXR_0352_1.png,data/raw/Shenzhen/images/images/CHNCXR_0352_1.png,2573,2921,OK
Shenzhen,CHNCXR_0296_0.png,data/raw/Shenzhen/images/images/CHNCXR_0296_0.png,2430,2571,OK
Shenzhen,CHNCXR_0482_1.png,data/raw/Shenzhen/images/images/CHNCXR_0482_1.png,2146,2363,OK
Shenzhen,CHNCXR_0197_0.png,data/raw/Shenzhen/images/images/CHNCXR_0197_0.png,3000,2939,OK
Shenzhen,CHNCXR_0256_0.png,data/raw/Shenzhen/images/images/CHNCXR_0256_0.png,1615,1772,OK
Shenzhen,CHNCXR_0213_0.png,data/raw/Shenzhen/images/images/CHNCXR_0213_0.png,3000,2941,OK
Shenzhen,CHNCXR_0392_1.png,data/raw/Shenzhen/images/images/CHNCXR_0392_1.png,2572,2722,OK
Shenzhen,CHNCXR_0157_0.png,data/raw/Shenzhen/images/images/CHNCXR_0157_0.png,2985,2953,OK
Shenzhen,CHNCXR_0112_0.png,data/raw/Shenzhen/images/images/CHNCXR_0112_0.png,2589,2667,OK
Shenzhen,CHNCXR_0407_1.png,data/raw/Shenzhen/images/images/CHNCXR_0407_1.png,2983,2967,OK
Shenzhen,CHNCXR_0442_1.png,data/raw/Shenzhen/images/images/CHNCXR_0442_1.png,2879,2951,OK
Shenzhen,CHNCXR_0486_1.png,data/raw/Shenzhen/images/images/CHNCXR_0486_1.png,2716,2889,OK
Shenzhen,CHNCXR_0193_0.png,data/raw/Shenzhen/images/images/CHNCXR_0193_0.png,2512,2601,OK
Shenzhen,CHNCXR_0356_1.png,data/raw/Shenzhen/images/images/CHNCXR_0356_1.png,2416,2700,OK
Shenzhen,CHNCXR_0292_0.png,data/raw/Shenzhen/images/images/CHNCXR_0292_0.png,2987,2935,OK
Shenzhen,CHNCXR_0036_0.png,data/raw/Shenzhen/images/images/CHNCXR_0036_0.png,3000,2951,OK
Shenzhen,CHNCXR_0073_0.png,data/raw/Shenzhen/images/images/CHNCXR_0073_0.png,3000,2949,OK
Shenzhen,CHNCXR_0566_1.png,data/raw/Shenzhen/images/images/CHNCXR_0566_1.png,2573,2998,OK
Shenzhen,CHNCXR_0523_1.png,data/raw/Shenzhen/images/images/CHNCXR_0523_1.png,2653,2834,OK
Shenzhen,CHNCXR_0622_1.png,data/raw/Shenzhen/images/images/CHNCXR_0622_1.png,2420,2403,OK
Shenzhen,CHNCXR_0153_0.png,data/raw/Shenzhen/images/images/CHNCXR_0153_0.png,3000,2939,OK
Shenzhen,CHNCXR_0116_0.png,data/raw/Shenzhen/images/images/CHNCXR_0116_0.png,3000,2931,OK
Shenzhen,CHNCXR_0403_1.png,data/raw/Shenzhen/images/images/CHNCXR_0403_1.png,2792,2959,OK
Shenzhen,CHNCXR_0446_1.png,data/raw/Shenzhen/images/images/CHNCXR_0446_1.png,3000,2925,OK
Shenzhen,CHNCXR_0252_0.png,data/raw/Shenzhen/images/images/CHNCXR_0252_0.png,2990,3001,OK
Shenzhen,CHNCXR_0217_0.png,data/raw/Shenzhen/images/images/CHNCXR_0217_0.png,2763,2713,OK
Shenzhen,CHNCXR_0396_1.png,data/raw/Shenzhen/images/images/CHNCXR_0396_1.png,2624,2900,OK
Shenzhen,CHNCXR_0097_0.png,data/raw/Shenzhen/images/images/CHNCXR_0097_0.png,2260,2203,OK
Shenzhen,CHNCXR_0582_1.png,data/raw/Shenzhen/images/images/CHNCXR_0582_1.png,2761,2894,OK
Shenzhen,CHNCXR_0276_0.png,data/raw/Shenzhen/images/images/CHNCXR_0276_0.png,3001,2980,OK
Shenzhen,CHNCXR_0233_0.png,data/raw/Shenzhen/images/images/CHNCXR_0233_0.png,3000,2939,OK
Shenzhen,CHNCXR_0427_1.png,data/raw/Shenzhen/images/images/CHNCXR_0427_1.png,2993,2945,OK
Shenzhen,CHNCXR_0462_1.png,data/raw/Shenzhen/images/images/CHNCXR_0462_1.png,2542,2978,OK
Shenzhen,CHNCXR_0177_0.png,data/raw/Shenzhen/images/images/CHNCXR_0177_0.png,2504,2530,OK
Shenzhen,CHNCXR_0132_0.png,data/raw/Shenzhen/images/images/CHNCXR_0132_0.png,2997,2943,OK
Shenzhen,CHNCXR_0337_1.png,data/raw/Shenzhen/images/images/CHNCXR_0337_1.png,2464,2562,OK
Shenzhen,CHNCXR_0372_1.png,data/raw/Shenzhen/images/images/CHNCXR_0372_1.png,3000,2949,OK
Shenzhen,CHNCXR_0643_1.png,data/raw/Shenzhen/images/images/CHNCXR_0643_1.png,2368,2804,OK
Shenzhen,CHNCXR_0606_1.png,data/raw/Shenzhen/images/images/CHNCXR_0606_1.png,2619,2641,OK
Shenzhen,CHNCXR_0313_0.png,data/raw/Shenzhen/images/images/CHNCXR_0313_0.png,1814,2034,OK
Shenzhen,CHNCXR_0542_1.png,data/raw/Shenzhen/images/images/CHNCXR_0542_1.png,2372,2406,OK
Shenzhen,CHNCXR_0507_1.png,data/raw/Shenzhen/images/images/CHNCXR_0507_1.png,2248,2711,OK
Shenzhen,CHNCXR_0012_0.png,data/raw/Shenzhen/images/images/CHNCXR_0012_0.png,3000,2959,OK
Shenzhen,CHNCXR_0057_0.png,data/raw/Shenzhen/images/images/CHNCXR_0057_0.png,3000,2941,OK
Shenzhen,CHNCXR_0249_0.png,data/raw/Shenzhen/images/images/CHNCXR_0249_0.png,2990,2982,OK
Shenzhen,CHNCXR_0335_1.png,data/raw/Shenzhen/images/images/CHNCXR_0335_1.png,2569,2424,OK
Shenzhen,CHNCXR_0148_0.png,data/raw/Shenzhen/images/images/CHNCXR_0148_0.png,2692,2930,OK
Shenzhen,CHNCXR_0370_1.png,data/raw/Shenzhen/images/images/CHNCXR_0370_1.png,2996,2941,OK
Shenzhen,CHNCXR_0418_1.png,data/raw/Shenzhen/images/images/CHNCXR_0418_1.png,2720,2944,OK
Shenzhen,CHNCXR_0010_0.png,data/raw/Shenzhen/images/images/CHNCXR_0010_0.png,3000,2947,OK
Shenzhen,CHNCXR_0055_0.png,data/raw/Shenzhen/images/images/CHNCXR_0055_0.png,2739,2941,OK
Shenzhen,CHNCXR_0540_1.png,data/raw/Shenzhen/images/images/CHNCXR_0540_1.png,2351,2726,OK
Shenzhen,CHNCXR_0505_1.png,data/raw/Shenzhen/images/images/CHNCXR_0505_1.png,2599,2903,OK
Shenzhen,CHNCXR_0311_0.png,data/raw/Shenzhen/images/images/CHNCXR_0311_0.png,3000,2955,OK
Shenzhen,CHNCXR_0641_1.png,data/raw/Shenzhen/images/images/CHNCXR_0641_1.png,2450,2977,OK
Shenzhen,CHNCXR_0604_1.png,data/raw/Shenzhen/images/images/CHNCXR_0604_1.png,3000,2967,OK
Shenzhen,CHNCXR_0580_1.png,data/raw/Shenzhen/images/images/CHNCXR_0580_1.png,2628,2976,OK
Shenzhen,CHNCXR_0639_1.png,data/raw/Shenzhen/images/images/CHNCXR_0639_1.png,2202,2460,OK
Shenzhen,CHNCXR_0095_0.png,data/raw/Shenzhen/images/images/CHNCXR_0095_0.png,3000,2949,OK
Shenzhen,CHNCXR_0068_0.png,data/raw/Shenzhen/images/images/CHNCXR_0068_0.png,3000,2939,OK
Shenzhen,CHNCXR_0538_1.png,data/raw/Shenzhen/images/images/CHNCXR_0538_1.png,2509,2937,OK
Shenzhen,CHNCXR_0175_0.png,data/raw/Shenzhen/images/images/CHNCXR_0175_0.png,2205,2009,OK
Shenzhen,CHNCXR_0130_0.png,data/raw/Shenzhen/images/images/CHNCXR_0130_0.png,2991,2994,OK
Shenzhen,CHNCXR_0425_1.png,data/raw/Shenzhen/images/images/CHNCXR_0425_1.png,2994,2946,OK
Shenzhen,CHNCXR_0460_1.png,data/raw/Shenzhen/images/images/CHNCXR_0460_1.png,2773,2930,OK
Shenzhen,CHNCXR_0289_0.png,data/raw/Shenzhen/images/images/CHNCXR_0289_0.png,3000,2945,OK
Shenzhen,CHNCXR_0274_0.png,data/raw/Shenzhen/images/images/CHNCXR_0274_0.png,2423,2733,OK
Shenzhen,CHNCXR_0231_0.png,data/raw/Shenzhen/images/images/CHNCXR_0231_0.png,2987,2994,OK
Shenzhen,CHNCXR_0188_0.png,data/raw/Shenzhen/images/images/CHNCXR_0188_0.png,2992,2989,OK
Shenzhen,CHNCXR_0559_1.png,data/raw/Shenzhen/images/images/CHNCXR_0559_1.png,2735,2883,OK
Shenzhen,CHNCXR_0009_0.png,data/raw/Shenzhen/images/images/CHNCXR_0009_0.png,2516,2942,OK
Shenzhen,CHNCXR_0658_1.png,data/raw/Shenzhen/images/images/CHNCXR_0658_1.png,2611,2955,OK
Shenzhen,CHNCXR_0308_0.png,data/raw/Shenzhen/images/images/CHNCXR_0308_0.png,2997,2943,OK
Shenzhen,CHNCXR_0394_1.png,data/raw/Shenzhen/images/images/CHNCXR_0394_1.png,2994,2955,OK
Shenzhen,CHNCXR_0250_0.png,data/raw/Shenzhen/images/images/CHNCXR_0250_0.png,3000,2953,OK
Shenzhen,CHNCXR_0215_0.png,data/raw/Shenzhen/images/images/CHNCXR_0215_0.png,1954,1993,OK
Shenzhen,CHNCXR_0401_1.png,data/raw/Shenzhen/images/images/CHNCXR_0401_1.png,2370,2843,OK
Shenzhen,CHNCXR_0444_1.png,data/raw/Shenzhen/images/images/CHNCXR_0444_1.png,2980,2987,OK
Shenzhen,CHNCXR_0369_1.png,data/raw/Shenzhen/images/images/CHNCXR_0369_1.png,2814,2945,OK
Shenzhen,CHNCXR_0151_0.png,data/raw/Shenzhen/images/images/CHNCXR_0151_0.png,2985,2931,OK
Shenzhen,CHNCXR_0114_0.png,data/raw/Shenzhen/images/images/CHNCXR_0114_0.png,3000,2933,OK
Shenzhen,CHNCXR_0290_0.png,data/raw/Shenzhen/images/images/CHNCXR_0290_0.png,2987,2933,OK
Shenzhen,CHNCXR_0479_1.png,data/raw/Shenzhen/images/images/CHNCXR_0479_1.png,2739,2986,OK
Shenzhen,CHNCXR_0129_0.png,data/raw/Shenzhen/images/images/CHNCXR_0129_0.png,2452,2947,OK
Shenzhen,CHNCXR_0354_1.png,data/raw/Shenzhen/images/images/CHNCXR_0354_1.png,2618,2931,OK
Shenzhen,CHNCXR_0191_0.png,data/raw/Shenzhen/images/images/CHNCXR_0191_0.png,3000,2947,OK
Shenzhen,CHNCXR_0228_0.png,data/raw/Shenzhen/images/images/CHNCXR_0228_0.png,1286,1252,OK
Shenzhen,CHNCXR_0484_1.png,data/raw/Shenzhen/images/images/CHNCXR_0484_1.png,2793,2999,OK
Shenzhen,CHNCXR_0620_1.png,data/raw/Shenzhen/images/images/CHNCXR_0620_1.png,2339,2511,OK
Shenzhen,CHNCXR_0599_1.png,data/raw/Shenzhen/images/images/CHNCXR_0599_1.png,3000,2975,OK
Shenzhen,CHNCXR_0564_1.png,data/raw/Shenzhen/images/images/CHNCXR_0564_1.png,3000,2935,OK
Shenzhen,CHNCXR_0521_1.png,data/raw/Shenzhen/images/images/CHNCXR_0521_1.png,2678,2954,OK
Shenzhen,CHNCXR_0034_0.png,data/raw/Shenzhen/images/images/CHNCXR_0034_0.png,2395,2600,OK
Shenzhen,CHNCXR_0071_0.png,data/raw/Shenzhen/images/images/CHNCXR_0071_0.png,2384,2452,OK
Shenzhen,CHNCXR_0377_1.png,data/raw/Shenzhen/images/images/CHNCXR_0377_1.png,2344,2730,OK
Shenzhen,CHNCXR_0332_1.png,data/raw/Shenzhen/images/images/CHNCXR_0332_1.png,2749,2639,OK
Shenzhen,CHNCXR_0502_1.png,data/raw/Shenzhen/images/images/CHNCXR_0502_1.png,2328,2752,OK
Shenzhen,CHNCXR_0547_1.png,data/raw/Shenzhen/images/images/CHNCXR_0547_1.png,2610,2823,OK
Shenzhen,CHNCXR_0052_0.png,data/raw/Shenzhen/images/images/CHNCXR_0052_0.png,2419,2548,OK
Shenzhen,CHNCXR_0017_0.png,data/raw/Shenzhen/images/images/CHNCXR_0017_0.png,2789,2908,OK
Shenzhen,CHNCXR_0603_1.png,data/raw/Shenzhen/images/images/CHNCXR_0603_1.png,2324,2953,OK
Shenzhen,CHNCXR_0646_1.png,data/raw/Shenzhen/images/images/CHNCXR_0646_1.png,3001,2929,OK
Shenzhen,CHNCXR_0316_0.png,data/raw/Shenzhen/images/images/CHNCXR_0316_0.png,2377,2658,OK
Shenzhen,CHNCXR_0092_0.png,data/raw/Shenzhen/images/images/CHNCXR_0092_0.png,2796,2652,OK
Shenzhen,CHNCXR_0587_1.png,data/raw/Shenzhen/images/images/CHNCXR_0587_1.png,2996,2989,OK
Shenzhen,CHNCXR_0467_1.png,data/raw/Shenzhen/images/images/CHNCXR_0467_1.png,2281,2581,OK
Shenzhen,CHNCXR_0422_1.png,data/raw/Shenzhen/images/images/CHNCXR_0422_1.png,3001,2953,OK
Shenzhen,CHNCXR_0137_0.png,data/raw/Shenzhen/images/images/CHNCXR_0137_0.png,3000,2939,OK
Shenzhen,CHNCXR_0172_0.png,data/raw/Shenzhen/images/images/CHNCXR_0172_0.png,2434,2556,OK
Shenzhen,CHNCXR_0236_0.png,data/raw/Shenzhen/images/images/CHNCXR_0236_0.png,2759,2988,OK
Shenzhen,CHNCXR_0273_0.png,data/raw/Shenzhen/images/images/CHNCXR_0273_0.png,2048,2374,OK
Shenzhen,CHNCXR_0212_0.png,data/raw/Shenzhen/images/images/CHNCXR_0212_0.png,2792,2585,OK
Shenzhen,CHNCXR_0257_0.png,data/raw/Shenzhen/images/images/CHNCXR_0257_0.png,2986,2992,OK
Shenzhen,CHNCXR_0393_1.png,data/raw/Shenzhen/images/images/CHNCXR_0393_1.png,2479,2417,OK
Shenzhen,CHNCXR_0113_0.png,data/raw/Shenzhen/images/images/CHNCXR_0113_0.png,2724,2876,OK
Shenzhen,CHNCXR_0156_0.png,data/raw/Shenzhen/images/images/CHNCXR_0156_0.png,2997,2957,OK
Shenzhen,CHNCXR_0443_1.png,data/raw/Shenzhen/images/images/CHNCXR_0443_1.png,2997,2990,OK
Shenzhen,CHNCXR_0406_1.png,data/raw/Shenzhen/images/images/CHNCXR_0406_1.png,2384,2733,OK
Shenzhen,CHNCXR_0353_1.png,data/raw/Shenzhen/images/images/CHNCXR_0353_1.png,2307,2550,OK
Shenzhen,CHNCXR_0297_0.png,data/raw/Shenzhen/images/images/CHNCXR_0297_0.png,1418,1551,OK
Shenzhen,CHNCXR_0483_1.png,data/raw/Shenzhen/images/images/CHNCXR_0483_1.png,3000,2943,OK
Shenzhen,CHNCXR_0196_0.png,data/raw/Shenzhen/images/images/CHNCXR_0196_0.png,2988,2989,OK
Shenzhen,CHNCXR_0627_1.png,data/raw/Shenzhen/images/images/CHNCXR_0627_1.png,2607,2871,OK
Shenzhen,CHNCXR_0662_1.png,data/raw/Shenzhen/images/images/CHNCXR_0662_1.png,2619,2988,OK
Shenzhen,CHNCXR_0076_0.png,data/raw/Shenzhen/images/images/CHNCXR_0076_0.png,1250,1136,OK
Shenzhen,CHNCXR_0033_0.png,data/raw/Shenzhen/images/images/CHNCXR_0033_0.png,3000,2957,OK
Shenzhen,CHNCXR_0526_1.png,data/raw/Shenzhen/images/images/CHNCXR_0526_1.png,2427,2942,OK
Shenzhen,CHNCXR_0563_1.png,data/raw/Shenzhen/images/images/CHNCXR_0563_1.png,2615,2639,OK
Shenzhen,CHNCXR_0194_0.png,data/raw/Shenzhen/images/images/CHNCXR_0194_0.png,2991,2992,OK
Shenzhen,CHNCXR_0481_1.png,data/raw/Shenzhen/images/images/CHNCXR_0481_1.png,3000,2943,OK
Shenzhen,CHNCXR_0268_0.png,data/raw/Shenzhen/images/images/CHNCXR_0268_0.png,2588,2994,OK
Shenzhen,CHNCXR_0439_1.png,data/raw/Shenzhen/images/images/CHNCXR_0439_1.png,2989,2949,OK
Shenzhen,CHNCXR_0295_0.png,data/raw/Shenzhen/images/images/CHNCXR_0295_0.png,2344,2482,OK
Shenzhen,CHNCXR_0169_0.png,data/raw/Shenzhen/images/images/CHNCXR_0169_0.png,1671,1761,OK
Shenzhen,CHNCXR_0351_1.png,data/raw/Shenzhen/images/images/CHNCXR_0351_1.png,3000,2951,OK
Shenzhen,CHNCXR_0524_1.png,data/raw/Shenzhen/images/images/CHNCXR_0524_1.png,2786,2989,OK
Shenzhen,CHNCXR_0561_1.png,data/raw/Shenzhen/images/images/CHNCXR_0561_1.png,2679,2967,OK
Shenzhen,CHNCXR_0074_0.png,data/raw/Shenzhen/images/images/CHNCXR_0074_0.png,1255,989,OK
Shenzhen,CHNCXR_0031_0.png,data/raw/Shenzhen/images/images/CHNCXR_0031_0.png,2989,2939,OK
Shenzhen,CHNCXR_0625_1.png,data/raw/Shenzhen/images/images/CHNCXR_0625_1.png,2350,2841,OK
Shenzhen,CHNCXR_0089_0.png,data/raw/Shenzhen/images/images/CHNCXR_0089_0.png,2674,2685,OK
Shenzhen,CHNCXR_0660_1.png,data/raw/Shenzhen/images/images/CHNCXR_0660_1.png,2997,2933,OK
Shenzhen,CHNCXR_0618_1.png,data/raw/Shenzhen/images/images/CHNCXR_0618_1.png,2268,2427,OK
Shenzhen,CHNCXR_0519_1.png,data/raw/Shenzhen/images/images/CHNCXR_0519_1.png,2411,2732,OK
Shenzhen,CHNCXR_0049_0.png,data/raw/Shenzhen/images/images/CHNCXR_0049_0.png,2996,2931,OK
Shenzhen,CHNCXR_0441_1.png,data/raw/Shenzhen/images/images/CHNCXR_0441_1.png,2631,2974,OK
Shenzhen,CHNCXR_0404_1.png,data/raw/Shenzhen/images/images/CHNCXR_0404_1.png,2460,2926,OK
Shenzhen,CHNCXR_0329_1.png,data/raw/Shenzhen/images/images/CHNCXR_0329_1.png,2383,2303,OK
Shenzhen,CHNCXR_0111_0.png,data/raw/Shenzhen/images/images/CHNCXR_0111_0.png,2609,2489,OK
Shenzhen,CHNCXR_0154_0.png,data/raw/Shenzhen/images/images/CHNCXR_0154_0.png,3000,2943,OK
Shenzhen,CHNCXR_0391_1.png,data/raw/Shenzhen/images/images/CHNCXR_0391_1.png,2227,2611,OK
Shenzhen,CHNCXR_0210_0.png,data/raw/Shenzhen/images/images/CHNCXR_0210_0.png,2988,2990,OK
Shenzhen,CHNCXR_0255_0.png,data/raw/Shenzhen/images/images/CHNCXR_0255_0.png,2600,2930,OK
Shenzhen,CHNCXR_0028_0.png,data/raw/Shenzhen/images/images/CHNCXR_0028_0.png,3000,2941,OK
Shenzhen,CHNCXR_0578_1.png,data/raw/Shenzhen/images/images/CHNCXR_0578_1.png,2903,2990,OK
Shenzhen,CHNCXR_0585_1.png,data/raw/Shenzhen/images/images/CHNCXR_0585_1.png,3001,2988,OK
Shenzhen,CHNCXR_0090_0.png,data/raw/Shenzhen/images/images/CHNCXR_0090_0.png,2786,2931,OK
Shenzhen,CHNCXR_0234_0.png,data/raw/Shenzhen/images/images/CHNCXR_0234_0.png,2992,2992,OK
Shenzhen,CHNCXR_0271_0.png,data/raw/Shenzhen/images/images/CHNCXR_0271_0.png,2989,2995,OK
Shenzhen,CHNCXR_0498_1.png,data/raw/Shenzhen/images/images/CHNCXR_0498_1.png,2495,2854,OK
Shenzhen,CHNCXR_0135_0.png,data/raw/Shenzhen/images/images/CHNCXR_0135_0.png,3000,2949,OK
Shenzhen,CHNCXR_0348_1.png,data/raw/Shenzhen/images/images/CHNCXR_0348_1.png,2485,2787,OK
Shenzhen,CHNCXR_0170_0.png,data/raw/Shenzhen/images/images/CHNCXR_0170_0.png,3000,2953,OK
Shenzhen,CHNCXR_0465_1.png,data/raw/Shenzhen/images/images/CHNCXR_0465_1.png,2713,2792,OK
Shenzhen,CHNCXR_0420_1.png,data/raw/Shenzhen/images/images/CHNCXR_0420_1.png,2844,3000,OK
Shenzhen,CHNCXR_0375_1.png,data/raw/Shenzhen/images/images/CHNCXR_0375_1.png,2990,2995,OK
Shenzhen,CHNCXR_0108_0.png,data/raw/Shenzhen/images/images/CHNCXR_0108_0.png,2897,2953,OK
Shenzhen,CHNCXR_0330_1.png,data/raw/Shenzhen/images/images/CHNCXR_0330_1.png,2632,2787,OK
Shenzhen,CHNCXR_0458_1.png,data/raw/Shenzhen/images/images/CHNCXR_0458_1.png,2744,2955,OK
Shenzhen,CHNCXR_0209_0.png,data/raw/Shenzhen/images/images/CHNCXR_0209_0.png,2991,2982,OK
Shenzhen,CHNCXR_0388_1.png,data/raw/Shenzhen/images/images/CHNCXR_0388_1.png,2773,2925,OK
Shenzhen,CHNCXR_0314_0.png,data/raw/Shenzhen/images/images/CHNCXR_0314_0.png,2689,2955,OK
Shenzhen,CHNCXR_0601_1.png,data/raw/Shenzhen/images/images/CHNCXR_0601_1.png,2698,2988,OK
Shenzhen,CHNCXR_0644_1.png,data/raw/Shenzhen/images/images/CHNCXR_0644_1.png,2300,2248,OK
Shenzhen,CHNCXR_0050_0.png,data/raw/Shenzhen/images/images/CHNCXR_0050_0.png,3000,2947,OK
Shenzhen,CHNCXR_0015_0.png,data/raw/Shenzhen/images/images/CHNCXR_0015_0.png,3000,2941,OK
Shenzhen,CHNCXR_0500_1.png,data/raw/Shenzhen/images/images/CHNCXR_0500_1.png,2346,2751,OK
Shenzhen,CHNCXR_0545_1.png,data/raw/Shenzhen/images/images/CHNCXR_0545_1.png,2674,3001,OK
Shenzhen,CHNCXR_0131_0.png,data/raw/Shenzhen/images/images/CHNCXR_0131_0.png,2600,2994,OK
Shenzhen,CHNCXR_0174_0.png,data/raw/Shenzhen/images/images/CHNCXR_0174_0.png,2585,2970,OK
Shenzhen,CHNCXR_0288_0.png,data/raw/Shenzhen/images/images/CHNCXR_0288_0.png,2324,2940,OK
Shenzhen,CHNCXR_0461_1.png,data/raw/Shenzhen/images/images/CHNCXR_0461_1.png,3000,2939,OK
Shenzhen,CHNCXR_0424_1.png,data/raw/Shenzhen/images/images/CHNCXR_0424_1.png,2980,2944,OK
Shenzhen,CHNCXR_0230_0.png,data/raw/Shenzhen/images/images/CHNCXR_0230_0.png,2993,2989,OK
Shenzhen,CHNCXR_0275_0.png,data/raw/Shenzhen/images/images/CHNCXR_0275_0.png,2992,2994,OK
Shenzhen,CHNCXR_0189_0.png,data/raw/Shenzhen/images/images/CHNCXR_0189_0.png,2478,2758,OK
Shenzhen,CHNCXR_0581_1.png,data/raw/Shenzhen/images/images/CHNCXR_0581_1.png,2550,2829,OK
Shenzhen,CHNCXR_0094_0.png,data/raw/Shenzhen/images/images/CHNCXR_0094_0.png,3000,2945,OK
Shenzhen,CHNCXR_0638_1.png,data/raw/Shenzhen/images/images/CHNCXR_0638_1.png,2400,2503,OK
Shenzhen,CHNCXR_0069_0.png,data/raw/Shenzhen/images/images/CHNCXR_0069_0.png,2631,2406,OK
Shenzhen,CHNCXR_0539_1.png,data/raw/Shenzhen/images/images/CHNCXR_0539_1.png,2520,2905,OK
Shenzhen,CHNCXR_0054_0.png,data/raw/Shenzhen/images/images/CHNCXR_0054_0.png,3000,2933,OK
Shenzhen,CHNCXR_0011_0.png,data/raw/Shenzhen/images/images/CHNCXR_0011_0.png,3000,2921,OK
Shenzhen,CHNCXR_0504_1.png,data/raw/Shenzhen/images/images/CHNCXR_0504_1.png,3000,2965,OK
Shenzhen,CHNCXR_0541_1.png,data/raw/Shenzhen/images/images/CHNCXR_0541_1.png,2658,2977,OK
Shenzhen,CHNCXR_0310_0.png,data/raw/Shenzhen/images/images/CHNCXR_0310_0.png,2301,2278,OK
Shenzhen,CHNCXR_0605_1.png,data/raw/Shenzhen/images/images/CHNCXR_0605_1.png,2410,2962,OK
Shenzhen,CHNCXR_0640_1.png,data/raw/Shenzhen/images/images/CHNCXR_0640_1.png,3000,2937,OK
Shenzhen,CHNCXR_0248_0.png,data/raw/Shenzhen/images/images/CHNCXR_0248_0.png,1285,1468,OK
Shenzhen,CHNCXR_0149_0.png,data/raw/Shenzhen/images/images/CHNCXR_0149_0.png,2993,2995,OK
Shenzhen,CHNCXR_0371_1.png,data/raw/Shenzhen/images/images/CHNCXR_0371_1.png,3000,2945,OK
Shenzhen,CHNCXR_0334_1.png,data/raw/Shenzhen/images/images/CHNCXR_0334_1.png,3000,2925,OK
Shenzhen,CHNCXR_0419_1.png,data/raw/Shenzhen/images/images/CHNCXR_0419_1.png,2477,2954,OK
Shenzhen,CHNCXR_0621_1.png,data/raw/Shenzhen/images/images/CHNCXR_0621_1.png,2584,2630,OK
Shenzhen,CHNCXR_0598_1.png,data/raw/Shenzhen/images/images/CHNCXR_0598_1.png,2221,2179,OK
Shenzhen,CHNCXR_0520_1.png,data/raw/Shenzhen/images/images/CHNCXR_0520_1.png,2997,2981,OK
Shenzhen,CHNCXR_0565_1.png,data/raw/Shenzhen/images/images/CHNCXR_0565_1.png,2532,2228,OK
Shenzhen,CHNCXR_0070_0.png,data/raw/Shenzhen/images/images/CHNCXR_0070_0.png,2486,2617,OK
Shenzhen,CHNCXR_0035_0.png,data/raw/Shenzhen/images/images/CHNCXR_0035_0.png,3000,2933,OK
Shenzhen,CHNCXR_0478_1.png,data/raw/Shenzhen/images/images/CHNCXR_0478_1.png,2556,2365,OK
Shenzhen,CHNCXR_0291_0.png,data/raw/Shenzhen/images/images/CHNCXR_0291_0.png,2403,2449,OK
Shenzhen,CHNCXR_0355_1.png,data/raw/Shenzhen/images/images/CHNCXR_0355_1.png,3001,2967,OK
Shenzhen,CHNCXR_0128_0.png,data/raw/Shenzhen/images/images/CHNCXR_0128_0.png,2991,2992,OK
Shenzhen,CHNCXR_0190_0.png,data/raw/Shenzhen/images/images/CHNCXR_0190_0.png,3000,2933,OK
Shenzhen,CHNCXR_0485_1.png,data/raw/Shenzhen/images/images/CHNCXR_0485_1.png,3000,2945,OK
Shenzhen,CHNCXR_0229_0.png,data/raw/Shenzhen/images/images/CHNCXR_0229_0.png,2982,2992,OK
Shenzhen,CHNCXR_0395_1.png,data/raw/Shenzhen/images/images/CHNCXR_0395_1.png,2715,2904,OK
Shenzhen,CHNCXR_0214_0.png,data/raw/Shenzhen/images/images/CHNCXR_0214_0.png,2627,2750,OK
Shenzhen,CHNCXR_0251_0.png,data/raw/Shenzhen/images/images/CHNCXR_0251_0.png,2501,2537,OK
Shenzhen,CHNCXR_0445_1.png,data/raw/Shenzhen/images/images/CHNCXR_0445_1.png,2996,2989,OK
Shenzhen,CHNCXR_0400_1.png,data/raw/Shenzhen/images/images/CHNCXR_0400_1.png,2710,2750,OK
Shenzhen,CHNCXR_0115_0.png,data/raw/Shenzhen/images/images/CHNCXR_0115_0.png,1225,1149,OK
Shenzhen,CHNCXR_0368_1.png,data/raw/Shenzhen/images/images/CHNCXR_0368_1.png,2039,2400,OK
Shenzhen,CHNCXR_0150_0.png,data/raw/Shenzhen/images/images/CHNCXR_0150_0.png,2730,2941,OK
Shenzhen,CHNCXR_0558_1.png,data/raw/Shenzhen/images/images/CHNCXR_0558_1.png,2537,2986,OK
Shenzhen,CHNCXR_0008_0.png,data/raw/Shenzhen/images/images/CHNCXR_0008_0.png,3000,2937,OK
Shenzhen,CHNCXR_0659_1.png,data/raw/Shenzhen/images/images/CHNCXR_0659_1.png,3001,2989,OK
Shenzhen,CHNCXR_0309_0.png,data/raw/Shenzhen/images/images/CHNCXR_0309_0.png,3000,2915,OK
Shenzhen,CHNCXR_0117_0.png,data/raw/Shenzhen/images/images/CHNCXR_0117_0.png,2521,2959,OK
Shenzhen,CHNCXR_0152_0.png,data/raw/Shenzhen/images/images/CHNCXR_0152_0.png,2512,2638,OK
Shenzhen,CHNCXR_0447_1.png,data/raw/Shenzhen/images/images/CHNCXR_0447_1.png,2630,2958,OK
Shenzhen,CHNCXR_0402_1.png,data/raw/Shenzhen/images/images/CHNCXR_0402_1.png,2610,2948,OK
Shenzhen,CHNCXR_0216_0.png,data/raw/Shenzhen/images/images/CHNCXR_0216_0.png,3000,3001,OK
Shenzhen,CHNCXR_0253_0.png,data/raw/Shenzhen/images/images/CHNCXR_0253_0.png,3000,2939,OK
Shenzhen,CHNCXR_0397_1.png,data/raw/Shenzhen/images/images/CHNCXR_0397_1.png,2537,2788,OK
Shenzhen,CHNCXR_0072_0.png,data/raw/Shenzhen/images/images/CHNCXR_0072_0.png,2733,2731,OK
Shenzhen,CHNCXR_0037_0.png,data/raw/Shenzhen/images/images/CHNCXR_0037_0.png,3000,2963,OK
Shenzhen,CHNCXR_0522_1.png,data/raw/Shenzhen/images/images/CHNCXR_0522_1.png,2659,2988,OK
Shenzhen,CHNCXR_0567_1.png,data/raw/Shenzhen/images/images/CHNCXR_0567_1.png,2995,2986,OK
Shenzhen,CHNCXR_0623_1.png,data/raw/Shenzhen/images/images/CHNCXR_0623_1.png,2238,2554,OK
Shenzhen,CHNCXR_0487_1.png,data/raw/Shenzhen/images/images/CHNCXR_0487_1.png,2991,2947,OK
Shenzhen,CHNCXR_0192_0.png,data/raw/Shenzhen/images/images/CHNCXR_0192_0.png,2992,2989,OK
Shenzhen,CHNCXR_0357_1.png,data/raw/Shenzhen/images/images/CHNCXR_0357_1.png,2849,2921,OK
Shenzhen,CHNCXR_0293_0.png,data/raw/Shenzhen/images/images/CHNCXR_0293_0.png,3000,2949,OK
Shenzhen,CHNCXR_0607_1.png,data/raw/Shenzhen/images/images/CHNCXR_0607_1.png,2997,2987,OK
Shenzhen,CHNCXR_0642_1.png,data/raw/Shenzhen/images/images/CHNCXR_0642_1.png,2110,2568,OK
Shenzhen,CHNCXR_0312_0.png,data/raw/Shenzhen/images/images/CHNCXR_0312_0.png,3000,2935,OK
Shenzhen,CHNCXR_0506_1.png,data/raw/Shenzhen/images/images/CHNCXR_0506_1.png,2621,2945,OK
Shenzhen,CHNCXR_0543_1.png,data/raw/Shenzhen/images/images/CHNCXR_0543_1.png,2607,2572,OK
Shenzhen,CHNCXR_0056_0.png,data/raw/Shenzhen/images/images/CHNCXR_0056_0.png,3000,2947,OK
Shenzhen,CHNCXR_0013_0.png,data/raw/Shenzhen/images/images/CHNCXR_0013_0.png,3000,2937,OK
Shenzhen,CHNCXR_0373_1.png,data/raw/Shenzhen/images/images/CHNCXR_0373_1.png,2638,2833,OK
Shenzhen,CHNCXR_0336_1.png,data/raw/Shenzhen/images/images/CHNCXR_0336_1.png,2472,2742,OK
Shenzhen,CHNCXR_0232_0.png,data/raw/Shenzhen/images/images/CHNCXR_0232_0.png,2988,2993,OK
Shenzhen,CHNCXR_0277_0.png,data/raw/Shenzhen/images/images/CHNCXR_0277_0.png,2609,2979,OK
Shenzhen,CHNCXR_0463_1.png,data/raw/Shenzhen/images/images/CHNCXR_0463_1.png,2571,2914,OK
Shenzhen,CHNCXR_0426_1.png,data/raw/Shenzhen/images/images/CHNCXR_0426_1.png,2540,2813,OK
Shenzhen,CHNCXR_0133_0.png,data/raw/Shenzhen/images/images/CHNCXR_0133_0.png,3000,2953,OK
Shenzhen,CHNCXR_0176_0.png,data/raw/Shenzhen/images/images/CHNCXR_0176_0.png,2987,2929,OK
Shenzhen,CHNCXR_0096_0.png,data/raw/Shenzhen/images/images/CHNCXR_0096_0.png,2119,2080,OK
Shenzhen,CHNCXR_0583_1.png,data/raw/Shenzhen/images/images/CHNCXR_0583_1.png,2996,2977,OK
Montgomery,MCUCXR_0023_0.png,data/raw/Montgomery/images/images/MCUCXR_0023_0.png,4892,4020,OK
Montgomery,MCUCXR_0383_1.png,data/raw/Montgomery/images/images/MCUCXR_0383_1.png,4020,4892,OK
Montgomery,MCUCXR_0103_0.png,data/raw/Montgomery/images/images/MCUCXR_0103_0.png,4892,4020,OK
Montgomery,MCUCXR_0162_1.png,data/raw/Montgomery/images/images/MCUCXR_0162_1.png,4020,4892,OK
Montgomery,MCUCXR_0082_0.png,data/raw/Montgomery/images/images/MCUCXR_0082_0.png,4020,4892,OK
Montgomery,MCUCXR_0042_0.png,data/raw/Montgomery/images/images/MCUCXR_0042_0.png,4892,4020,OK
Montgomery,MCUCXR_0367_1.png,data/raw/Montgomery/images/images/MCUCXR_0367_1.png,4020,4892,OK
Montgomery,MCUCXR_0005_0.png,data/raw/Montgomery/images/images/MCUCXR_0005_0.png,4020,4892,OK
Montgomery,MCUCXR_0040_0.png,data/raw/Montgomery/images/images/MCUCXR_0040_0.png,4020,4892,OK
Montgomery,MCUCXR_0038_0.png,data/raw/Montgomery/images/images/MCUCXR_0038_0.png,4020,4892,OK
Montgomery,MCUCXR_0080_0.png,data/raw/Montgomery/images/images/MCUCXR_0080_0.png,4892,4020,OK
Montgomery,MCUCXR_0144_1.png,data/raw/Montgomery/images/images/MCUCXR_0144_1.png,4020,4892,OK
Montgomery,MCUCXR_0101_0.png,data/raw/Montgomery/images/images/MCUCXR_0101_0.png,4020,4892,OK
Montgomery,MCUCXR_0059_0.png,data/raw/Montgomery/images/images/MCUCXR_0059_0.png,4020,4892,OK
Montgomery,MCUCXR_0021_0.png,data/raw/Montgomery/images/images/MCUCXR_0021_0.png,4020,4892,OK
Montgomery,MCUCXR_0064_0.png,data/raw/Montgomery/images/images/MCUCXR_0064_0.png,4020,4892,OK
Montgomery,MCUCXR_0099_0.png,data/raw/Montgomery/images/images/MCUCXR_0099_0.png,4020,4892,OK
Montgomery,MCUCXR_0258_1.png,data/raw/Montgomery/images/images/MCUCXR_0258_1.png,4020,4892,OK
Montgomery,MCUCXR_0060_0.png,data/raw/Montgomery/images/images/MCUCXR_0060_0.png,4892,4020,OK
Montgomery,MCUCXR_0001_0.png,data/raw/Montgomery/images/images/MCUCXR_0001_0.png,4892,4020,OK
Montgomery,MCUCXR_0044_0.png,data/raw/Montgomery/images/images/MCUCXR_0044_0.png,4020,4892,OK
Montgomery,MCUCXR_0084_0.png,data/raw/Montgomery/images/images/MCUCXR_0084_0.png,4892,4020,OK
Montgomery,MCUCXR_0140_1.png,data/raw/Montgomery/images/images/MCUCXR_0140_1.png,4892,4020,OK
Montgomery,MCUCXR_0079_0.png,data/raw/Montgomery/images/images/MCUCXR_0079_0.png,4892,4020,OK
Montgomery,MCUCXR_0243_1.png,data/raw/Montgomery/images/images/MCUCXR_0243_1.png,4892,4020,OK
Montgomery,MCUCXR_0142_1.png,data/raw/Montgomery/images/images/MCUCXR_0142_1.png,4020,4892,OK
Montgomery,MCUCXR_0086_0.png,data/raw/Montgomery/images/images/MCUCXR_0086_0.png,4020,4892,OK
Montgomery,MCUCXR_0003_0.png,data/raw/Montgomery/images/images/MCUCXR_0003_0.png,4020,4892,OK
Montgomery,MCUCXR_0046_0.png,data/raw/Montgomery/images/images/MCUCXR_0046_0.png,4020,4892,OK
Montgomery,MCUCXR_0182_1.png,data/raw/Montgomery/images/images/MCUCXR_0182_1.png,4892,4020,OK
Montgomery,MCUCXR_0027_0.png,data/raw/Montgomery/images/images/MCUCXR_0027_0.png,4020,4892,OK
Montgomery,MCUCXR_0062_0.png,data/raw/Montgomery/images/images/MCUCXR_0062_0.png,4020,4892,OK
Montgomery,MCUCXR_0166_1.png,data/raw/Montgomery/images/images/MCUCXR_0166_1.png,4020,4892,OK
Montgomery,MCUCXR_0387_1.png,data/raw/Montgomery/images/images/MCUCXR_0387_1.png,4020,4892,OK
Montgomery,MCUCXR_0081_0.png,data/raw/Montgomery/images/images/MCUCXR_0081_0.png,4020,4892,OK
Montgomery,MCUCXR_0399_1.png,data/raw/Montgomery/images/images/MCUCXR_0399_1.png,4020,4892,OK
Montgomery,MCUCXR_0041_0.png,data/raw/Montgomery/images/images/MCUCXR_0041_0.png,4892,4020,OK
Montgomery,MCUCXR_0004_0.png,data/raw/Montgomery/images/images/MCUCXR_0004_0.png,4020,4892,OK
Montgomery,MCUCXR_0218_1.png,data/raw/Montgomery/images/images/MCUCXR_0218_1.png,4020,4892,OK
Montgomery,MCUCXR_0020_0.png,data/raw/Montgomery/images/images/MCUCXR_0020_0.png,4892,4020,OK
Montgomery,MCUCXR_0058_0.png,data/raw/Montgomery/images/images/MCUCXR_0058_0.png,4020,4892,OK
Montgomery,MCUCXR_0338_1.png,data/raw/Montgomery/images/images/MCUCXR_0338_1.png,4020,4892,OK
Montgomery,MCUCXR_0100_0.png,data/raw/Montgomery/images/images/MCUCXR_0100_0.png,4020,4892,OK
Montgomery,MCUCXR_0126_1.png,data/raw/Montgomery/images/images/MCUCXR_0126_1.png,4020,4892,OK
Montgomery,MCUCXR_0102_0.png,data/raw/Montgomery/images/images/MCUCXR_0102_0.png,4892,4020,OK
Montgomery,MCUCXR_0022_0.png,data/raw/Montgomery/images/images/MCUCXR_0022_0.png,4892,4020,OK
Montgomery,MCUCXR_0043_0.png,data/raw/Montgomery/images/images/MCUCXR_0043_0.png,4892,4020,OK
Montgomery,MCUCXR_0006_0.png,data/raw/Montgomery/images/images/MCUCXR_0006_0.png,4892,4020,OK
Montgomery,MCUCXR_0083_0.png,data/raw/Montgomery/images/images/MCUCXR_0083_0.png,4892,4020,OK
Montgomery,MCUCXR_0203_1.png,data/raw/Montgomery/images/images/MCUCXR_0203_1.png,4020,4892,OK
Montgomery,MCUCXR_0282_1.png,data/raw/Montgomery/images/images/MCUCXR_0282_1.png,4020,4892,OK
Montgomery,MCUCXR_0047_0.png,data/raw/Montgomery/images/images/MCUCXR_0047_0.png,4020,4892,OK
Montgomery,MCUCXR_0002_0.png,data/raw/Montgomery/images/images/MCUCXR_0002_0.png,4892,4020,OK
Montgomery,MCUCXR_0362_1.png,data/raw/Montgomery/images/images/MCUCXR_0362_1.png,4020,4892,OK
Montgomery,MCUCXR_0087_0.png,data/raw/Montgomery/images/images/MCUCXR_0087_0.png,4020,4892,OK
Montgomery,MCUCXR_0223_1.png,data/raw/Montgomery/images/images/MCUCXR_0223_1.png,4892,4020,OK
Montgomery,MCUCXR_0266_1.png,data/raw/Montgomery/images/images/MCUCXR_0266_1.png,4020,4892,OK
Montgomery,MCUCXR_0063_0.png,data/raw/Montgomery/images/images/MCUCXR_0063_0.png,4020,4892,OK
Montgomery,MCUCXR_0026_0.png,data/raw/Montgomery/images/images/MCUCXR_0026_0.png,4020,4892,OK
Montgomery,MCUCXR_0061_0.png,data/raw/Montgomery/images/images/MCUCXR_0061_0.png,4892,4020,OK
Montgomery,MCUCXR_0024_0.png,data/raw/Montgomery/images/images/MCUCXR_0024_0.png,4020,4892,OK
Montgomery,MCUCXR_0301_1.png,data/raw/Montgomery/images/images/MCUCXR_0301_1.png,4892,4020,OK
Montgomery,MCUCXR_0019_0.png,data/raw/Montgomery/images/images/MCUCXR_0019_0.png,4020,4892,OK
Montgomery,MCUCXR_0264_1.png,data/raw/Montgomery/images/images/MCUCXR_0264_1.png,4020,4892,OK
Montgomery,MCUCXR_0085_0.png,data/raw/Montgomery/images/images/MCUCXR_0085_0.png,4020,4892,OK
Montgomery,MCUCXR_0104_1.png,data/raw/Montgomery/images/images/MCUCXR_0104_1.png,4020,4892,OK
Montgomery,MCUCXR_0141_1.png,data/raw/Montgomery/images/images/MCUCXR_0141_1.png,4020,4892,OK
Montgomery,MCUCXR_0045_0.png,data/raw/Montgomery/images/images/MCUCXR_0045_0.png,4892,4020,OK
Montgomery,MCUCXR_0049_0.png,data/raw/Montgomery/images/images/MCUCXR_0049_0.png,4020,4892,OK
Montgomery,MCUCXR_0170_1.png,data/raw/Montgomery/images/images/MCUCXR_0170_1.png,4020,4892,OK
Montgomery,MCUCXR_0108_1.png,data/raw/Montgomery/images/images/MCUCXR_0108_1.png,4020,4892,OK
Montgomery,MCUCXR_0089_0.png,data/raw/Montgomery/images/images/MCUCXR_0089_0.png,4892,4020,OK
Montgomery,MCUCXR_0031_0.png,data/raw/Montgomery/images/images/MCUCXR_0031_0.png,4892,4020,OK
Montgomery,MCUCXR_0074_0.png,data/raw/Montgomery/images/images/MCUCXR_0074_0.png,4020,4892,OK
Montgomery,MCUCXR_0375_1.png,data/raw/Montgomery/images/images/MCUCXR_0375_1.png,4020,4892,OK
Montgomery,MCUCXR_0194_1.png,data/raw/Montgomery/images/images/MCUCXR_0194_1.png,4020,4892,OK
Montgomery,MCUCXR_0015_0.png,data/raw/Montgomery/images/images/MCUCXR_0015_0.png,4892,4020,OK
Montgomery,MCUCXR_0090_0.png,data/raw/Montgomery/images/images/MCUCXR_0090_0.png,4892,4020,OK
Montgomery,MCUCXR_0255_1.png,data/raw/Montgomery/images/images/MCUCXR_0255_1.png,4892,4020,OK
Montgomery,MCUCXR_0028_0.png,data/raw/Montgomery/images/images/MCUCXR_0028_0.png,4020,4892,OK
Montgomery,MCUCXR_0348_1.png,data/raw/Montgomery/images/images/MCUCXR_0348_1.png,4892,4020,OK
Montgomery,MCUCXR_0113_1.png,data/raw/Montgomery/images/images/MCUCXR_0113_1.png,4020,4892,OK
Montgomery,MCUCXR_0092_0.png,data/raw/Montgomery/images/images/MCUCXR_0092_0.png,4892,4020,OK
Montgomery,MCUCXR_0017_0.png,data/raw/Montgomery/images/images/MCUCXR_0017_0.png,4892,4020,OK
Montgomery,MCUCXR_0052_0.png,data/raw/Montgomery/images/images/MCUCXR_0052_0.png,4020,4892,OK
Montgomery,MCUCXR_0196_1.png,data/raw/Montgomery/images/images/MCUCXR_0196_1.png,4020,4892,OK
Montgomery,MCUCXR_0316_1.png,data/raw/Montgomery/images/images/MCUCXR_0316_1.png,4020,4892,OK
Montgomery,MCUCXR_0393_1.png,data/raw/Montgomery/images/images/MCUCXR_0393_1.png,4020,4892,OK
Montgomery,MCUCXR_0072_0.png,data/raw/Montgomery/images/images/MCUCXR_0072_0.png,4020,4892,OK
Montgomery,MCUCXR_0117_1.png,data/raw/Montgomery/images/images/MCUCXR_0117_1.png,4020,4892,OK
Montgomery,MCUCXR_0096_0.png,data/raw/Montgomery/images/images/MCUCXR_0096_0.png,4020,4892,OK
Montgomery,MCUCXR_0253_1.png,data/raw/Montgomery/images/images/MCUCXR_0253_1.png,4020,4892,OK
Montgomery,MCUCXR_0013_0.png,data/raw/Montgomery/images/images/MCUCXR_0013_0.png,4892,4020,OK
Montgomery,MCUCXR_0056_0.png,data/raw/Montgomery/images/images/MCUCXR_0056_0.png,4020,4892,OK
Montgomery,MCUCXR_0011_0.png,data/raw/Montgomery/images/images/MCUCXR_0011_0.png,4020,4892,OK
Montgomery,MCUCXR_0054_0.png,data/raw/Montgomery/images/images/MCUCXR_0054_0.png,4020,4892,OK
Montgomery,MCUCXR_0334_1.png,data/raw/Montgomery/images/images/MCUCXR_0334_1.png,4020,4892,OK
Montgomery,MCUCXR_0309_1.png,data/raw/Montgomery/images/images/MCUCXR_0309_1.png,4020,4892,OK
Montgomery,MCUCXR_0069_0.png,data/raw/Montgomery/images/images/MCUCXR_0069_0.png,4020,4892,OK
Montgomery,MCUCXR_0251_1.png,data/raw/Montgomery/images/images/MCUCXR_0251_1.png,4892,4020,OK
Montgomery,MCUCXR_0094_0.png,data/raw/Montgomery/images/images/MCUCXR_0094_0.png,4020,4892,OK
Montgomery,MCUCXR_0150_1.png,data/raw/Montgomery/images/images/MCUCXR_0150_1.png,4020,4892,OK
Montgomery,MCUCXR_0275_1.png,data/raw/Montgomery/images/images/MCUCXR_0275_1.png,4020,4892,OK
Montgomery,MCUCXR_0008_0.png,data/raw/Montgomery/images/images/MCUCXR_0008_0.png,4020,4892,OK
Montgomery,MCUCXR_0035_0.png,data/raw/Montgomery/images/images/MCUCXR_0035_0.png,4020,4892,OK
Montgomery,MCUCXR_0070_0.png,data/raw/Montgomery/images/images/MCUCXR_0070_0.png,4020,4892,OK
Montgomery,MCUCXR_0053_0.png,data/raw/Montgomery/images/images/MCUCXR_0053_0.png,4020,4892,OK
Montgomery,MCUCXR_0016_0.png,data/raw/Montgomery/images/images/MCUCXR_0016_0.png,4892,4020,OK
Montgomery,MCUCXR_0213_1.png,data/raw/Montgomery/images/images/MCUCXR_0213_1.png,4020,4892,OK
Montgomery,MCUCXR_0173_1.png,data/raw/Montgomery/images/images/MCUCXR_0173_1.png,4892,4020,OK
Montgomery,MCUCXR_0077_0.png,data/raw/Montgomery/images/images/MCUCXR_0077_0.png,4892,4020,OK
Montgomery,MCUCXR_0352_1.png,data/raw/Montgomery/images/images/MCUCXR_0352_1.png,4020,4892,OK
Montgomery,MCUCXR_0075_0.png,data/raw/Montgomery/images/images/MCUCXR_0075_0.png,4020,4892,OK
Montgomery,MCUCXR_0030_0.png,data/raw/Montgomery/images/images/MCUCXR_0030_0.png,4892,4020,OK
Montgomery,MCUCXR_0350_1.png,data/raw/Montgomery/images/images/MCUCXR_0350_1.png,4892,4020,OK
Montgomery,MCUCXR_0390_1.png,data/raw/Montgomery/images/images/MCUCXR_0390_1.png,4020,4892,OK
Montgomery,MCUCXR_0048_0.png,data/raw/Montgomery/images/images/MCUCXR_0048_0.png,4020,4892,OK
Montgomery,MCUCXR_0091_0.png,data/raw/Montgomery/images/images/MCUCXR_0091_0.png,4020,4892,OK
Montgomery,MCUCXR_0029_0.png,data/raw/Montgomery/images/images/MCUCXR_0029_0.png,4020,4892,OK
Montgomery,MCUCXR_0254_1.png,data/raw/Montgomery/images/images/MCUCXR_0254_1.png,4020,4892,OK
Montgomery,MCUCXR_0195_1.png,data/raw/Montgomery/images/images/MCUCXR_0195_1.png,4020,4892,OK
Montgomery,MCUCXR_0051_0.png,data/raw/Montgomery/images/images/MCUCXR_0051_0.png,4020,4892,OK
Montgomery,MCUCXR_0294_1.png,data/raw/Montgomery/images/images/MCUCXR_0294_1.png,4020,4892,OK
Montgomery,MCUCXR_0331_1.png,data/raw/Montgomery/images/images/MCUCXR_0331_1.png,4892,4020,OK
Montgomery,MCUCXR_0068_0.png,data/raw/Montgomery/images/images/MCUCXR_0068_0.png,4020,4892,OK
Montgomery,MCUCXR_0095_0.png,data/raw/Montgomery/images/images/MCUCXR_0095_0.png,4892,4020,OK
Montgomery,MCUCXR_0055_0.png,data/raw/Montgomery/images/images/MCUCXR_0055_0.png,4020,4892,OK
Montgomery,MCUCXR_0228_1.png,data/raw/Montgomery/images/images/MCUCXR_0228_1.png,4020,4892,OK
Montgomery,MCUCXR_0354_1.png,data/raw/Montgomery/images/images/MCUCXR_0354_1.png,4892,4020,OK
Montgomery,MCUCXR_0311_1.png,data/raw/Montgomery/images/images/MCUCXR_0311_1.png,4020,4892,OK
Montgomery,MCUCXR_0071_0.png,data/raw/Montgomery/images/images/MCUCXR_0071_0.png,4020,4892,OK
Montgomery,MCUCXR_0289_1.png,data/raw/Montgomery/images/images/MCUCXR_0289_1.png,4020,4892,OK
Montgomery,MCUCXR_0188_1.png,data/raw/Montgomery/images/images/MCUCXR_0188_1.png,4020,4892,OK
Montgomery,MCUCXR_0369_1.png,data/raw/Montgomery/images/images/MCUCXR_0369_1.png,4020,4892,OK
Montgomery,MCUCXR_0313_1.png,data/raw/Montgomery/images/images/MCUCXR_0313_1.png,4020,4892,OK
Montgomery,MCUCXR_0372_1.png,data/raw/Montgomery/images/images/MCUCXR_0372_1.png,4020,4892,OK
Montgomery,MCUCXR_0057_0.png,data/raw/Montgomery/images/images/MCUCXR_0057_0.png,4020,4892,OK
Montgomery,MCUCXR_0097_0.png,data/raw/Montgomery/images/images/MCUCXR_0097_0.png,4020,4892,OK
LungSegmentation704,1186.png,data/raw/LungSegmentation704/image/1186.png,2576,2947,OK
LungSegmentation704,1192.png,data/raw/LungSegmentation704/image/1192.png,2544,2693,OK
LungSegmentation704,1179.png,data/raw/LungSegmentation704/image/1179.png,2039,2400,OK
LungSegmentation704,1145.png,data/raw/LungSegmentation704/image/1145.png,2715,2946,OK
LungSegmentation704,1623.png,data/raw/LungSegmentation704/image/1623.png,4892,4020,OK
LungSegmentation704,1637.png,data/raw/LungSegmentation704/image/1637.png,4892,4020,OK
LungSegmentation704,1151.png,data/raw/LungSegmentation704/image/1151.png,2997,2457,OK
LungSegmentation704,1384.png,data/raw/LungSegmentation704/image/1384.png,3000,2995,OK
LungSegmentation704,1390.png,data/raw/LungSegmentation704/image/1390.png,3000,2931,OK
LungSegmentation704,1409.png,data/raw/LungSegmentation704/image/1409.png,3000,2971,OK
LungSegmentation704,1421.png,data/raw/LungSegmentation704/image/1421.png,2266,2324,OK
LungSegmentation704,1347.png,data/raw/LungSegmentation704/image/1347.png,3000,2949,OK
LungSegmentation704,1353.png,data/raw/LungSegmentation704/image/1353.png,2369,2942,OK
LungSegmentation704,1435.png,data/raw/LungSegmentation704/image/1435.png,2674,3001,OK
LungSegmentation704,1596.png,data/raw/LungSegmentation704/image/1596.png,4020,4892,OK
LungSegmentation704,1582.png,data/raw/LungSegmentation704/image/1582.png,4020,4892,OK
LungSegmentation704,1569.png,data/raw/LungSegmentation704/image/1569.png,4020,4892,OK
LungSegmentation704,1555.png,data/raw/LungSegmentation704/image/1555.png,2609,2991,OK
LungSegmentation704,1233.png,data/raw/LungSegmentation704/image/1233.png,3000,2945,OK
LungSegmentation704,1227.png,data/raw/LungSegmentation704/image/1227.png,2629,2701,OK
LungSegmentation704,1541.png,data/raw/LungSegmentation704/image/1541.png,2676,2988,OK
LungSegmentation704,1019.png,data/raw/LungSegmentation704/image/1019.png,2989,2998,OK
LungSegmentation704,1031.png,data/raw/LungSegmentation704/image/1031.png,3000,2967,OK
LungSegmentation704,1025.png,data/raw/LungSegmentation704/image/1025.png,3000,2947,OK
LungSegmentation704,1024.png,data/raw/LungSegmentation704/image/1024.png,2282,2386,OK
LungSegmentation704,1030.png,data/raw/LungSegmentation704/image/1030.png,2967,2993,OK
LungSegmentation704,1018.png,data/raw/LungSegmentation704/image/1018.png,2628,2976,OK
LungSegmentation704,1226.png,data/raw/LungSegmentation704/image/1226.png,2308,2308,OK
LungSegmentation704,1540.png,data/raw/LungSegmentation704/image/1540.png,3000,2931,OK
LungSegmentation704,1554.png,data/raw/LungSegmentation704/image/1554.png,2617,2838,OK
LungSegmentation704,1232.png,data/raw/LungSegmentation704/image/1232.png,3001,2935,OK
LungSegmentation704,1568.png,data/raw/LungSegmentation704/image/1568.png,4020,4892,OK
LungSegmentation704,1583.png,data/raw/LungSegmentation704/image/1583.png,4892,4020,OK
LungSegmentation704,1597.png,data/raw/LungSegmentation704/image/1597.png,4020,4892,OK
LungSegmentation704,1352.png,data/raw/LungSegmentation704/image/1352.png,3000,2951,OK
LungSegmentation704,1434.png,data/raw/LungSegmentation704/image/1434.png,2991,2992,OK
LungSegmentation704,1420.png,data/raw/LungSegmentation704/image/1420.png,3000,2941,OK
LungSegmentation704,1346.png,data/raw/LungSegmentation704/image/1346.png,2485,2944,OK
LungSegmentation704,1408.png,data/raw/LungSegmentation704/image/1408.png,2612,2771,OK
LungSegmentation704,1391.png,data/raw/LungSegmentation704/image/1391.png,2739,2941,OK
LungSegmentation704,1385.png,data/raw/LungSegmentation704/image/1385.png,3000,2931,OK
LungSegmentation704,1636.png,data/raw/LungSegmentation704/image/1636.png,4892,4020,OK
LungSegmentation704,1150.png,data/raw/LungSegmentation704/image/1150.png,2546,2672,OK
LungSegmentation704,1144.png,data/raw/LungSegmentation704/image/1144.png,2996,2931,OK
LungSegmentation704,1622.png,data/raw/LungSegmentation704/image/1622.png,4020,4892,OK
LungSegmentation704,1178.png,data/raw/LungSegmentation704/image/1178.png,2599,2559,OK
LungSegmentation704,1193.png,data/raw/LungSegmentation704/image/1193.png,3000,2945,OK
LungSegmentation704,1187.png,data/raw/LungSegmentation704/image/1187.png,3000,2949,OK
LungSegmentation704,1191.png,data/raw/LungSegmentation704/image/1191.png,2997,2990,OK
LungSegmentation704,1185.png,data/raw/LungSegmentation704/image/1185.png,3000,2947,OK
LungSegmentation704,1608.png,data/raw/LungSegmentation704/image/1608.png,4892,4020,OK
LungSegmentation704,1152.png,data/raw/LungSegmentation704/image/1152.png,2997,2943,OK
LungSegmentation704,1634.png,data/raw/LungSegmentation704/image/1634.png,4020,4892,OK
LungSegmentation704,1620.png,data/raw/LungSegmentation704/image/1620.png,4892,4020,OK
LungSegmentation704,1146.png,data/raw/LungSegmentation704/image/1146.png,2566,2566,OK
LungSegmentation704,1393.png,data/raw/LungSegmentation704/image/1393.png,2610,2533,OK
LungSegmentation704,1387.png,data/raw/LungSegmentation704/image/1387.png,2383,2488,OK
LungSegmentation704,1378.png,data/raw/LungSegmentation704/image/1378.png,3000,2967,OK
LungSegmentation704,1436.png,data/raw/LungSegmentation704/image/1436.png,2163,2629,OK
LungSegmentation704,1350.png,data/raw/LungSegmentation704/image/1350.png,3000,2931,OK
LungSegmentation704,1344.png,data/raw/LungSegmentation704/image/1344.png,3001,2956,OK
LungSegmentation704,1422.png,data/raw/LungSegmentation704/image/1422.png,3000,2939,OK
LungSegmentation704,1581.png,data/raw/LungSegmentation704/image/1581.png,4020,4892,OK
LungSegmentation704,1595.png,data/raw/LungSegmentation704/image/1595.png,4020,4892,OK
LungSegmentation704,1218.png,data/raw/LungSegmentation704/image/1218.png,2573,2917,OK
LungSegmentation704,1542.png,data/raw/LungSegmentation704/image/1542.png,2525,2493,OK
LungSegmentation704,1224.png,data/raw/LungSegmentation704/image/1224.png,3001,2929,OK
LungSegmentation704,1230.png,data/raw/LungSegmentation704/image/1230.png,2868,2953,OK
LungSegmentation704,1556.png,data/raw/LungSegmentation704/image/1556.png,3000,2953,OK
LungSegmentation704,1026.png,data/raw/LungSegmentation704/image/1026.png,2493,2990,OK
LungSegmentation704,1032.png,data/raw/LungSegmentation704/image/1032.png,3000,2919,OK
LungSegmentation704,1033.png,data/raw/LungSegmentation704/image/1033.png,2994,2946,OK
LungSegmentation704,1027.png,data/raw/LungSegmentation704/image/1027.png,2991,2958,OK
LungSegmentation704,1231.png,data/raw/LungSegmentation704/image/1231.png,2991,2935,OK
LungSegmentation704,1557.png,data/raw/LungSegmentation704/image/1557.png,2464,2928,OK
LungSegmentation704,1543.png,data/raw/LungSegmentation704/image/1543.png,3000,2985,OK
LungSegmentation704,1225.png,data/raw/LungSegmentation704/image/1225.png,2993,2989,OK
LungSegmentation704,1219.png,data/raw/LungSegmentation704/image/1219.png,3000,2939,OK
LungSegmentation704,1594.png,data/raw/LungSegmentation704/image/1594.png,4892,4020,OK
LungSegmentation704,1580.png,data/raw/LungSegmentation704/image/1580.png,4892,4020,OK
LungSegmentation704,1345.png,data/raw/LungSegmentation704/image/1345.png,2238,2554,OK
LungSegmentation704,1423.png,data/raw/LungSegmentation704/image/1423.png,2897,2953,OK
LungSegmentation704,1437.png,data/raw/LungSegmentation704/image/1437.png,2987,2963,OK
LungSegmentation704,1351.png,data/raw/LungSegmentation704/image/1351.png,3000,2919,OK
LungSegmentation704,1379.png,data/raw/LungSegmentation704/image/1379.png,2995,2986,OK
LungSegmentation704,1386.png,data/raw/LungSegmentation704/image/1386.png,3000,2953,OK
LungSegmentation704,1392.png,data/raw/LungSegmentation704/image/1392.png,2997,2987,OK
LungSegmentation704,1621.png,data/raw/LungSegmentation704/image/1621.png,4892,4020,OK
LungSegmentation704,1147.png,data/raw/LungSegmentation704/image/1147.png,2423,2733,OK
LungSegmentation704,1153.png,data/raw/LungSegmentation704/image/1153.png,2330,2418,OK
LungSegmentation704,1635.png,data/raw/LungSegmentation704/image/1635.png,4020,4892,OK
LungSegmentation704,1609.png,data/raw/LungSegmentation704/image/1609.png,4020,4892,OK
LungSegmentation704,1184.png,data/raw/LungSegmentation704/image/1184.png,2383,2303,OK
LungSegmentation704,1190.png,data/raw/LungSegmentation704/image/1190.png,2521,2959,OK
LungSegmentation704,1194.png,data/raw/LungSegmentation704/image/1194.png,3000,2943,OK
LungSegmentation704,1180.png,data/raw/LungSegmentation704/image/1180.png,2989,2939,OK
LungSegmentation704,1631.png,data/raw/LungSegmentation704/image/1631.png,4020,4892,OK
LungSegmentation704,1157.png,data/raw/LungSegmentation704/image/1157.png,2300,2248,OK
LungSegmentation704,1143.png,data/raw/LungSegmentation704/image/1143.png,3000,2925,OK
LungSegmentation704,1625.png,data/raw/LungSegmentation704/image/1625.png,4020,4892,OK
LungSegmentation704,1619.png,data/raw/LungSegmentation704/image/1619.png,4020,4892,OK
LungSegmentation704,1396.png,data/raw/LungSegmentation704/image/1396.png,2415,2804,OK
LungSegmentation704,1382.png,data/raw/LungSegmentation704/image/1382.png,2437,2806,OK
LungSegmentation704,1355.png,data/raw/LungSegmentation704/image/1355.png,2759,2988,OK
LungSegmentation704,1433.png,data/raw/LungSegmentation704/image/1433.png,2316,2582,OK
LungSegmentation704,1427.png,data/raw/LungSegmentation704/image/1427.png,2611,2955,OK
LungSegmentation704,1341.png,data/raw/LungSegmentation704/image/1341.png,2271,2768,OK
LungSegmentation704,1369.png,data/raw/LungSegmentation704/image/1369.png,2464,2304,OK
LungSegmentation704,1584.png,data/raw/LungSegmentation704/image/1584.png,4020,4892,OK
LungSegmentation704,1590.png,data/raw/LungSegmentation704/image/1590.png,4020,4892,OK
LungSegmentation704,1221.png,data/raw/LungSegmentation704/image/1221.png,2536,2854,OK
LungSegmentation704,1547.png,data/raw/LungSegmentation704/image/1547.png,2479,2417,OK
LungSegmentation704,1553.png,data/raw/LungSegmentation704/image/1553.png,3000,2937,OK
LungSegmentation704,1235.png,data/raw/LungSegmentation704/image/1235.png,1936,2205,OK
LungSegmentation704,1209.png,data/raw/LungSegmentation704/image/1209.png,2324,2953,OK
LungSegmentation704,1023.png,data/raw/LungSegmentation704/image/1023.png,2844,3000,OK
LungSegmentation704,1037.png,data/raw/LungSegmentation704/image/1037.png,2399,2952,OK
LungSegmentation704,1036.png,data/raw/LungSegmentation704/image/1036.png,2792,2959,OK
LungSegmentation704,1022.png,data/raw/LungSegmentation704/image/1022.png,2991,2993,OK
LungSegmentation704,1208.png,data/raw/LungSegmentation704/image/1208.png,2370,2843,OK
LungSegmentation704,1552.png,data/raw/LungSegmentation704/image/1552.png,2372,2406,OK
LungSegmentation704,1234.png,data/raw/LungSegmentation704/image/1234.png,2281,2581,OK
LungSegmentation704,1220.png,data/raw/LungSegmentation704/image/1220.png,2504,2530,OK
LungSegmentation704,1546.png,data/raw/LungSegmentation704/image/1546.png,2419,2609,OK
LungSegmentation704,1591.png,data/raw/LungSegmentation704/image/1591.png,4020,4892,OK
LungSegmentation704,1585.png,data/raw/LungSegmentation704/image/1585.png,4020,4892,OK
LungSegmentation704,1368.png,data/raw/LungSegmentation704/image/1368.png,3000,2959,OK
LungSegmentation704,1426.png,data/raw/LungSegmentation704/image/1426.png,3000,2993,OK
LungSegmentation704,1340.png,data/raw/LungSegmentation704/image/1340.png,3000,2949,OK
LungSegmentation704,1354.png,data/raw/LungSegmentation704/image/1354.png,2410,2962,OK
LungSegmentation704,1432.png,data/raw/LungSegmentation704/image/1432.png,2992,2992,OK
LungSegmentation704,1383.png,data/raw/LungSegmentation704/image/1383.png,2107,2521,OK
LungSegmentation704,1397.png,data/raw/LungSegmentation704/image/1397.png,2991,2993,OK
LungSegmentation704,1618.png,data/raw/LungSegmentation704/image/1618.png,4892,4020,OK
LungSegmentation704,1142.png,data/raw/LungSegmentation704/image/1142.png,3000,2941,OK
LungSegmentation704,1624.png,data/raw/LungSegmentation704/image/1624.png,4892,4020,OK
LungSegmentation704,1630.png,data/raw/LungSegmentation704/image/1630.png,4892,4020,OK
LungSegmentation704,1156.png,data/raw/LungSegmentation704/image/1156.png,2365,2889,OK
LungSegmentation704,1181.png,data/raw/LungSegmentation704/image/1181.png,3000,2951,OK
LungSegmentation704,1195.png,data/raw/LungSegmentation704/image/1195.png,2678,2954,OK
LungSegmentation704,1183.png,data/raw/LungSegmentation704/image/1183.png,2389,2677,OK
LungSegmentation704,1197.png,data/raw/LungSegmentation704/image/1197.png,3000,2967,OK
LungSegmentation704,1626.png,data/raw/LungSegmentation704/image/1626.png,4020,4892,OK
LungSegmentation704,1140.png,data/raw/LungSegmentation704/image/1140.png,2339,2511,OK
LungSegmentation704,1154.png,data/raw/LungSegmentation704/image/1154.png,2804,2947,OK
LungSegmentation704,1632.png,data/raw/LungSegmentation704/image/1632.png,4892,4020,OK
LungSegmentation704,1168.png,data/raw/LungSegmentation704/image/1168.png,2983,2967,OK
LungSegmentation704,1381.png,data/raw/LungSegmentation704/image/1381.png,2248,2711,OK
LungSegmentation704,1395.png,data/raw/LungSegmentation704/image/1395.png,2619,2988,OK
LungSegmentation704,1342.png,data/raw/LungSegmentation704/image/1342.png,2599,2896,OK
LungSegmentation704,1424.png,data/raw/LungSegmentation704/image/1424.png,2609,2489,OK
LungSegmentation704,1430.png,data/raw/LungSegmentation704/image/1430.png,3000,2947,OK
LungSegmentation704,1356.png,data/raw/LungSegmentation704/image/1356.png,2350,2841,OK
LungSegmentation704,1418.png,data/raw/LungSegmentation704/image/1418.png,2986,2992,OK
LungSegmentation704,1593.png,data/raw/LungSegmentation704/image/1593.png,4020,4892,OK
LungSegmentation704,1587.png,data/raw/LungSegmentation704/image/1587.png,4892,4020,OK
LungSegmentation704,1236.png,data/raw/LungSegmentation704/image/1236.png,3000,2925,OK
LungSegmentation704,1550.png,data/raw/LungSegmentation704/image/1550.png,2814,2945,OK
LungSegmentation704,1544.png,data/raw/LungSegmentation704/image/1544.png,3000,2939,OK
LungSegmentation704,1222.png,data/raw/LungSegmentation704/image/1222.png,3001,2988,OK
LungSegmentation704,1578.png,data/raw/LungSegmentation704/image/1578.png,4020,4892,OK
LungSegmentation704,1034.png,data/raw/LungSegmentation704/image/1034.png,2276,2622,OK
LungSegmentation704,1020.png,data/raw/LungSegmentation704/image/1020.png,2387,2793,OK
LungSegmentation704,1008.png,data/raw/LungSegmentation704/image/1008.png,2990,2947,OK
LungSegmentation704,1009.png,data/raw/LungSegmentation704/image/1009.png,2435,2620,OK
LungSegmentation704,1021.png,data/raw/LungSegmentation704/image/1021.png,2995,2944,OK
LungSegmentation704,1035.png,data/raw/LungSegmentation704/image/1035.png,2994,2944,OK
LungSegmentation704,1579.png,data/raw/LungSegmentation704/image/1579.png,4020,4892,OK
LungSegmentation704,1545.png,data/raw/LungSegmentation704/image/1545.png,1285,1468,OK
LungSegmentation704,1223.png,data/raw/LungSegmentation704/image/1223.png,2260,2203,OK
LungSegmentation704,1237.png,data/raw/LungSegmentation704/image/1237.png,2234,2525,OK
LungSegmentation704,1551.png,data/raw/LungSegmentation704/image/1551.png,3001,2970,OK
LungSegmentation704,1586.png,data/raw/LungSegmentation704/image/1586.png,4020,4892,OK
LungSegmentation704,1592.png,data/raw/LungSegmentation704/image/1592.png,4020,4892,OK
LungSegmentation704,1419.png,data/raw/LungSegmentation704/image/1419.png,2993,2943,OK
LungSegmentation704,1431.png,data/raw/LungSegmentation704/image/1431.png,3000,2939,OK
LungSegmentation704,1357.png,data/raw/LungSegmentation704/image/1357.png,2401,2334,OK
LungSegmentation704,1343.png,data/raw/LungSegmentation704/image/1343.png,1872,1887,OK
LungSegmentation704,1425.png,data/raw/LungSegmentation704/image/1425.png,2733,2731,OK
LungSegmentation704,1394.png,data/raw/LungSegmentation704/image/1394.png,2235,2465,OK
LungSegmentation704,1380.png,data/raw/LungSegmentation704/image/1380.png,3000,2955,OK
LungSegmentation704,1169.png,data/raw/LungSegmentation704/image/1169.png,2397,2924,OK
LungSegmentation704,1155.png,data/raw/LungSegmentation704/image/1155.png,2581,2688,OK
LungSegmentation704,1633.png,data/raw/LungSegmentation704/image/1633.png,4020,4892,OK
LungSegmentation704,1627.png,data/raw/LungSegmentation704/image/1627.png,4020,4892,OK
LungSegmentation704,1141.png,data/raw/LungSegmentation704/image/1141.png,2996,2989,OK
LungSegmentation704,1196.png,data/raw/LungSegmentation704/image/1196.png,2983,2959,OK
LungSegmentation704,1182.png,data/raw/LungSegmentation704/image/1182.png,2631,2406,OK
LungSegmentation704,1683.png,data/raw/LungSegmentation704/image/1683.png,4892,4020,OK
LungSegmentation704,1697.png,data/raw/LungSegmentation704/image/1697.png,4020,4892,OK
LungSegmentation704,1668.png,data/raw/LungSegmentation704/image/1668.png,4020,4892,OK
LungSegmentation704,1640.png,data/raw/LungSegmentation704/image/1640.png,4020,4892,OK
LungSegmentation704,1126.png,data/raw/LungSegmentation704/image/1126.png,3000,2945,OK
LungSegmentation704,1132.png,data/raw/LungSegmentation704/image/1132.png,3000,2947,OK
LungSegmentation704,1654.png,data/raw/LungSegmentation704/image/1654.png,4892,4020,OK
LungSegmentation704,1481.png,data/raw/LungSegmentation704/image/1481.png,2521,2751,OK
LungSegmentation704,1495.png,data/raw/LungSegmentation704/image/1495.png,2831,2951,OK
LungSegmentation704,1318.png,data/raw/LungSegmentation704/image/1318.png,2985,2931,OK
LungSegmentation704,1324.png,data/raw/LungSegmentation704/image/1324.png,2776,2960,OK
LungSegmentation704,1442.png,data/raw/LungSegmentation704/image/1442.png,3000,2999,OK
LungSegmentation704,1456.png,data/raw/LungSegmentation704/image/1456.png,3000,2947,OK
LungSegmentation704,1330.png,data/raw/LungSegmentation704/image/1330.png,3000,2957,OK
LungSegmentation704,1293.png,data/raw/LungSegmentation704/image/1293.png,3000,2937,OK
LungSegmentation704,1287.png,data/raw/LungSegmentation704/image/1287.png,2734,2933,OK
LungSegmentation704,1278.png,data/raw/LungSegmentation704/image/1278.png,3000,2943,OK
LungSegmentation704,1250.png,data/raw/LungSegmentation704/image/1250.png,2403,2449,OK
LungSegmentation704,1536.png,data/raw/LungSegmentation704/image/1536.png,3000,2949,OK
LungSegmentation704,1522.png,data/raw/LungSegmentation704/image/1522.png,2441,2690,OK
LungSegmentation704,1244.png,data/raw/LungSegmentation704/image/1244.png,1964,2202,OK
LungSegmentation704,1091.png,data/raw/LungSegmentation704/image/1091.png,3001,2942,OK
LungSegmentation704,1085.png,data/raw/LungSegmentation704/image/1085.png,2427,2698,OK
LungSegmentation704,1052.png,data/raw/LungSegmentation704/image/1052.png,2991,2989,OK
LungSegmentation704,1046.png,data/raw/LungSegmentation704/image/1046.png,2384,2733,OK
LungSegmentation704,1047.png,data/raw/LungSegmentation704/image/1047.png,3001,2989,OK
LungSegmentation704,1053.png,data/raw/LungSegmentation704/image/1053.png,3001,2963,OK
LungSegmentation704,1084.png,data/raw/LungSegmentation704/image/1084.png,2324,2344,OK
LungSegmentation704,1090.png,data/raw/LungSegmentation704/image/1090.png,2994,2955,OK
LungSegmentation704,1523.png,data/raw/LungSegmentation704/image/1523.png,2988,2978,OK
LungSegmentation704,1245.png,data/raw/LungSegmentation704/image/1245.png,2529,2786,OK
LungSegmentation704,1251.png,data/raw/LungSegmentation704/image/1251.png,2659,2988,OK
LungSegmentation704,1537.png,data/raw/LungSegmentation704/image/1537.png,3000,2933,OK
LungSegmentation704,1279.png,data/raw/LungSegmentation704/image/1279.png,2450,2977,OK
LungSegmentation704,1286.png,data/raw/LungSegmentation704/image/1286.png,1671,1761,OK
LungSegmentation704,1292.png,data/raw/LungSegmentation704/image/1292.png,2903,2990,OK
LungSegmentation704,1457.png,data/raw/LungSegmentation704/image/1457.png,2744,2955,OK
LungSegmentation704,1331.png,data/raw/LungSegmentation704/image/1331.png,2735,2883,OK
LungSegmentation704,1325.png,data/raw/LungSegmentation704/image/1325.png,2336,2550,OK
LungSegmentation704,1443.png,data/raw/LungSegmentation704/image/1443.png,2709,2639,OK
LungSegmentation704,1319.png,data/raw/LungSegmentation704/image/1319.png,3000,2945,OK
LungSegmentation704,1494.png,data/raw/LungSegmentation704/image/1494.png,2460,2926,OK
LungSegmentation704,1480.png,data/raw/LungSegmentation704/image/1480.png,2693,2953,OK
LungSegmentation704,1133.png,data/raw/LungSegmentation704/image/1133.png,2618,2417,OK
LungSegmentation704,1655.png,data/raw/LungSegmentation704/image/1655.png,4020,4892,OK
LungSegmentation704,1641.png,data/raw/LungSegmentation704/image/1641.png,4892,4020,OK
LungSegmentation704,1127.png,data/raw/LungSegmentation704/image/1127.png,2980,2987,OK
LungSegmentation704,1669.png,data/raw/LungSegmentation704/image/1669.png,4020,4892,OK
LungSegmentation704,1696.png,data/raw/LungSegmentation704/image/1696.png,4020,4892,OK
LungSegmentation704,1682.png,data/raw/LungSegmentation704/image/1682.png,4020,4892,OK
LungSegmentation704,1694.png,data/raw/LungSegmentation704/image/1694.png,4020,4892,OK
LungSegmentation704,1680.png,data/raw/LungSegmentation704/image/1680.png,4020,4892,OK
LungSegmentation704,1119.png,data/raw/LungSegmentation704/image/1119.png,2119,2080,OK
LungSegmentation704,1657.png,data/raw/LungSegmentation704/image/1657.png,4020,4892,OK
LungSegmentation704,1131.png,data/raw/LungSegmentation704/image/1131.png,2715,2904,OK
LungSegmentation704,1125.png,data/raw/LungSegmentation704/image/1125.png,3000,2937,OK
LungSegmentation704,1643.png,data/raw/LungSegmentation704/image/1643.png,4020,4892,OK
LungSegmentation704,1496.png,data/raw/LungSegmentation704/image/1496.png,2272,2283,OK
LungSegmentation704,1482.png,data/raw/LungSegmentation704/image/1482.png,2975,2941,OK
LungSegmentation704,1469.png,data/raw/LungSegmentation704/image/1469.png,2400,2599,OK
LungSegmentation704,1333.png,data/raw/LungSegmentation704/image/1333.png,2486,2617,OK
LungSegmentation704,1455.png,data/raw/LungSegmentation704/image/1455.png,2511,2931,OK
LungSegmentation704,1441.png,data/raw/LungSegmentation704/image/1441.png,3000,2965,OK
LungSegmentation704,1327.png,data/raw/LungSegmentation704/image/1327.png,2646,2992,OK
LungSegmentation704,1284.png,data/raw/LungSegmentation704/image/1284.png,2610,2823,OK
LungSegmentation704,1290.png,data/raw/LungSegmentation704/image/1290.png,2461,2366,OK
LungSegmentation704,1509.png,data/raw/LungSegmentation704/image/1509.png,2057,2283,OK
LungSegmentation704,1247.png,data/raw/LungSegmentation704/image/1247.png,2587,2968,OK
LungSegmentation704,1521.png,data/raw/LungSegmentation704/image/1521.png,2594,2931,OK
LungSegmentation704,1535.png,data/raw/LungSegmentation704/image/1535.png,2545,2691,OK
LungSegmentation704,1253.png,data/raw/LungSegmentation704/image/1253.png,2788,2954,OK
LungSegmentation704,1086.png,data/raw/LungSegmentation704/image/1086.png,2689,2955,OK
LungSegmentation704,1092.png,data/raw/LungSegmentation704/image/1092.png,2738,2977,OK
LungSegmentation704,1079.png,data/raw/LungSegmentation704/image/1079.png,2434,2556,OK
LungSegmentation704,1045.png,data/raw/LungSegmentation704/image/1045.png,3000,2941,OK
LungSegmentation704,1051.png,data/raw/LungSegmentation704/image/1051.png,1615,1772,OK
LungSegmentation704,1050.png,data/raw/LungSegmentation704/image/1050.png,2377,2658,OK
LungSegmentation704,1044.png,data/raw/LungSegmentation704/image/1044.png,2464,2562,OK
LungSegmentation704,1078.png,data/raw/LungSegmentation704/image/1078.png,2990,2990,OK
LungSegmentation704,1093.png,data/raw/LungSegmentation704/image/1093.png,2537,2788,OK
LungSegmentation704,1087.png,data/raw/LungSegmentation704/image/1087.png,1767,2143,OK
LungSegmentation704,1534.png,data/raw/LungSegmentation704/image/1534.png,2533,2416,OK
LungSegmentation704,1252.png,data/raw/LungSegmentation704/image/1252.png,2991,2991,OK
LungSegmentation704,1246.png,data/raw/LungSegmentation704/image/1246.png,2400,2289,OK
LungSegmentation704,1520.png,data/raw/LungSegmentation704/image/1520.png,3000,2975,OK
LungSegmentation704,1508.png,data/raw/LungSegmentation704/image/1508.png,2384,2452,OK
LungSegmentation704,1291.png,data/raw/LungSegmentation704/image/1291.png,2478,2382,OK
LungSegmentation704,1285.png,data/raw/LungSegmentation704/image/1285.png,2996,2989,OK
LungSegmentation704,1440.png,data/raw/LungSegmentation704/image/1440.png,3000,2951,OK
LungSegmentation704,1326.png,data/raw/LungSegmentation704/image/1326.png,3000,2947,OK
LungSegmentation704,1332.png,data/raw/LungSegmentation704/image/1332.png,2987,2929,OK
LungSegmentation704,1454.png,data/raw/LungSegmentation704/image/1454.png,2987,2994,OK
LungSegmentation704,1468.png,data/raw/LungSegmentation704/image/1468.png,3000,2947,OK
LungSegmentation704,1483.png,data/raw/LungSegmentation704/image/1483.png,2491,2868,OK
LungSegmentation704,1497.png,data/raw/LungSegmentation704/image/1497.png,2749,2639,OK
LungSegmentation704,1124.png,data/raw/LungSegmentation704/image/1124.png,2739,2944,OK
LungSegmentation704,1642.png,data/raw/LungSegmentation704/image/1642.png,4020,4892,OK
LungSegmentation704,1656.png,data/raw/LungSegmentation704/image/1656.png,4020,4892,OK
LungSegmentation704,1130.png,data/raw/LungSegmentation704/image/1130.png,2980,2940,OK
LungSegmentation704,1118.png,data/raw/LungSegmentation704/image/1118.png,2400,2503,OK
LungSegmentation704,1681.png,data/raw/LungSegmentation704/image/1681.png,4020,4892,OK
LungSegmentation704,1695.png,data/raw/LungSegmentation704/image/1695.png,4020,4892,OK
LungSegmentation704,1691.png,data/raw/LungSegmentation704/image/1691.png,4020,4892,OK
LungSegmentation704,1685.png,data/raw/LungSegmentation704/image/1685.png,4892,4020,OK
LungSegmentation704,1134.png,data/raw/LungSegmentation704/image/1134.png,3000,2935,OK
LungSegmentation704,1652.png,data/raw/LungSegmentation704/image/1652.png,4020,4892,OK
LungSegmentation704,1646.png,data/raw/LungSegmentation704/image/1646.png,4020,4892,OK
LungSegmentation704,1120.png,data/raw/LungSegmentation704/image/1120.png,2987,2945,OK
LungSegmentation704,1108.png,data/raw/LungSegmentation704/image/1108.png,2725,2987,OK
LungSegmentation704,1493.png,data/raw/LungSegmentation704/image/1493.png,2268,2427,OK
LungSegmentation704,1487.png,data/raw/LungSegmentation704/image/1487.png,3000,2951,OK
LungSegmentation704,1450.png,data/raw/LungSegmentation704/image/1450.png,2493,2957,OK
LungSegmentation704,1336.png,data/raw/LungSegmentation704/image/1336.png,2993,2952,OK
LungSegmentation704,1322.png,data/raw/LungSegmentation704/image/1322.png,2997,2957,OK
LungSegmentation704,1444.png,data/raw/LungSegmentation704/image/1444.png,2572,2722,OK
LungSegmentation704,1478.png,data/raw/LungSegmentation704/image/1478.png,2254,2398,OK
LungSegmentation704,1281.png,data/raw/LungSegmentation704/image/1281.png,2408,2906,OK
LungSegmentation704,1295.png,data/raw/LungSegmentation704/image/1295.png,3000,2949,OK
LungSegmentation704,1524.png,data/raw/LungSegmentation704/image/1524.png,2739,2986,OK
LungSegmentation704,1242.png,data/raw/LungSegmentation704/image/1242.png,2793,2945,OK
LungSegmentation704,1256.png,data/raw/LungSegmentation704/image/1256.png,1233,1110,OK
LungSegmentation704,1530.png,data/raw/LungSegmentation704/image/1530.png,2773,2930,OK
LungSegmentation704,1518.png,data/raw/LungSegmentation704/image/1518.png,3000,2931,OK
LungSegmentation704,1083.png,data/raw/LungSegmentation704/image/1083.png,2743,2989,OK
LungSegmentation704,1097.png,data/raw/LungSegmentation704/image/1097.png,3000,2949,OK
LungSegmentation704,1040.png,data/raw/LungSegmentation704/image/1040.png,2775,2948,OK
LungSegmentation704,1054.png,data/raw/LungSegmentation704/image/1054.png,2458,2808,OK
LungSegmentation704,1068.png,data/raw/LungSegmentation704/image/1068.png,3000,2953,OK
LungSegmentation704,1069.png,data/raw/LungSegmentation704/image/1069.png,3001,2980,OK
LungSegmentation704,1055.png,data/raw/LungSegmentation704/image/1055.png,2989,2949,OK
LungSegmentation704,1041.png,data/raw/LungSegmentation704/image/1041.png,3000,2939,OK
LungSegmentation704,1096.png,data/raw/LungSegmentation704/image/1096.png,2048,2374,OK
LungSegmentation704,1082.png,data/raw/LungSegmentation704/image/1082.png,2356,2506,OK
LungSegmentation704,1519.png,data/raw/LungSegmentation704/image/1519.png,2511,2666,OK
LungSegmentation704,1257.png,data/raw/LungSegmentation704/image/1257.png,2997,2937,OK
LungSegmentation704,1531.png,data/raw/LungSegmentation704/image/1531.png,2631,2974,OK
LungSegmentation704,1525.png,data/raw/LungSegmentation704/image/1525.png,2621,2945,OK
LungSegmentation704,1243.png,data/raw/LungSegmentation704/image/1243.png,2996,2977,OK
LungSegmentation704,1294.png,data/raw/LungSegmentation704/image/1294.png,3000,2937,OK
LungSegmentation704,1280.png,data/raw/LungSegmentation704/image/1280.png,2630,2958,OK
LungSegmentation704,1479.png,data/raw/LungSegmentation704/image/1479.png,2427,2942,OK
LungSegmentation704,1323.png,data/raw/LungSegmentation704/image/1323.png,2609,2979,OK
LungSegmentation704,1445.png,data/raw/LungSegmentation704/image/1445.png,2253,1737,OK
LungSegmentation704,1451.png,data/raw/LungSegmentation704/image/1451.png,3000,2945,OK
LungSegmentation704,1337.png,data/raw/LungSegmentation704/image/1337.png,3000,2937,OK
LungSegmentation704,1486.png,data/raw/LungSegmentation704/image/1486.png,3000,2939,OK
LungSegmentation704,1492.png,data/raw/LungSegmentation704/image/1492.png,3000,2947,OK
LungSegmentation704,1109.png,data/raw/LungSegmentation704/image/1109.png,2988,2995,OK
LungSegmentation704,1647.png,data/raw/LungSegmentation704/image/1647.png,4892,4020,OK
LungSegmentation704,1121.png,data/raw/LungSegmentation704/image/1121.png,2692,2930,OK
LungSegmentation704,1135.png,data/raw/LungSegmentation704/image/1135.png,3000,2945,OK
LungSegmentation704,1653.png,data/raw/LungSegmentation704/image/1653.png,4020,4892,OK
LungSegmentation704,1684.png,data/raw/LungSegmentation704/image/1684.png,4020,4892,OK
LungSegmentation704,1690.png,data/raw/LungSegmentation704/image/1690.png,4020,4892,OK
LungSegmentation704,1686.png,data/raw/LungSegmentation704/image/1686.png,4020,4892,OK
LungSegmentation704,1692.png,data/raw/LungSegmentation704/image/1692.png,4892,4020,OK
LungSegmentation704,1123.png,data/raw/LungSegmentation704/image/1123.png,2519,2988,OK
LungSegmentation704,1645.png,data/raw/LungSegmentation704/image/1645.png,4020,4892,OK
LungSegmentation704,1651.png,data/raw/LungSegmentation704/image/1651.png,4020,4892,OK
LungSegmentation704,1137.png,data/raw/LungSegmentation704/image/1137.png,2301,2278,OK
LungSegmentation704,1679.png,data/raw/LungSegmentation704/image/1679.png,4020,4892,OK
LungSegmentation704,1484.png,data/raw/LungSegmentation704/image/1484.png,2584,2630,OK
LungSegmentation704,1490.png,data/raw/LungSegmentation704/image/1490.png,2306,2320,OK
LungSegmentation704,1447.png,data/raw/LungSegmentation704/image/1447.png,2227,2611,OK
LungSegmentation704,1321.png,data/raw/LungSegmentation704/image/1321.png,3000,2939,OK
LungSegmentation704,1335.png,data/raw/LungSegmentation704/image/1335.png,2588,2994,OK
LungSegmentation704,1453.png,data/raw/LungSegmentation704/image/1453.png,2384,2319,OK
LungSegmentation704,1309.png,data/raw/LungSegmentation704/image/1309.png,3000,2939,OK
LungSegmentation704,1296.png,data/raw/LungSegmentation704/image/1296.png,2993,2990,OK
LungSegmentation704,1282.png,data/raw/LungSegmentation704/image/1282.png,2443,2453,OK
LungSegmentation704,1533.png,data/raw/LungSegmentation704/image/1533.png,2344,2854,OK
LungSegmentation704,1255.png,data/raw/LungSegmentation704/image/1255.png,2996,2999,OK
LungSegmentation704,1241.png,data/raw/LungSegmentation704/image/1241.png,2589,2667,OK
LungSegmentation704,1527.png,data/raw/LungSegmentation704/image/1527.png,3000,2943,OK
LungSegmentation704,1269.png,data/raw/LungSegmentation704/image/1269.png,2713,2792,OK
LungSegmentation704,1094.png,data/raw/LungSegmentation704/image/1094.png,2396,2533,OK
LungSegmentation704,1080.png,data/raw/LungSegmentation704/image/1080.png,2368,2804,OK
LungSegmentation704,1057.png,data/raw/LungSegmentation704/image/1057.png,2497,2588,OK
LungSegmentation704,1043.png,data/raw/LungSegmentation704/image/1043.png,3000,2933,OK
LungSegmentation704,1042.png,data/raw/LungSegmentation704/image/1042.png,3000,2915,OK
LungSegmentation704,1056.png,data/raw/LungSegmentation704/image/1056.png,2573,2493,OK
LungSegmentation704,1081.png,data/raw/LungSegmentation704/image/1081.png,2600,2930,OK
LungSegmentation704,1095.png,data/raw/LungSegmentation704/image/1095.png,3000,2941,OK
LungSegmentation704,1268.png,data/raw/LungSegmentation704/image/1268.png,3000,2939,OK
LungSegmentation704,1240.png,data/raw/LungSegmentation704/image/1240.png,2791,2854,OK
LungSegmentation704,1526.png,data/raw/LungSegmentation704/image/1526.png,3000,2933,OK
LungSegmentation704,1532.png,data/raw/LungSegmentation704/image/1532.png,2730,2941,OK
LungSegmentation704,1254.png,data/raw/LungSegmentation704/image/1254.png,2421,2735,OK
LungSegmentation704,1283.png,data/raw/LungSegmentation704/image/1283.png,3000,2943,OK
LungSegmentation704,1297.png,data/raw/LungSegmentation704/image/1297.png,2985,2935,OK
LungSegmentation704,1308.png,data/raw/LungSegmentation704/image/1308.png,2497,2606,OK
LungSegmentation704,1334.png,data/raw/LungSegmentation704/image/1334.png,2674,2685,OK
LungSegmentation704,1452.png,data/raw/LungSegmentation704/image/1452.png,2566,2903,OK
LungSegmentation704,1446.png,data/raw/LungSegmentation704/image/1446.png,2500,2873,OK
LungSegmentation704,1320.png,data/raw/LungSegmentation704/image/1320.png,2879,2951,OK
LungSegmentation704,1491.png,data/raw/LungSegmentation704/image/1491.png,2516,2603,OK
LungSegmentation704,1485.png,data/raw/LungSegmentation704/image/1485.png,2110,2568,OK
LungSegmentation704,1678.png,data/raw/LungSegmentation704/image/1678.png,4892,4020,OK
LungSegmentation704,1650.png,data/raw/LungSegmentation704/image/1650.png,4020,4892,OK
LungSegmentation704,1136.png,data/raw/LungSegmentation704/image/1136.png,2501,2537,OK
LungSegmentation704,1122.png,data/raw/LungSegmentation704/image/1122.png,2995,2986,OK
LungSegmentation704,1644.png,data/raw/LungSegmentation704/image/1644.png,4020,4892,OK
LungSegmentation704,1693.png,data/raw/LungSegmentation704/image/1693.png,4892,4020,OK
LungSegmentation704,1687.png,data/raw/LungSegmentation704/image/1687.png,4892,4020,OK
LungSegmentation704,1649.png,data/raw/LungSegmentation704/image/1649.png,4020,4892,OK
LungSegmentation704,1661.png,data/raw/LungSegmentation704/image/1661.png,4020,4892,OK
LungSegmentation704,1107.png,data/raw/LungSegmentation704/image/1107.png,3000,2945,OK
LungSegmentation704,1113.png,data/raw/LungSegmentation704/image/1113.png,3000,2939,OK
LungSegmentation704,1675.png,data/raw/LungSegmentation704/image/1675.png,4020,4892,OK
LungSegmentation704,1488.png,data/raw/LungSegmentation704/image/1488.png,2509,2937,OK
LungSegmentation704,1339.png,data/raw/LungSegmentation704/image/1339.png,2987,2933,OK
LungSegmentation704,1305.png,data/raw/LungSegmentation704/image/1305.png,2808,2810,OK
LungSegmentation704,1463.png,data/raw/LungSegmentation704/image/1463.png,2735,2929,OK
LungSegmentation704,1477.png,data/raw/LungSegmentation704/image/1477.png,2452,2947,OK
LungSegmentation704,1311.png,data/raw/LungSegmentation704/image/1311.png,3000,2945,OK
LungSegmentation704,1259.png,data/raw/LungSegmentation704/image/1259.png,2443,2527,OK
LungSegmentation704,1271.png,data/raw/LungSegmentation704/image/1271.png,2096,2549,OK
LungSegmentation704,1517.png,data/raw/LungSegmentation704/image/1517.png,2571,2914,OK
LungSegmentation704,1503.png,data/raw/LungSegmentation704/image/1503.png,2464,2815,OK
LungSegmentation704,1265.png,data/raw/LungSegmentation704/image/1265.png,1225,1149,OK
LungSegmentation704,1098.png,data/raw/LungSegmentation704/image/1098.png,3000,2933,OK
LungSegmentation704,1073.png,data/raw/LungSegmentation704/image/1073.png,2992,2945,OK
LungSegmentation704,1067.png,data/raw/LungSegmentation704/image/1067.png,3000,2949,OK
LungSegmentation704,1701.png,data/raw/LungSegmentation704/image/1701.png,4020,4892,OK
LungSegmentation704,1066.png,data/raw/LungSegmentation704/image/1066.png,2991,2992,OK
LungSegmentation704,1700.png,data/raw/LungSegmentation704/image/1700.png,4020,4892,OK
LungSegmentation704,1072.png,data/raw/LungSegmentation704/image/1072.png,1521,1341,OK
LungSegmentation704,1099.png,data/raw/LungSegmentation704/image/1099.png,2542,2978,OK
LungSegmentation704,1502.png,data/raw/LungSegmentation704/image/1502.png,2495,2608,OK
LungSegmentation704,1264.png,data/raw/LungSegmentation704/image/1264.png,2600,2994,OK
LungSegmentation704,1270.png,data/raw/LungSegmentation704/image/1270.png,3000,2949,OK
LungSegmentation704,1516.png,data/raw/LungSegmentation704/image/1516.png,2411,2732,OK
LungSegmentation704,1258.png,data/raw/LungSegmentation704/image/1258.png,2312,2743,OK
LungSegmentation704,1476.png,data/raw/LungSegmentation704/image/1476.png,1814,2034,OK
LungSegmentation704,1310.png,data/raw/LungSegmentation704/image/1310.png,2761,2894,OK
LungSegmentation704,1304.png,data/raw/LungSegmentation704/image/1304.png,2377,2240,OK
LungSegmentation704,1462.png,data/raw/LungSegmentation704/image/1462.png,2358,2466,OK
LungSegmentation704,1338.png,data/raw/LungSegmentation704/image/1338.png,2689,3001,OK
LungSegmentation704,1489.png,data/raw/LungSegmentation704/image/1489.png,2990,2989,OK
LungSegmentation704,1112.png,data/raw/LungSegmentation704/image/1112.png,2761,2961,OK
LungSegmentation704,1674.png,data/raw/LungSegmentation704/image/1674.png,4020,4892,OK
LungSegmentation704,1660.png,data/raw/LungSegmentation704/image/1660.png,4892,4020,OK
LungSegmentation704,1106.png,data/raw/LungSegmentation704/image/1106.png,2536,2843,OK
LungSegmentation704,1648.png,data/raw/LungSegmentation704/image/1648.png,4020,4892,OK
LungSegmentation704,1689.png,data/raw/LungSegmentation704/image/1689.png,4020,4892,OK
LungSegmentation704,1138.png,data/raw/LungSegmentation704/image/1138.png,3000,2941,OK
LungSegmentation704,1676.png,data/raw/LungSegmentation704/image/1676.png,4020,4892,OK
LungSegmentation704,1110.png,data/raw/LungSegmentation704/image/1110.png,2679,3001,OK
LungSegmentation704,1104.png,data/raw/LungSegmentation704/image/1104.png,2996,2941,OK
LungSegmentation704,1662.png,data/raw/LungSegmentation704/image/1662.png,4020,4892,OK
LungSegmentation704,1448.png,data/raw/LungSegmentation704/image/1448.png,2420,2403,OK
LungSegmentation704,1312.png,data/raw/LungSegmentation704/image/1312.png,3000,2927,OK
LungSegmentation704,1474.png,data/raw/LungSegmentation704/image/1474.png,3000,2935,OK
LungSegmentation704,1460.png,data/raw/LungSegmentation704/image/1460.png,3000,2953,OK
LungSegmentation704,1306.png,data/raw/LungSegmentation704/image/1306.png,3000,2937,OK
LungSegmentation704,1299.png,data/raw/LungSegmentation704/image/1299.png,2991,2994,OK
LungSegmentation704,1528.png,data/raw/LungSegmentation704/image/1528.png,2962,2948,OK
LungSegmentation704,1266.png,data/raw/LungSegmentation704/image/1266.png,3001,2320,OK
LungSegmentation704,1500.png,data/raw/LungSegmentation704/image/1500.png,2460,2788,OK
LungSegmentation704,1514.png,data/raw/LungSegmentation704/image/1514.png,2720,2944,OK
LungSegmentation704,1272.png,data/raw/LungSegmentation704/image/1272.png,2978,2977,OK
LungSegmentation704,1058.png,data/raw/LungSegmentation704/image/1058.png,2607,2871,OK
LungSegmentation704,1702.png,data/raw/LungSegmentation704/image/1702.png,4020,4892,OK
LungSegmentation704,1064.png,data/raw/LungSegmentation704/image/1064.png,2569,2424,OK
LungSegmentation704,1070.png,data/raw/LungSegmentation704/image/1070.png,2407,2388,OK
LungSegmentation704,1071.png,data/raw/LungSegmentation704/image/1071.png,3001,2988,OK
LungSegmentation704,1703.png,data/raw/LungSegmentation704/image/1703.png,4020,4892,OK
LungSegmentation704,1065.png,data/raw/LungSegmentation704/image/1065.png,2760,2555,OK
LungSegmentation704,1059.png,data/raw/LungSegmentation704/image/1059.png,2184,2308,OK
LungSegmentation704,1515.png,data/raw/LungSegmentation704/image/1515.png,3000,2937,OK
LungSegmentation704,1273.png,data/raw/LungSegmentation704/image/1273.png,3000,2943,OK
LungSegmentation704,1267.png,data/raw/LungSegmentation704/image/1267.png,2554,2789,OK
LungSegmentation704,1501.png,data/raw/LungSegmentation704/image/1501.png,3000,2945,OK
LungSegmentation704,1529.png,data/raw/LungSegmentation704/image/1529.png,2406,2970,OK
LungSegmentation704,1298.png,data/raw/LungSegmentation704/image/1298.png,2419,2548,OK
LungSegmentation704,1461.png,data/raw/LungSegmentation704/image/1461.png,3000,2941,OK
LungSegmentation704,1307.png,data/raw/LungSegmentation704/image/1307.png,1418,1551,OK
LungSegmentation704,1313.png,data/raw/LungSegmentation704/image/1313.png,3000,2943,OK
LungSegmentation704,1475.png,data/raw/LungSegmentation704/image/1475.png,2998,2857,OK
LungSegmentation704,1449.png,data/raw/LungSegmentation704/image/1449.png,2598,2795,OK
LungSegmentation704,1105.png,data/raw/LungSegmentation704/image/1105.png,2128,2405,OK
LungSegmentation704,1663.png,data/raw/LungSegmentation704/image/1663.png,4892,4020,OK
LungSegmentation704,1677.png,data/raw/LungSegmentation704/image/1677.png,4892,4020,OK
LungSegmentation704,1111.png,data/raw/LungSegmentation704/image/1111.png,2724,2876,OK
LungSegmentation704,1139.png,data/raw/LungSegmentation704/image/1139.png,2457,2501,OK
LungSegmentation704,1688.png,data/raw/LungSegmentation704/image/1688.png,4892,4020,OK
LungSegmentation704,1698.png,data/raw/LungSegmentation704/image/1698.png,4020,4892,OK
LungSegmentation704,1115.png,data/raw/LungSegmentation704/image/1115.png,2985,2939,OK
LungSegmentation704,1673.png,data/raw/LungSegmentation704/image/1673.png,4020,4892,OK
LungSegmentation704,1667.png,data/raw/LungSegmentation704/image/1667.png,4020,4892,OK
LungSegmentation704,1101.png,data/raw/LungSegmentation704/image/1101.png,2499,2897,OK
LungSegmentation704,1129.png,data/raw/LungSegmentation704/image/1129.png,2646,2690,OK
LungSegmentation704,1471.png,data/raw/LungSegmentation704/image/1471.png,2763,3001,OK
LungSegmentation704,1317.png,data/raw/LungSegmentation704/image/1317.png,3000,2941,OK
LungSegmentation704,1303.png,data/raw/LungSegmentation704/image/1303.png,3000,2945,OK
LungSegmentation704,1465.png,data/raw/LungSegmentation704/image/1465.png,2619,2641,OK
LungSegmentation704,1459.png,data/raw/LungSegmentation704/image/1459.png,2997,2981,OK
LungSegmentation704,1288.png,data/raw/LungSegmentation704/image/1288.png,3001,3001,OK
LungSegmentation704,1505.png,data/raw/LungSegmentation704/image/1505.png,2643,2735,OK
LungSegmentation704,1263.png,data/raw/LungSegmentation704/image/1263.png,2430,2571,OK
LungSegmentation704,1277.png,data/raw/LungSegmentation704/image/1277.png,2989,2951,OK
LungSegmentation704,1511.png,data/raw/LungSegmentation704/image/1511.png,2997,2933,OK
LungSegmentation704,1539.png,data/raw/LungSegmentation704/image/1539.png,2801,2914,OK
LungSegmentation704,1061.png,data/raw/LungSegmentation704/image/1061.png,3000,3001,OK
LungSegmentation704,1075.png,data/raw/LungSegmentation704/image/1075.png,2573,2998,OK
LungSegmentation704,1049.png,data/raw/LungSegmentation704/image/1049.png,2450,2945,OK
LungSegmentation704,1048.png,data/raw/LungSegmentation704/image/1048.png,2699,2927,OK
LungSegmentation704,1074.png,data/raw/LungSegmentation704/image/1074.png,2986,2960,OK
LungSegmentation704,1060.png,data/raw/LungSegmentation704/image/1060.png,2725,2776,OK
LungSegmentation704,1538.png,data/raw/LungSegmentation704/image/1538.png,2607,2572,OK
LungSegmentation704,1276.png,data/raw/LungSegmentation704/image/1276.png,2515,2528,OK
LungSegmentation704,1510.png,data/raw/LungSegmentation704/image/1510.png,2299,2539,OK
LungSegmentation704,1504.png,data/raw/LungSegmentation704/image/1504.png,2710,2750,OK
LungSegmentation704,1262.png,data/raw/LungSegmentation704/image/1262.png,2985,2953,OK
LungSegmentation704,1289.png,data/raw/LungSegmentation704/image/1289.png,2796,2652,OK
LungSegmentation704,1458.png,data/raw/LungSegmentation704/image/1458.png,2423,2804,OK
LungSegmentation704,1302.png,data/raw/LungSegmentation704/image/1302.png,2773,2925,OK
LungSegmentation704,1464.png,data/raw/LungSegmentation704/image/1464.png,2697,2880,OK
LungSegmentation704,1470.png,data/raw/LungSegmentation704/image/1470.png,2599,2567,OK
LungSegmentation704,1316.png,data/raw/LungSegmentation704/image/1316.png,2988,2993,OK
LungSegmentation704,1128.png,data/raw/LungSegmentation704/image/1128.png,2351,2726,OK
LungSegmentation704,1666.png,data/raw/LungSegmentation704/image/1666.png,4892,4020,OK
LungSegmentation704,1100.png,data/raw/LungSegmentation704/image/1100.png,2997,2921,OK
LungSegmentation704,1114.png,data/raw/LungSegmentation704/image/1114.png,2707,2750,OK
LungSegmentation704,1672.png,data/raw/LungSegmentation704/image/1672.png,4020,4892,OK
LungSegmentation704,1699.png,data/raw/LungSegmentation704/image/1699.png,4892,4020,OK
LungSegmentation704,1102.png,data/raw/LungSegmentation704/image/1102.png,2786,2989,OK
LungSegmentation704,1664.png,data/raw/LungSegmentation704/image/1664.png,4020,4892,OK
LungSegmentation704,1670.png,data/raw/LungSegmentation704/image/1670.png,4020,4892,OK
LungSegmentation704,1116.png,data/raw/LungSegmentation704/image/1116.png,2982,2992,OK
LungSegmentation704,1658.png,data/raw/LungSegmentation704/image/1658.png,4020,4892,OK
LungSegmentation704,1499.png,data/raw/LungSegmentation704/image/1499.png,3000,2933,OK
LungSegmentation704,1466.png,data/raw/LungSegmentation704/image/1466.png,2679,2843,OK
LungSegmentation704,1300.png,data/raw/LungSegmentation704/image/1300.png,2989,2995,OK
LungSegmentation704,1314.png,data/raw/LungSegmentation704/image/1314.png,3001,2989,OK
LungSegmentation704,1472.png,data/raw/LungSegmentation704/image/1472.png,2371,2448,OK
LungSegmentation704,1328.png,data/raw/LungSegmentation704/image/1328.png,2549,2710,OK
LungSegmentation704,1512.png,data/raw/LungSegmentation704/image/1512.png,2344,2730,OK
LungSegmentation704,1274.png,data/raw/LungSegmentation704/image/1274.png,2459,2635,OK
LungSegmentation704,1260.png,data/raw/LungSegmentation704/image/1260.png,2550,2829,OK
LungSegmentation704,1506.png,data/raw/LungSegmentation704/image/1506.png,2991,2992,OK
LungSegmentation704,1248.png,data/raw/LungSegmentation704/image/1248.png,2421,2645,OK
LungSegmentation704,1089.png,data/raw/LungSegmentation704/image/1089.png,3000,2949,OK
LungSegmentation704,1076.png,data/raw/LungSegmentation704/image/1076.png,3000,2935,OK
LungSegmentation704,1062.png,data/raw/LungSegmentation704/image/1062.png,3000,2947,OK
LungSegmentation704,1063.png,data/raw/LungSegmentation704/image/1063.png,2324,2940,OK
LungSegmentation704,1077.png,data/raw/LungSegmentation704/image/1077.png,3000,2927,OK
LungSegmentation704,1088.png,data/raw/LungSegmentation704/image/1088.png,2408,2867,OK
LungSegmentation704,1249.png,data/raw/LungSegmentation704/image/1249.png,2972,2943,OK
LungSegmentation704,1261.png,data/raw/LungSegmentation704/image/1261.png,3000,2955,OK
LungSegmentation704,1507.png,data/raw/LungSegmentation704/image/1507.png,2992,2994,OK
LungSegmentation704,1513.png,data/raw/LungSegmentation704/image/1513.png,2772,2937,OK
LungSegmentation704,1275.png,data/raw/LungSegmentation704/image/1275.png,2987,2935,OK
LungSegmentation704,1329.png,data/raw/LungSegmentation704/image/1329.png,2282,2261,OK
LungSegmentation704,1315.png,data/raw/LungSegmentation704/image/1315.png,2851,2954,OK
LungSegmentation704,1473.png,data/raw/LungSegmentation704/image/1473.png,2658,2977,OK
LungSegmentation704,1467.png,data/raw/LungSegmentation704/image/1467.png,3000,2951,OK
LungSegmentation704,1301.png,data/raw/LungSegmentation704/image/1301.png,2604,2968,OK
LungSegmentation704,1498.png,data/raw/LungSegmentation704/image/1498.png,2671,2897,OK
LungSegmentation704,1659.png,data/raw/LungSegmentation704/image/1659.png,4020,4892,OK
LungSegmentation704,1671.png,data/raw/LungSegmentation704/image/1671.png,4020,4892,OK
LungSegmentation704,1117.png,data/raw/LungSegmentation704/image/1117.png,3000,2945,OK
LungSegmentation704,1103.png,data/raw/LungSegmentation704/image/1103.png,2967,3001,OK
LungSegmentation704,1665.png,data/raw/LungSegmentation704/image/1665.png,4020,4892,OK
LungSegmentation704,1158.png,data/raw/LungSegmentation704/image/1158.png,2479,2680,OK
LungSegmentation704,1164.png,data/raw/LungSegmentation704/image/1164.png,3000,2939,OK
LungSegmentation704,1602.png,data/raw/LungSegmentation704/image/1602.png,4020,4892,OK
LungSegmentation704,1616.png,data/raw/LungSegmentation704/image/1616.png,4892,4020,OK
LungSegmentation704,1170.png,data/raw/LungSegmentation704/image/1170.png,2524,2959,OK
LungSegmentation704,1399.png,data/raw/LungSegmentation704/image/1399.png,3000,2927,OK
LungSegmentation704,1428.png,data/raw/LungSegmentation704/image/1428.png,2985,2975,OK
LungSegmentation704,1400.png,data/raw/LungSegmentation704/image/1400.png,3000,2943,OK
LungSegmentation704,1366.png,data/raw/LungSegmentation704/image/1366.png,2632,2868,OK
LungSegmentation704,1372.png,data/raw/LungSegmentation704/image/1372.png,2991,2995,OK
LungSegmentation704,1414.png,data/raw/LungSegmentation704/image/1414.png,2996,2991,OK
LungSegmentation704,1548.png,data/raw/LungSegmentation704/image/1548.png,2331,2581,OK
LungSegmentation704,1574.png,data/raw/LungSegmentation704/image/1574.png,4020,4892,OK
LungSegmentation704,1212.png,data/raw/LungSegmentation704/image/1212.png,2758,2938,OK
LungSegmentation704,1206.png,data/raw/LungSegmentation704/image/1206.png,2452,2694,OK
LungSegmentation704,1560.png,data/raw/LungSegmentation704/image/1560.png,3000,2949,OK
LungSegmentation704,1038.png,data/raw/LungSegmentation704/image/1038.png,3001,2953,OK
LungSegmentation704,1010.png,data/raw/LungSegmentation704/image/1010.png,2628,2987,OK
LungSegmentation704,1004.png,data/raw/LungSegmentation704/image/1004.png,2997,2985,OK
LungSegmentation704,1005.png,data/raw/LungSegmentation704/image/1005.png,3000,2931,OK
LungSegmentation704,1011.png,data/raw/LungSegmentation704/image/1011.png,2238,2946,OK
LungSegmentation704,1039.png,data/raw/LungSegmentation704/image/1039.png,3000,2935,OK
LungSegmentation704,1207.png,data/raw/LungSegmentation704/image/1207.png,2985,2959,OK
LungSegmentation704,1561.png,data/raw/LungSegmentation704/image/1561.png,2613,2595,OK
LungSegmentation704,1575.png,data/raw/LungSegmentation704/image/1575.png,4020,4892,OK
LungSegmentation704,1213.png,data/raw/LungSegmentation704/image/1213.png,1286,1252,OK
LungSegmentation704,1549.png,data/raw/LungSegmentation704/image/1549.png,2357,2461,OK
LungSegmentation704,1373.png,data/raw/LungSegmentation704/image/1373.png,3000,2959,OK
LungSegmentation704,1415.png,data/raw/LungSegmentation704/image/1415.png,2481,2614,OK
LungSegmentation704,1401.png,data/raw/LungSegmentation704/image/1401.png,2419,2562,OK
LungSegmentation704,1367.png,data/raw/LungSegmentation704/image/1367.png,2896,2929,OK
LungSegmentation704,1429.png,data/raw/LungSegmentation704/image/1429.png,2464,2317,OK
LungSegmentation704,1398.png,data/raw/LungSegmentation704/image/1398.png,2205,2009,OK
LungSegmentation704,1617.png,data/raw/LungSegmentation704/image/1617.png,4020,4892,OK
LungSegmentation704,1171.png,data/raw/LungSegmentation704/image/1171.png,2516,2942,OK
LungSegmentation704,1165.png,data/raw/LungSegmentation704/image/1165.png,2991,2995,OK
LungSegmentation704,1603.png,data/raw/LungSegmentation704/image/1603.png,4020,4892,OK
LungSegmentation704,1159.png,data/raw/LungSegmentation704/image/1159.png,2824,2951,OK
LungSegmentation704,1198.png,data/raw/LungSegmentation704/image/1198.png,2560,2614,OK
LungSegmentation704,1629.png,data/raw/LungSegmentation704/image/1629.png,4892,4020,OK
LungSegmentation704,1173.png,data/raw/LungSegmentation704/image/1173.png,2477,2954,OK
LungSegmentation704,1615.png,data/raw/LungSegmentation704/image/1615.png,4892,4020,OK
LungSegmentation704,1601.png,data/raw/LungSegmentation704/image/1601.png,4020,4892,OK
LungSegmentation704,1167.png,data/raw/LungSegmentation704/image/1167.png,2990,2995,OK
LungSegmentation704,1359.png,data/raw/LungSegmentation704/image/1359.png,2704,2948,OK
LungSegmentation704,1417.png,data/raw/LungSegmentation704/image/1417.png,3000,2965,OK
LungSegmentation704,1371.png,data/raw/LungSegmentation704/image/1371.png,2512,2638,OK
LungSegmentation704,1365.png,data/raw/LungSegmentation704/image/1365.png,2493,2684,OK
LungSegmentation704,1403.png,data/raw/LungSegmentation704/image/1403.png,2797,2990,OK
LungSegmentation704,1588.png,data/raw/LungSegmentation704/image/1588.png,4020,4892,OK
LungSegmentation704,1239.png,data/raw/LungSegmentation704/image/1239.png,3000,2943,OK
LungSegmentation704,1563.png,data/raw/LungSegmentation704/image/1563.png,3000,2947,OK
LungSegmentation704,1205.png,data/raw/LungSegmentation704/image/1205.png,2682,2869,OK
LungSegmentation704,1211.png,data/raw/LungSegmentation704/image/1211.png,2540,2813,OK
LungSegmentation704,1577.png,data/raw/LungSegmentation704/image/1577.png,4892,4020,OK
LungSegmentation704,1007.png,data/raw/LungSegmentation704/image/1007.png,2997,2943,OK
LungSegmentation704,1013.png,data/raw/LungSegmentation704/image/1013.png,3001,2977,OK
LungSegmentation704,1012.png,data/raw/LungSegmentation704/image/1012.png,2990,2996,OK
LungSegmentation704,1006.png,data/raw/LungSegmentation704/image/1006.png,2610,2948,OK
LungSegmentation704,1210.png,data/raw/LungSegmentation704/image/1210.png,3000,2937,OK
LungSegmentation704,1576.png,data/raw/LungSegmentation704/image/1576.png,4020,4892,OK
LungSegmentation704,1562.png,data/raw/LungSegmentation704/image/1562.png,2221,2179,OK
LungSegmentation704,1204.png,data/raw/LungSegmentation704/image/1204.png,2520,2905,OK
LungSegmentation704,1238.png,data/raw/LungSegmentation704/image/1238.png,2623,2670,OK
LungSegmentation704,1589.png,data/raw/LungSegmentation704/image/1589.png,4020,4892,OK
LungSegmentation704,1364.png,data/raw/LungSegmentation704/image/1364.png,3000,2933,OK
LungSegmentation704,1402.png,data/raw/LungSegmentation704/image/1402.png,2779,2987,OK
LungSegmentation704,1416.png,data/raw/LungSegmentation704/image/1416.png,3001,2987,OK
LungSegmentation704,1370.png,data/raw/LungSegmentation704/image/1370.png,2786,2931,OK
LungSegmentation704,1358.png,data/raw/LungSegmentation704/image/1358.png,3000,2921,OK
LungSegmentation704,1600.png,data/raw/LungSegmentation704/image/1600.png,4020,4892,OK
LungSegmentation704,1166.png,data/raw/LungSegmentation704/image/1166.png,2488,2818,OK
LungSegmentation704,1172.png,data/raw/LungSegmentation704/image/1172.png,2655,2904,OK
LungSegmentation704,1614.png,data/raw/LungSegmentation704/image/1614.png,4020,4892,OK
LungSegmentation704,1628.png,data/raw/LungSegmentation704/image/1628.png,4020,4892,OK
LungSegmentation704,1199.png,data/raw/LungSegmentation704/image/1199.png,3001,2958,OK
LungSegmentation704,1189.png,data/raw/LungSegmentation704/image/1189.png,2653,2834,OK
LungSegmentation704,1610.png,data/raw/LungSegmentation704/image/1610.png,4892,4020,OK
LungSegmentation704,1176.png,data/raw/LungSegmentation704/image/1176.png,2537,2631,OK
LungSegmentation704,1162.png,data/raw/LungSegmentation704/image/1162.png,3000,2939,OK
LungSegmentation704,1604.png,data/raw/LungSegmentation704/image/1604.png,4892,4020,OK
LungSegmentation704,1638.png,data/raw/LungSegmentation704/image/1638.png,4020,4892,OK
LungSegmentation704,1374.png,data/raw/LungSegmentation704/image/1374.png,2993,2951,OK
LungSegmentation704,1412.png,data/raw/LungSegmentation704/image/1412.png,2997,2933,OK
LungSegmentation704,1406.png,data/raw/LungSegmentation704/image/1406.png,2503,2988,OK
LungSegmentation704,1360.png,data/raw/LungSegmentation704/image/1360.png,3000,2937,OK
LungSegmentation704,1348.png,data/raw/LungSegmentation704/image/1348.png,2524,2743,OK
LungSegmentation704,1599.png,data/raw/LungSegmentation704/image/1599.png,4892,4020,OK
LungSegmentation704,1200.png,data/raw/LungSegmentation704/image/1200.png,2602,2988,OK
LungSegmentation704,1566.png,data/raw/LungSegmentation704/image/1566.png,4020,4892,OK
LungSegmentation704,1572.png,data/raw/LungSegmentation704/image/1572.png,4020,4892,OK
LungSegmentation704,1214.png,data/raw/LungSegmentation704/image/1214.png,2698,2988,OK
LungSegmentation704,1228.png,data/raw/LungSegmentation704/image/1228.png,3000,2945,OK
LungSegmentation704,1002.png,data/raw/LungSegmentation704/image/1002.png,2789,2908,OK
LungSegmentation704,1016.png,data/raw/LungSegmentation704/image/1016.png,2992,2958,OK
LungSegmentation704,1017.png,data/raw/LungSegmentation704/image/1017.png,2996,2988,OK
LungSegmentation704,1003.png,data/raw/LungSegmentation704/image/1003.png,2632,2787,OK
LungSegmentation704,1229.png,data/raw/LungSegmentation704/image/1229.png,2395,2600,OK
LungSegmentation704,1573.png,data/raw/LungSegmentation704/image/1573.png,4020,4892,OK
LungSegmentation704,1215.png,data/raw/LungSegmentation704/image/1215.png,2344,2482,OK
LungSegmentation704,1201.png,data/raw/LungSegmentation704/image/1201.png,2523,2875,OK
LungSegmentation704,1567.png,data/raw/LungSegmentation704/image/1567.png,4020,4892,OK
LungSegmentation704,1598.png,data/raw/LungSegmentation704/image/1598.png,4020,4892,OK
LungSegmentation704,1349.png,data/raw/LungSegmentation704/image/1349.png,2747,2957,OK
LungSegmentation704,1407.png,data/raw/LungSegmentation704/image/1407.png,2498,2481,OK
LungSegmentation704,1361.png,data/raw/LungSegmentation704/image/1361.png,3000,2939,OK
LungSegmentation704,1375.png,data/raw/LungSegmentation704/image/1375.png,2517,2988,OK
LungSegmentation704,1413.png,data/raw/LungSegmentation704/image/1413.png,2993,2945,OK
LungSegmentation704,1639.png,data/raw/LungSegmentation704/image/1639.png,4892,4020,OK
LungSegmentation704,1163.png,data/raw/LungSegmentation704/image/1163.png,2997,2943,OK
LungSegmentation704,1605.png,data/raw/LungSegmentation704/image/1605.png,4892,4020,OK
LungSegmentation704,1611.png,data/raw/LungSegmentation704/image/1611.png,4020,4892,OK
LungSegmentation704,1177.png,data/raw/LungSegmentation704/image/1177.png,3000,2951,OK
LungSegmentation704,1188.png,data/raw/LungSegmentation704/image/1188.png,2991,2993,OK
LungSegmentation704,1607.png,data/raw/LungSegmentation704/image/1607.png,4892,4020,OK
LungSegmentation704,1161.png,data/raw/LungSegmentation704/image/1161.png,3000,2951,OK
LungSegmentation704,1175.png,data/raw/LungSegmentation704/image/1175.png,2556,2365,OK
LungSegmentation704,1613.png,data/raw/LungSegmentation704/image/1613.png,4020,4892,OK
LungSegmentation704,1149.png,data/raw/LungSegmentation704/image/1149.png,3000,2939,OK
LungSegmentation704,1388.png,data/raw/LungSegmentation704/image/1388.png,2227,2066,OK
LungSegmentation704,1363.png,data/raw/LungSegmentation704/image/1363.png,2638,2833,OK
LungSegmentation704,1405.png,data/raw/LungSegmentation704/image/1405.png,2406,2705,OK
LungSegmentation704,1411.png,data/raw/LungSegmentation704/image/1411.png,3000,2951,OK
LungSegmentation704,1377.png,data/raw/LungSegmentation704/image/1377.png,2580,2917,OK
LungSegmentation704,1439.png,data/raw/LungSegmentation704/image/1439.png,2531,2890,OK
LungSegmentation704,1217.png,data/raw/LungSegmentation704/image/1217.png,2202,2460,OK
LungSegmentation704,1571.png,data/raw/LungSegmentation704/image/1571.png,4892,4020,OK
LungSegmentation704,1565.png,data/raw/LungSegmentation704/image/1565.png,2991,2907,OK
LungSegmentation704,1203.png,data/raw/LungSegmentation704/image/1203.png,2387,2730,OK
LungSegmentation704,1559.png,data/raw/LungSegmentation704/image/1559.png,2624,2900,OK
LungSegmentation704,1015.png,data/raw/LungSegmentation704/image/1015.png,3000,2955,OK
LungSegmentation704,1001.png,data/raw/LungSegmentation704/image/1001.png,2989,2943,OK
LungSegmentation704,1029.png,data/raw/LungSegmentation704/image/1029.png,2792,2955,OK
LungSegmentation704,1028.png,data/raw/LungSegmentation704/image/1028.png,2990,3001,OK
LungSegmentation704,1000.png,data/raw/LungSegmentation704/image/1000.png,2993,2995,OK
LungSegmentation704,1014.png,data/raw/LungSegmentation704/image/1014.png,2997,2925,OK
LungSegmentation704,1558.png,data/raw/LungSegmentation704/image/1558.png,3000,2941,OK
LungSegmentation704,1564.png,data/raw/LungSegmentation704/image/1564.png,2585,2970,OK
LungSegmentation704,1202.png,data/raw/LungSegmentation704/image/1202.png,2804,2960,OK
LungSegmentation704,1216.png,data/raw/LungSegmentation704/image/1216.png,2990,2982,OK
LungSegmentation704,1570.png,data/raw/LungSegmentation704/image/1570.png,4020,4892,OK
LungSegmentation704,1438.png,data/raw/LungSegmentation704/image/1438.png,2751,2990,OK
LungSegmentation704,1410.png,data/raw/LungSegmentation704/image/1410.png,2980,2944,OK
LungSegmentation704,1376.png,data/raw/LungSegmentation704/image/1376.png,2537,2986,OK
LungSegmentation704,1362.png,data/raw/LungSegmentation704/image/1362.png,3000,2943,OK
LungSegmentation704,1404.png,data/raw/LungSegmentation704/image/1404.png,1255,989,OK
LungSegmentation704,1389.png,data/raw/LungSegmentation704/image/1389.png,2996,2941,OK
LungSegmentation704,1148.png,data/raw/LungSegmentation704/image/1148.png,1250,1136,OK
LungSegmentation704,1174.png,data/raw/LungSegmentation704/image/1174.png,3000,2951,OK
LungSegmentation704,1612.png,data/raw/LungSegmentation704/image/1612.png,4892,4020,OK
LungSegmentation704,1606.png,data/raw/LungSegmentation704/image/1606.png,4020,4892,OK
LungSegmentation704,1160.png,data/raw/LungSegmentation704/image/1160.png,2992,2994,OK
